Albanijŏ	a l b a ɲ i j ɔ
Albanijŏ	a l b a ɲ i j ɔ w
Andora	a n d ɔ r a
Armynijŏ	a r m ɨ ɲ i j ɔ
Armynijŏ	a r m ɨ ɲ i j ɔ w
Australijŏ	a w s t r a l i j ɔ
Australijŏ	a w s t r a l i j ɔ w
Austrijŏ	a w s t r i j ɔ
Austrijŏ	a w s t r i j ɔ w
Azerbejdżōn	a z ɛ r b ɛ j d͡ʐ o n
Belgijŏ	b ɛ l ɡ i j ɔ
Belgijŏ	b ɛ l ɡ i j ɔ w
Biblijŏ	b i b l i j ɔ
Biblijŏ	b i b l i j ɔ w
Bułgaryjŏ	b u w ɡ a r ɨ j ɔ
Bułgaryjŏ	b u w ɡ a r ɨ j ɔ w
Chorwacyjŏ	x ɔ r v a t͡s ɨ j ɔ
Chorwacyjŏ	x ɔ r v a t͡s ɨ j ɔ w
Cypr	t͡s ɨ p r
Czechy	t͡ʂ ɛ x ɨ
Danijŏ	d a ɲ i j ɔ
Danijŏ	d a ɲ i j ɔ w
Estōnijŏ	ɛ s t o ɲ i j ɔ
Estōnijŏ	ɛ s t o ɲ i j ɔ w
Finlandyjŏ	f i n l a n d ɨ j ɔ
Finlandyjŏ	f i n l a n d ɨ j ɔ w
Francuz	f r a n t͡s u s
Francuzka	f r a n t͡s u s k a
Francyjŏ	f r a n t͡s ɨ j ɔ
Francyjŏ	f r a n t͡s ɨ j ɔ w
Gabōn	ɡ a b o n
Gambijŏ	ɡ a m b i j ɔ
Gambijŏ	ɡ a m b i j ɔ w
Gloc	ɡ l ɔ t͡s
Grecyjŏ	ɡ r ɛ t͡s ɨ j ɔ
Grecyjŏ	ɡ r ɛ t͡s ɨ j ɔ w
Gruzyjŏ	ɡ r u z ɨ j ɔ
Gruzyjŏ	ɡ r u z ɨ j ɔ w
Indōnezyjŏ	i n d o n ɛ z ɨ j ɔ
Indōnezyjŏ	i n d o n ɛ z ɨ j ɔ w
Irlandyjŏ	i r l a n d ɨ j ɔ
Irlandyjŏ	i r l a n d ɨ j ɔ w
Islandyjŏ	i s l a n d ɨ j ɔ
Islandyjŏ	i s l a n d ɨ j ɔ w
Italijŏ	i t a l i j ɔ
Italijŏ	i t a l i j ɔ w
Kamerōn	k a m ɛ r o n
Katalōnijŏ	k a t a l o ɲ i j ɔ
Katalōnijŏ	k a t a l o ɲ i j ɔ w
Kolōmbijŏ	k ɔ l o m b i j ɔ
Kolōmbijŏ	k ɔ l o m b i j ɔ w
Kynijŏ	k ɨ ɲ i j ɔ
Kynijŏ	k ɨ ɲ i j ɔ w
Libijŏ	l i b i j ɔ
Libijŏ	l i b i j ɔ w
Litwa	l i t f a
Luksymburg	l u k s ɨ m b u r k
Madziary	m a d͡ʑ a r ɨ
Miymcy	m j ɨ m t͡s ɨ
Miymiec	m j ɨ m j ɛ t͡s
Mōngolijŏ	m o n ɡ ɔ l i j ɔ
Mōngolijŏ	m o n ɡ ɔ l i j ɔ w
Ojropa	ɔ j r ɔ p a
Polsko	p ɔ l s k ɔ
Polŏk	p ɔ l ɔ k
Polŏk	p ɔ l ɔ w k
Pōnbōczek	p o n b o t͡ʂ ɛ k
Rusyjŏ	r u s ɨ j ɔ
Rusyjŏ	r u s ɨ j ɔ w
Syrbijŏ	s ɨ r b i j ɔ
Syrbijŏ	s ɨ r b i j ɔ w
Syryjŏ	s ɨ r ɨ j ɔ
Syryjŏ	s ɨ r ɨ j ɔ w
Szpanijŏ	ʂ p a ɲ i j ɔ
Szpanijŏ	ʂ p a ɲ i j ɔ w
Słowianin	s w ɔ v j a ɲ i n
Ukrajina	u k r a j i n a
Wikipedyjŏ	v i k i p ɛ d ɨ j ɔ
Wikipedyjŏ	v i k i p ɛ d ɨ j ɔ w
Wilijŏ	v i l i j ɔ
Wilijŏ	v i l i j ɔ w
Yngland	ɨ n ɡ l a n t
Zambijŏ	z a m b i j ɔ
Zambijŏ	z a m b i j ɔ w
Ziymia	ʑ ɨ m j a
abcalować	a p t͡s a l ɔ v a t͡ɕ
abcybilder	a p t͡s ɨ b i l d ɛ r
abcybildrować	a p t͡s ɨ b i l d r ɔ v a t͡ɕ
abfertigować	a b f ɛ r t i ɡ ɔ v a t͡ɕ
abladować	a b l a d ɔ v a t͡ɕ
aby	a b ɨ
afa	a f a
ajchla	a j x l a
ajmer	a j m ɛ r
ajnfachowy	a j n f a x ɔ v ɨ
ajnladować	a j n l a d ɔ v a t͡ɕ
ajnzac	a j n z a t͡s
akcyjŏ	a k t͡s ɨ j ɔ
akcyjŏ	a k t͡s ɨ j ɔ w
al	a l
albański	a l b a ɲ s k i
albo	a l b ɔ
ale	a l ɛ
amajza	a m a j z a
analiza	a n a l i z a
ancug	a n t͡s u k
anfang	a n f a n k
ani	a ɲ i
antrag	a n t r a k
antryj	a n t r ɨ j
aparat	a p a r a t
apluzina	a p l u ʑ i n a
apluzinowy	a p l u ʑ i n ɔ v ɨ
arfa	a r f a
armijŏ	a r m i j ɔ
armijŏ	a r m i j ɔ w
aspōń	a s p o ɲ
asta	a s t a
astrōnōmijŏ	a s t r o n o m i j ɔ
astrōnōmijŏ	a s t r o n o m i j ɔ w
aszynbecher	a ʂ ɨ n b ɛ x ɛ r
atōmowy	a t o m ɔ v ɨ
aufkauf	a w f k a w f
auftrag	a w f t r a k
ausdruk	a w z d r u k
ausflug	a w s f l u k
ausgus	a w z ɡ u s
autōnōmijŏ	a w t o n o m i j ɔ
autōnōmijŏ	a w t o n o m i j ɔ w
aż	a ʂ
bachora	b a x ɔ r a
bachoro	b a x ɔ r ɔ
bachraty	b a x r a t ɨ
bachrocz	b a x r ɔ t͡ʂ
bachrōń	b a x r o ɲ
bachōrz	b a x o ʂ
badehaus	b a d ɛ x a w s
badycimer	b a d ɨ t͡ɕ i m ɛ r
badyhaus	b a d ɨ x a w s
bajsnōńć	b a j s n o ɲ t͡ɕ
bajtel	b a j t ɛ l
bajzel	b a j z ɛ l
bakać	b a k a t͡ɕ
bamber	b a m b ɛ r
banhow	b a n x ɔ f
banować	b a n ɔ v a t͡ɕ
baraba	b a r a b a
bardzij	b a r d͡ʑ i j
bardzo	b a r d͡z ɔ
barz	b a ʂ
barzelisko	b a ʐ ɛ l i s k ɔ
barzina	b a ʐ i n a
barzisko	b a ʐ i s k ɔ
barzo	b a r z ɔ
barzolisko	b a ʐ ɔ l i s k ɔ
barzoły	b a ʐ ɔ w ɨ
barōn	b a r o n
bauer	b a w ɛ r
baukōnszt	b a w k o n ʂ t
bałucha	b a w u x a
becher	b ɛ x ɛ r
bedynter	b ɛ d ɨ n t ɛ r
bergmōn	b ɛ r ɡ m o n
beszōng	b ɛ ʂ o n k
betōng	b ɛ t o n k
bez	b ɛ s
beztydziyń	b ɛ s t ɨ d͡ʑ ɨ ɲ
bezy	b ɛ z ɨ
biedro	b j ɛ d r ɔ
bifyj	b i f ɨ j
biglować	b i ɡ l ɔ v a t͡ɕ
biksa	b i k s a
binder	b i n d ɛ r
bioły	b j ɔ w ɨ
bisagi	b i s a ɡ i
bitwŏ	b i t f ɔ
bitwŏ	b i t f ɔ w
blajsztyft	b l a j ʂ t ɨ f t
blank	b l a n k
blisko	b l i s k ɔ
bluma	b l u m a
blyndować	b l ɨ n d ɔ v a t͡ɕ
bo	b ɔ
bogajstwo	b ɔ ɡ a j s t f ɔ
bogŏcz	b ɔ ɡ ɔ t͡ʂ
bogŏcz	b ɔ ɡ ɔ w t͡ʂ
bojtel	b ɔ j t ɛ l
bojōnczka	b ɔ j o n t͡ʂ k a
borŏk	b ɔ r ɔ k
borŏk	b ɔ r ɔ w k
brak	b r a k
brat	b r a t
bratruła	b r a t r u w a
brauza	b r a w z a
brać	b r a t͡ɕ
brif	b r i f
brifmarka	b r i f m a r k a
briftryjger	b r i f t r ɨ j ɡ ɛ r
brnieć	b r ɲ ɛ t͡ɕ
brukflŏster	b r u k f l ɔ s t ɛ r
brukflŏster	b r u k f l ɔ w s t ɛ r
brusić	b r u ɕ i t͡ɕ
brymza	b r ɨ m z a
brzyg	b ʐ ɨ k
brzymiã	b ʐ ɨ m j ã
brōnny	b r o n n ɨ
buch	b u x
budowa	b u d ɔ v a
budōnek	b u d o n ɛ k
bulić	b u l i t͡ɕ
buzeranctwo	b u z ɛ r a n t͡s t f ɔ
buła	b u w a
by	b ɨ
bymbyn	b ɨ m b ɨ n
byszta	b ɨ ʂ t a
bywać	b ɨ v a t͡ɕ
byzuch	b ɨ z u x
błecha	b w ɛ x a
błynkitny	b w ɨ n k i t n ɨ
bōg	b o k
bōnclŏk	b o n t͡s l ɔ k
bōnclŏk	b o n t͡s l ɔ w k
bŏć	b ɔ t͡ɕ
bŏć	b ɔ w t͡ɕ
cajtōng	t͡s a j t o n k
calować	t͡s a l ɔ v a t͡ɕ
całować	t͡s a w ɔ v a t͡ɕ
całość	t͡s a w ɔ ɕ t͡ɕ
cały	t͡s a w ɨ
celt	t͡s ɛ l t
celynderhut	t͡s ɛ l ɨ n d ɛ r x u t
cena	t͡s ɛ n a
cera	t͡s ɛ r a
chachŏr	x a x ɔ r
chachŏr	x a x ɔ w r
chamera	x a m ɛ r a
charkać	x a r k a t͡ɕ
chcieć	x t͡ɕ ɛ t͡ɕ
chlyb	x l ɨ p
chlyw	x l ɨ f
chmōra	x m o r a
chnet	x n ɛ t
chocia	x ɔ t͡ɕ a
chodnik	x ɔ d ɲ i k
chodzić	x ɔ d͡ʑ i t͡ɕ
chodzynie	x ɔ d͡z ɨ ɲ ɛ
chop	x ɔ p
chopiec	x ɔ p j ɛ t͡s
choroba	x ɔ r ɔ b a
chory	x ɔ r ɨ
chować	x ɔ v a t͡ɕ
choć	x ɔ t͡ɕ
choćby	x ɔ d͡ʑ b ɨ
chrobŏk	x r ɔ b ɔ k
chrobŏk	x r ɔ b ɔ w k
chrostŏk	x r ɔ s t ɔ k
chrostŏk	x r ɔ s t ɔ w k
chto	x t ɔ
chwila	x f i l a
chwŏlidło	x f ɔ l i d w ɔ
chwŏlidło	x f ɔ w l i d w ɔ
chyba	x ɨ b a
chymijŏ	x ɨ m i j ɔ
chymijŏ	x ɨ m i j ɔ w
chyntliwy	x ɨ n t l i v ɨ
chyrtōń	x ɨ r t o ɲ
chytać	x ɨ t a t͡ɕ
chyńć	x ɨ ɲ t͡ɕ
chyża	x ɨ ʐ a
chłop	x w ɔ p
chōd	x o t
ciało	t͡ɕ a w ɔ
cichtować	t͡s i x t ɔ v a t͡ɕ
ciekawy	t͡ɕ ɛ k a v ɨ
cielã	t͡ɕ ɛ l ã
ciepać	t͡ɕ ɛ p a t͡ɕ
ciga	t͡ɕ i ɡ a
ciszyna	t͡ɕ i ʂ ɨ n a
citrōna	t͡ɕ i t r o n a
ciyc	t͡ɕ ɨ t͡s
ciynki	t͡ɕ ɨ n k i
ciynżki	t͡ɕ ɨ n ʂ k i
ciōng	t͡ɕ o n k
ciōngnōńć	t͡ɕ o n ɡ n o ɲ t͡ɕ
ciōńć	t͡ɕ o ɲ t͡ɕ
ciś	t͡ɕ i ɕ
co	t͡s ɔ
corŏz	t͡s ɔ r ɔ s
corŏz	t͡s ɔ r ɔ w s
cołki	t͡s ɔ w k i
coś	t͡s ɔ ɕ
cuchthaus	t͡s u x t x a w s
cufal	t͡s u f a l
cufalny	t͡s u f a l n ɨ
cwek	t͡s f ɛ k
cwiter	t͡s f i t ɛ r
cyl	t͡s ɨ l
cysŏrz	t͡s ɨ s ɔ w ʂ
cysŏrz	t͡s ɨ s ɔ ʂ
czas	t͡ʂ a s
czasym	t͡ʂ a s ɨ m
czekać	t͡ʂ ɛ k a t͡ɕ
czi	t͡ʂ i
czisty	t͡ʂ i s t ɨ
czowiek	t͡ʂ ɔ v j ɛ k
czoło	t͡ʂ ɔ w ɔ
czuć	t͡ʂ u t͡ɕ
czy	t͡ʂ ɨ
czyli	t͡ʂ ɨ l i
czynsto	t͡ʂ ɨ n s t ɔ
czynsty	t͡ʂ ɨ n s t ɨ
czyrwōny	t͡ʂ ɨ r v o n ɨ
czytać	t͡ʂ ɨ t a t͡ɕ
czytmorz	t͡ʂ ɨ t m ɔ ʂ
czyńścij	t͡ʂ ɨ ɲ ɕ t͡ɕ i j
czyńść	t͡ʂ ɨ ɲ ɕ t͡ɕ
człowiek	t͡ʂ w ɔ v j ɛ k
człōnek	t͡ʂ w o n ɛ k
czŏrny	t͡ʂ ɔ r n ɨ
czŏrny	t͡ʂ ɔ w r n ɨ
cōż	t͡s o ʂ
daleki	d a l ɛ k i
daleko	d a l ɛ k ɔ
dalij	d a l i j
danga	d a n ɡ a
dać	d a t͡ɕ
dinst	d i n s t
diŏboł	d j ɔ b ɔ w
diŏboł	d j ɔ w b ɔ w
dlō	d l o
dlŏ	d l ɔ
dlŏ	d l ɔ w
do	d ɔ
dobry	d ɔ b r ɨ
dobrze	d ɔ b ʐ ɛ
dodać	d ɔ d a t͡ɕ
dojzdrzały	d ɔ j z d ʐ a w ɨ
doległość	d ɔ l ɛ ɡ w ɔ ɕ t͡ɕ
dolmeczer	d ɔ l m ɛ t͡ʂ ɛ r
dopiyro	d ɔ p j ɨ r ɔ
dopytać	d ɔ p ɨ t a t͡ɕ
dostympny	d ɔ s t ɨ m p n ɨ
dowiedzieć	d ɔ v j ɛ d͡ʑ ɛ t͡ɕ
dowōd	d ɔ v o t
dość	d ɔ ɕ t͡ɕ
drabka	d r a p k a
drach	d r a x
drobny	d r ɔ b n ɨ
drogi	d r ɔ ɡ i
drugi	d r u ɡ i
drzewo	d ʐ ɛ v ɔ
drzistać	d ʐ i s t a t͡ɕ
drzwi	d ʐ v i
drzyń	d ʐ ɨ ɲ
drōga	d r o ɡ a
drōgã	d r o ɡ ã
dugi	d u ɡ i
dugość	d u ɡ ɔ ɕ t͡ɕ
durch	d u r x
durś	d u r ɕ
dużo	d u ʐ ɔ
duży	d u ʐ ɨ
dwa	d v a
dy	d ɨ
dycha	d ɨ x a
dynga	d ɨ n ɡ a
dynkmal	d ɨ n k m a l
dyrgać	d ɨ r ɡ a t͡ɕ
dyskusyjŏ	d ɨ s k u s ɨ j ɔ
dyskusyjŏ	d ɨ s k u s ɨ j ɔ w
dyszcz	d ɨ ʂ t͡ʂ
dyć	d ɨ t͡ɕ
działanie	d͡ʑ a w a ɲ ɛ
działać	d͡ʑ a w a t͡ɕ
dzie	d͡ʑ ɛ
dziechcioł	d͡ʑ ɛ x t͡ɕ ɔ w
dziecko	d͡ʑ ɛ t͡s k ɔ
dziedzina	d͡ʑ ɛ d͡ʑ i n a
dziesiyńć	d͡ʑ ɛ ɕ ɨ ɲ t͡ɕ
dziesiōnty	d͡ʑ ɛ ɕ o n t ɨ
dzieucha	d͡ʑ ɛ w x a
dziewiytnŏsty	d͡ʑ ɛ v j ɨ t n ɔ s t ɨ
dziewiytnŏsty	d͡ʑ ɛ v j ɨ t n ɔ w s t ɨ
dziewiyńć	d͡ʑ ɛ v j ɨ ɲ t͡ɕ
dziewiōnty	d͡ʑ ɛ v j o n t ɨ
dzieło	d͡ʑ ɛ w ɔ
dziełucha	d͡ʑ ɛ w u x a
dziołcha	d͡ʑ ɔ w x a
dzisiej	d͡ʑ i ɕ ɛ j
dzisiejszy	d͡ʑ i ɕ ɛ j ʂ ɨ
dzisio	d͡ʑ i ɕ ɔ
dzisioj	d͡ʑ i ɕ ɔ j
dziurdziuch	d͡ʑ u r d͡ʑ u x
dziwny	d͡ʑ i v n ɨ
dziwoki	d͡ʑ i v ɔ k i
dziycio	d͡ʑ ɨ t͡ɕ ɔ
dziyndzioł	d͡ʑ ɨ n d͡ʑ ɔ w
dziynki	d͡ʑ ɨ n k i
dziynkować	d͡ʑ ɨ n k ɔ v a t͡ɕ
dziyń	d͡ʑ ɨ ɲ
dziŏć	d͡ʑ ɔ t͡ɕ
dziŏć	d͡ʑ ɔ w t͡ɕ
dziś	d͡ʑ i ɕ
dō	d o
dōm	d o m
dōmb	d o m p
dŏchtōr	d ɔ w x t o r
dŏchtōr	d ɔ x t o r
dŏwać	d ɔ v a t͡ɕ
dŏwać	d ɔ w v a t͡ɕ
dŏwno	d ɔ v n ɔ
dŏwno	d ɔ w v n ɔ
dŏwny	d ɔ v n ɨ
dŏwny	d ɔ w v n ɨ
dźwiyrze	d͡ʑ v j ɨ ʐ ɛ
ejźli	ɛ j ʑ l i
eli	ɛ l i
elwer	ɛ l v ɛ r
erbizna	ɛ r b i z n a
erbować	ɛ r b ɔ v a t͡ɕ
erbowizna	ɛ r b ɔ v i z n a
erc	ɛ r t͡s
eźli	ɛ ʑ l i
fabryka	f a b r ɨ k a
fachlować	f a x l ɔ v a t͡ɕ
fajer	f a j ɛ r
fajla	f a j l a
fajlować	f a j l ɔ v a t͡ɕ
fajrować	f a j r ɔ v a t͡ɕ
fakt	f a k t
fana	f a n a
fanga	f a n ɡ a
farŏrz	f a r ɔ w ʂ
farŏrz	f a r ɔ ʂ
faska	f a s k a
fater	f a t ɛ r
fazan	f a z a n
fecher	f ɛ x ɛ r
fest	f ɛ s t
festelny	f ɛ s t ɛ l n ɨ
festōng	f ɛ s t o n k
film	f i l m
filować	f i l ɔ v a t͡ɕ
flama	f l a m a
flancować	f l a n t͡s ɔ v a t͡ɕ
flekować	f l ɛ k ɔ v a t͡ɕ
flider	f l i d ɛ r
flidrowy	f l i d r ɔ v ɨ
fliga	f l i ɡ a
fliger	f l i ɡ ɛ r
flikować	f l i k ɔ v a t͡ɕ
flyjger	f l ɨ j ɡ ɛ r
flyjgować	f l ɨ j ɡ ɔ v a t͡ɕ
fojercojg	f ɔ j ɛ r t͡s ɔ j k
fojermōn	f ɔ j ɛ r m o n
fojerwera	f ɔ j ɛ r v ɛ r a
forbaj	f ɔ r b a j
forma	f ɔ r m a
forsztelować	f ɔ r ʂ t ɛ l ɔ v a t͡ɕ
francuski	f r a n t͡s u s k i
frechowny	f r ɛ x ɔ v n ɨ
frela	f r ɛ l a
frōnt	f r o n t
fto	f t ɔ
ftoś	f t ɔ ɕ
fukać	f u k a t͡ɕ
funkcyjŏ	f u n k t͡s ɨ j ɔ
funkcyjŏ	f u n k t͡s ɨ j ɔ w
furgać	f u r ɡ a t͡ɕ
furgocz	f u r ɡ ɔ t͡ʂ
futerszpajcher	f u t ɛ r ʂ p a j x ɛ r
futrować	f u t r ɔ v a t͡ɕ
fuzekla	f u z ɛ k l a
fyjder	f ɨ j d ɛ r
fyjderbiksa	f ɨ j d ɛ r b i k s a
fynsterbret	f ɨ n s t ɛ r b r ɛ t
fyrzich	f ɨ r z i x
fyszt	f ɨ ʂ t
fōndusz	f o n d u ʂ
fōngować	f o n ɡ ɔ v a t͡ɕ
fōns	f o n s
fŏter	f ɔ t ɛ r
fŏter	f ɔ w t ɛ r
gabla	ɡ a b l a
gacić	ɡ a t͡ɕ i t͡ɕ
gacopiyrz	ɡ a t͡s ɔ p j ɨ ʂ
gadzina	ɡ a d͡ʑ i n a
galoty	ɡ a l ɔ t ɨ
garcorz	ɡ a r t͡s ɔ ʂ
gardina	ɡ a r d i n a
gasthaus	ɡ a s t x a w s
gatōnek	ɡ a t o n ɛ k
gaz	ɡ a s
gazeta	ɡ a z ɛ t a
gazyta	ɡ a z ɨ t a
gazytã	ɡ a z ɨ t ã
gańba	ɡ a ɲ b a
gdo	ɡ d ɔ
gdy	ɡ d ɨ
gdyby	ɡ d ɨ b ɨ
gdzie	ɡ d͡ʑ ɛ
gelender	ɡ ɛ l ɛ n d ɛ r
gelynder	ɡ ɛ l ɨ n d ɛ r
gibki	ɡ i p k i
gid	ɡ i t
gipsdeka	ɡ i b z d ɛ k a
gizd	ɡ i s t
glajza	ɡ l a j z a
glashaus	ɡ l a s x a w s
glazyjka	ɡ l a z ɨ j k a
gniŏzdo	ɡ ɲ ɔ w z d ɔ
gniŏzdo	ɡ ɲ ɔ z d ɔ
gnŏt	ɡ n ɔ t
gnŏt	ɡ n ɔ w t
godzina	ɡ ɔ d͡ʑ i n a
godziniorz	ɡ ɔ d͡ʑ i ɲ ɔ ʂ
godzinki	ɡ ɔ d͡ʑ i n k i
godziny	ɡ ɔ d͡ʑ i n ɨ
goreć	ɡ ɔ r ɛ t͡ɕ
gorki	ɡ ɔ r k i
gorski	ɡ ɔ r s k i
gorzoła	ɡ ɔ ʐ ɔ w a
gorzołka	ɡ ɔ ʐ ɔ w k a
gorŏl	ɡ ɔ r ɔ l
gorŏl	ɡ ɔ r ɔ w l
gorŏlka	ɡ ɔ r ɔ l k a
gorŏlka	ɡ ɔ r ɔ w l k a
gospodarstwo	ɡ ɔ s p ɔ d a r s t f ɔ
gospodŏrz	ɡ ɔ s p ɔ d ɔ w ʂ
gospodŏrz	ɡ ɔ s p ɔ d ɔ ʂ
gotowe	ɡ ɔ t ɔ v ɛ
gotowi	ɡ ɔ t ɔ v i
gotowy	ɡ ɔ t ɔ v ɨ
gotowych	ɡ ɔ t ɔ v ɨ x
gotowyj	ɡ ɔ t ɔ v ɨ j
gotowymi	ɡ ɔ t ɔ v ɨ m i
gotowymu	ɡ ɔ t ɔ v ɨ m u
gotowõ	ɡ ɔ t ɔ v ɔ̃
gotowōm	ɡ ɔ t ɔ v o m
gotowŏ	ɡ ɔ t ɔ v ɔ
gotowŏ	ɡ ɔ t ɔ v ɔ w
gowa	ɡ ɔ v a
gołōmb	ɡ ɔ w o m p
gość	ɡ ɔ ɕ t͡ɕ
grajfka	ɡ r a j f k a
grajzik	ɡ r a j z i k
granica	ɡ r a ɲ i t͡s a
grać	ɡ r a t͡ɕ
grincojg	ɡ r i n t͡s ɔ j k
groch	ɡ r ɔ x
grochowina	ɡ r ɔ x ɔ v i n a
grochowy	ɡ r ɔ x ɔ v ɨ
gruba	ɡ r u b a
grubiŏrz	ɡ r u b j ɔ w ʂ
grubiŏrz	ɡ r u b j ɔ ʂ
gryfny	ɡ r ɨ f n ɨ
gryzać	ɡ r ɨ z a t͡ɕ
grzib	ɡ ʐ i p
grziwa	ɡ ʐ i v a
grzych	ɡ ʐ ɨ x
grzŏć	ɡ ʐ ɔ t͡ɕ
grzŏć	ɡ ʐ ɔ w t͡ɕ
grōb	ɡ r o p
grōniczek	ɡ r o ɲ i t͡ʂ ɛ k
grōń	ɡ r o ɲ
gunia	ɡ u ɲ a
guniŏk	ɡ u ɲ ɔ k
guniŏk	ɡ u ɲ ɔ w k
guńkorz	ɡ u ɲ k ɔ ʂ
gwiŏzda	ɡ v j ɔ w z d a
gwiŏzda	ɡ v j ɔ z d a
gymba	ɡ ɨ m b a
gynsty	ɡ ɨ n s t ɨ
gyricht	ɡ ɨ r i x t
gyszeftmacher	ɡ ɨ ʂ ɛ f t m a x ɛ r
gyszichta	ɡ ɨ ʂ i x t a
gysztel	ɡ ɨ ʂ t ɛ l
gyszynk	ɡ ɨ ʂ ɨ n k
gzuć	ɡ z u t͡ɕ
głos	ɡ w ɔ s
głowa	ɡ w ɔ v a
głymboki	ɡ w ɨ m b ɔ k i
głōwny	ɡ w o v n ɨ
gōn	ɡ o n
gōnić	ɡ o ɲ i t͡ɕ
gōnsiōna	ɡ o n ɕ o n a
gōra	ɡ o r a
gŏdać	ɡ ɔ d a t͡ɕ
gŏdać	ɡ ɔ w d a t͡ɕ
gŏdka	ɡ ɔ t k a
gŏdka	ɡ ɔ w t k a
habić	x a b i t͡ɕ
hadra	x a d r a
hadziaj	x a d͡ʑ a j
hajmat	x a j m a t
halba	x a l b a
handel	x a n d ɛ l
handlowy	x a n d l ɔ v ɨ
handszrift	x a n t ʂ r i f t
handszuła	x a n t ʂ u w a
harynek	x a r ɨ n ɛ k
hasie	x a ɕ ɛ
hasiŏk	x a ɕ ɔ k
hasiŏk	x a ɕ ɔ w k
hauskyjza	x a w s k ɨ j z a
hawiyrz	x a v j ɨ ʂ
hawyna	x a v ɨ n a
haziel	x a ʑ ɛ l
hazŏk	x a z ɔ k
hazŏk	x a z ɔ w k
heblować	x ɛ b l ɔ v a t͡ɕ
heksa	x ɛ k s a
hercklekoty	x ɛ r t͡s k l ɛ k ɔ t ɨ
hereszt	x ɛ r ɛ ʂ t
hica	x i t͡s a
historyjŏ	x i s t ɔ r ɨ j ɔ
historyjŏ	x i s t ɔ r ɨ j ɔ w
hruby	x r u b ɨ
hymda	x ɨ m d a
hynkel	x ɨ n k ɛ l
hynkszt	x ɨ n k ʂ t
hyrskość	x ɨ r s k ɔ ɕ t͡ɕ
hławny	x w a v n ɨ
hōra	x o r a
i	i
idyjŏ	i d ɨ j ɔ
idyjŏ	i d ɨ j ɔ w
imyntny	i m ɨ n t n ɨ
inkszy	i n k ʂ ɨ
islandzki	i s l a n t͡s k i
istować	i s t ɔ v a t͡ɕ
isty	i s t ɨ
iś	i ɕ
iść	i ɕ t͡ɕ
iż	i ʂ
ja	j a
jadliwy	j a d l i v ɨ
jak	j a k
jakby	j a ɡ b ɨ
jaki	j a k i
jakiś	j a k i ɕ
jakla	j a k l a
jako	j a k ɔ
jakoś	j a k ɔ ɕ
jasny	j a s n ɨ
jałowa	j a w ɔ v a
jechać	j ɛ x a t͡ɕ
jedbŏw	j ɛ d b ɔ f
jedbŏw	j ɛ d b ɔ w f
jedla	j ɛ d l a
jednak	j ɛ d n a k
jedność	j ɛ d n ɔ ɕ t͡ɕ
jedyn	j ɛ d ɨ n
jedyny	j ɛ d ɨ n ɨ
jedynŏsty	j ɛ d ɨ n ɔ s t ɨ
jedynŏsty	j ɛ d ɨ n ɔ w s t ɨ
jedynŏście	j ɛ d ɨ n ɔ w ɕ t͡ɕ ɛ
jedynŏście	j ɛ d ɨ n ɔ ɕ t͡ɕ ɛ
jeglice	j ɛ ɡ l i t͡s ɛ
jeglŏrz	j ɛ ɡ l ɔ w ʂ
jeglŏrz	j ɛ ɡ l ɔ ʂ
jeli	j ɛ l i
jesi	j ɛ ɕ i
jeszcze	j ɛ ʂ t͡ʂ ɛ
jeś	j ɛ ɕ
jeśli	j ɛ ɕ l i
jeźli	j ɛ ʑ l i
jeżeli	j ɛ ʐ ɛ l i
jynzyk	j ɨ n z ɨ k
jyż	j ɨ ʂ
jōndro	j o n d r ɔ
jŏ	j ɔ
jŏ	j ɔ w
jŏr	j ɔ r
jŏr	j ɔ w r
kaczyca	k a t͡ʂ ɨ t͡s a
kafe	k a f ɛ
kafyj	k a f ɨ j
kaj	k a j
kamiyń	k a m j ɨ ɲ
kamrat	k a m r a t
kamyń	k a m ɨ ɲ
kancelista	k a n t͡s ɛ l i s t a
kaper	k a p ɛ r
kara	k a r a
karafijoł	k a r a f i j ɔ w
karkoszka	k a r k ɔ ʂ k a
kartynhaus	k a r t ɨ n x a w s
karw	k a r f
kaufman	k a w f m a n
każdy	k a ʐ d ɨ
kedy	k ɛ d ɨ
kedyś	k ɛ d ɨ ɕ
kela	k ɛ l a
kelnia	k ɛ l ɲ a
kerchōw	k ɛ r x o f
kery	k ɛ r ɨ
kerz	k ɛ ʂ
keta	k ɛ t a
kichŏl	k i x ɔ l
kichŏl	k i x ɔ w l
kidać	k i d a t͡ɕ
kilka	k i l k a
kistka	k i s t k a
kiszka	k i ʂ k a
kisły	k i s w ɨ
kiziol	k i ʑ ɔ l
klapsznita	k l a p ʂ ɲ i t a
klara	k l a r a
klasa	k l a s a
klopsztanga	k l ɔ p ʂ t a n ɡ a
klub	k l u p
kludzić	k l u d͡ʑ i t͡ɕ
klyj	k l ɨ j
klŏtka	k l ɔ t k a
klŏtka	k l ɔ w t k a
knefel	k n ɛ f ɛ l
knif	k ɲ i f
kobiyta	k ɔ b j ɨ t a
kobiytã	k ɔ b j ɨ t ã
kobuch	k ɔ b u x
kokot	k ɔ k ɔ t
kokotek	k ɔ k ɔ t ɛ k
kolega	k ɔ l ɛ ɡ a
kolity	k ɔ l i t ɨ
kolŏrz	k ɔ l ɔ w ʂ
kolŏrz	k ɔ l ɔ ʂ
kopocz	k ɔ p ɔ t͡ʂ
kopruch	k ɔ p r u x
korn	k ɔ r n
korzyń	k ɔ ʐ ɨ ɲ
koszt	k ɔ ʂ t
kowiōr	k ɔ v j o r
kowol	k ɔ v ɔ l
kowŏl	k ɔ v ɔ l
kowŏl	k ɔ v ɔ w l
kozieł	k ɔ ʑ ɛ w
koziŏrz	k ɔ ʑ ɔ w ʂ
koziŏrz	k ɔ ʑ ɔ ʂ
kozub	k ɔ z u p
koło	k ɔ w ɔ
kościōł	k ɔ ɕ t͡ɕ o w
kożdy	k ɔ ʐ d ɨ
kragel	k r a ɡ ɛ l
kraj	k r a j
krankynhaus	k r a n k ɨ n x a w s
krasikōń	k r a ɕ i k o ɲ
krauza	k r a w z a
kraś	k r a ɕ
krepel	k r ɛ p ɛ l
krew	k r ɛ f
kristbaum	k r i s t b a w m
krojcować	k r ɔ j t͡s ɔ v a t͡ɕ
krojcŏk	k r ɔ j t͡s ɔ k
krojcŏk	k r ɔ j t͡s ɔ w k
krok	k r ɔ k
krupniŏk	k r u p ɲ ɔ k
krupniŏk	k r u p ɲ ɔ w k
krwie	k r v j ɛ
kryka	k r ɨ k a
krzest	k ʂ ɛ s t
krzidło	k ʂ i d w ɔ
krzipota	k ʂ i p ɔ t a
krzōn	k ʂ o n
krzŏk	k ʂ ɔ k
krzŏk	k ʂ ɔ w k
krōl	k r o l
krōtki	k r o t k i
krŏć	k r ɔ t͡ɕ
krŏć	k r ɔ w t͡ɕ
ksiynga	k ɕ ɨ n ɡ a
ksiynstwo	k ɕ ɨ n s t f ɔ
ksiōndz	k ɕ o n t͡s
ksiōnżka	k ɕ o n ʂ k a
ksiōnżã	k ɕ o n ʐ ã
kształt	k ʂ t a w t
ksztołt	k ʂ t ɔ w t
kto	k t ɔ
ktoś	k t ɔ ɕ
ku	k u
kucać	k u t͡s a t͡ɕ
kukurzica	k u k u ʐ i t͡s a
kulać	k u l a t͡ɕ
kultura	k u l t u r a
kuplować	k u p l ɔ v a t͡ɕ
kurzić	k u ʐ i t͡ɕ
kurzã	k u ʐ ã
kwiat	k f j a t
kwiŏtek	k f j ɔ t ɛ k
kwiŏtek	k f j ɔ w t ɛ k
kyjza	k ɨ j z a
kyndrōz	k ɨ n d r o s
kłaść	k w a ɕ t͡ɕ
kłopot	k w ɔ p ɔ t
kōmedyjŏ	k o m ɛ d ɨ j ɔ
kōmedyjŏ	k o m ɛ d ɨ j ɔ w
kōmisyjŏ	k o m i s ɨ j ɔ
kōmisyjŏ	k o m i s ɨ j ɔ w
kōmitej	k o m i t ɛ j
kōmpać	k o m p a t͡ɕ
kōmōrka	k o m o r k a
kōmōrkã	k o m o r k ã
kōniczek	k o ɲ i t͡ʂ ɛ k
kōniec	k o ɲ ɛ t͡s
kōnstytucyjŏ	k o n s t ɨ t u t͡s ɨ j ɔ
kōnstytucyjŏ	k o n s t ɨ t u t͡s ɨ j ɔ w
kōnszt	k o n ʂ t
kōń	k o ɲ
kŏzać	k ɔ w z a t͡ɕ
kŏzać	k ɔ z a t͡ɕ
lachać	l a x a t͡ɕ
ladować	l a d ɔ v a t͡ɕ
ladyntisz	l a d ɨ n t i ʂ
lagerhaus	l a ɡ ɛ r x a w s
lajb	l a j p
lajsta	l a j s t a
larmo	l a r m ɔ
larwa	l a r v a
las	l a s
latojsi	l a t ɔ j ɕ i
latoś	l a t ɔ ɕ
lazaryt	l a z a r ɨ t
lebioda	l ɛ b j ɔ d a
lecz	l ɛ t͡ʂ
leki	l ɛ k i
leluja	l ɛ l u j a
lelyń	l ɛ l ɨ ɲ
lepiej	l ɛ p j ɛ j
lepij	l ɛ p i j
lepszy	l ɛ p ʂ ɨ
leżeć	l ɛ ʐ ɛ t͡ɕ
liczba	l i d͡ʐ b a
liczyć	l i t͡ʂ ɨ t͡ɕ
liferōng	l i f ɛ r o n k
lifrować	l i f r ɔ v a t͡ɕ
lilowy	l i l ɔ v ɨ
lipsta	l i p s t a
list	l i s t
lo	l ɔ
lojza	l ɔ j z a
los	l ɔ s
lub	l u p
ludzie	l u d͡ʑ ɛ
ludzki	l u t͡s k i
luft	l u f t
lutować	l u t ɔ v a t͡ɕ
lygać	l ɨ ɡ a t͡ɕ
lygnōńć	l ɨ ɡ n o ɲ t͡ɕ
lykŏrz	l ɨ k ɔ w ʂ
lykŏrz	l ɨ k ɔ ʂ
lōd	l o t
lŏ	l ɔ
lŏ	l ɔ w
lŏszczurka	l ɔ w ʂ t͡ʂ u r k a
lŏszczurka	l ɔ ʂ t͡ʂ u r k a
lŏtać	l ɔ t a t͡ɕ
lŏtać	l ɔ w t a t͡ɕ
lŏć	l ɔ t͡ɕ
lŏć	l ɔ w t͡ɕ
macek	m a t͡s ɛ k
macierz	m a t͡ɕ ɛ ʂ
maciorka	m a t͡ɕ ɔ r k a
maciura	m a t͡ɕ u r a
mackać	m a t͡s k a t͡ɕ
majoryntny	m a j ɔ r ɨ n t n ɨ
mama	m a m a
mamer	m a m ɛ r
mamlas	m a m l a s
mantel	m a n t ɛ l
maras	m a r a s
markew	m a r k ɛ f
masny	m a s n ɨ
massztab	m a s ʂ t a p
maszinhaus	m a ʂ i n x a w s
maszkecić	m a ʂ k ɛ t͡ɕ i t͡ɕ
maszyna	m a ʂ ɨ n a
masŏrz	m a s ɔ w ʂ
masŏrz	m a s ɔ ʂ
matka	m a t k a
matura	m a t u r a
mało	m a w ɔ
mały	m a w ɨ
melać	m ɛ l a t͡ɕ
miano	m j a n ɔ
mianowcie	m j a n ɔ f t͡ɕ ɛ
miara	m j a r a
miasto	m j a s t ɔ
mierzić	m j ɛ ʐ i t͡ɕ
miesiōnc	m j ɛ ɕ o n t͡s
miesiōnczek	m j ɛ ɕ o n t͡ʂ ɛ k
mietła	m j ɛ t w a
mieć	m j ɛ t͡ɕ
mimo	m i m ɔ
minister	m i ɲ i s t ɛ r
minuta	m i n u t a
miszōng	m i ʂ o n k
miyjsce	m j ɨ j s t͡s ɛ
miyjsco	m j ɨ j s t͡s ɔ
miyjski	m j ɨ j s k i
miymiecki	m j ɨ m j ɛ t͡s k i
miyndzy	m j ɨ n d͡z ɨ
miynki	m j ɨ n k i
miynso	m j ɨ n s ɔ
miyszkanie	m j ɨ ʂ k a ɲ ɛ
miyszkaniec	m j ɨ ʂ k a ɲ ɛ t͡s
miyszkać	m j ɨ ʂ k a t͡ɕ
mlyczok	m l ɨ t͡ʂ ɔ k
mlyczorz	m l ɨ t͡ʂ ɔ ʂ
mlyko	m l ɨ k ɔ
mobilniŏk	m ɔ b i l ɲ ɔ k
mobilniŏk	m ɔ b i l ɲ ɔ w k
moc	m ɔ t͡s
model	m ɔ d ɛ l
modry	m ɔ d r ɨ
mody	m ɔ d ɨ
modziyż	m ɔ d͡ʑ ɨ ʂ
mordyrz	m ɔ r d ɨ ʂ
morze	m ɔ ʐ ɛ
morzić	m ɔ ʐ i t͡ɕ
mosiōndz	m ɔ ɕ o n t͡s
mota	m ɔ t a
motowidło	m ɔ t ɔ v i d w ɔ
możliwy	m ɔ ʐ l i v ɨ
możne	m ɔ ʐ n ɛ
możno	m ɔ ʐ n ɔ
mrowiec	m r ɔ v j ɛ t͡s
mulŏrz	m u l ɔ w ʂ
mulŏrz	m u l ɔ ʂ
musieć	m u ɕ ɛ t͡ɕ
muskla	m u s k l a
muster	m u s t ɛ r
muzyka	m u z ɨ k a
my	m ɨ
mynka	m ɨ n k a
myńszość	m ɨ ɲ ʂ ɔ ɕ t͡ɕ
myńszy	m ɨ ɲ ʂ ɨ
myśl	m ɨ ɕ l
myśleć	m ɨ ɕ l ɛ t͡ɕ
młynŏrz	m w ɨ n ɔ w ʂ
młynŏrz	m w ɨ n ɔ ʂ
mōc	m o t͡s
mōj	m o j
mōnarchijŏ	m o n a r x i j ɔ
mōnarchijŏ	m o n a r x i j ɔ w
mōndry	m o n d r ɨ
mōnka	m o n k a
mōno	m o n ɔ
mōnż	m o n ʂ
mōwca	m o f t͡s a
mōwić	m o v i t͡ɕ
mŏwa	m ɔ v a
mŏwa	m ɔ w v a
nacyjny	n a t͡s ɨ j n ɨ
nacyjŏ	n a t͡s ɨ j ɔ
nacyjŏ	n a t͡s ɨ j ɔ w
nad	n a t
nadgroda	n a d ɡ r ɔ d a
nady	n a d ɨ
nadzieja	n a d͡ʑ ɛ j a
nale	n a l ɛ
nasiynie	n a ɕ ɨ ɲ ɛ
nasz	n a ʂ
natychmiast	n a t ɨ x m j a s t
nauczyciel	n a u t͡ʂ ɨ t͡ɕ ɛ l
nauka	n a u k a
naukã	n a u k ã
nawet	n a v ɛ t
nazwa	n a z v a
nazywać	n a z ɨ v a t͡ɕ
neczajta	n ɛ t͡s z a j t a
nejpewniyjszy	n ɛ j p ɛ v ɲ ɨ j ʂ ɨ
nejwiyncyj	n ɛ j v j ɨ n t͡s ɨ j
nic	ɲ i t͡s
nie	ɲ ɛ
niebo	ɲ ɛ b ɔ
niedźwiydź	ɲ ɛ d͡ʑ v j ɨ t͡ɕ
nienażraniec	ɲ ɛ n a ʐ r a ɲ ɛ t͡s
nigdy	ɲ i ɡ d ɨ
nikaj	ɲ i k a j
nikt	ɲ i k t
niski	ɲ i s k i
niy	ɲ ɨ
niych	ɲ ɨ x
niydziela	ɲ ɨ d͡ʑ ɛ l a
niykery	ɲ ɨ k ɛ r ɨ
niymiecki	ɲ ɨ m j ɛ t͡s k i
niymocny	ɲ ɨ m ɔ t͡s n ɨ
niymy	ɲ ɨ m ɨ
niyprzileżytość	ɲ ɨ p ʂ i l ɛ ʐ ɨ t ɔ ɕ t͡ɕ
niyprzileżyty	ɲ ɨ p ʂ i l ɛ ʐ ɨ t ɨ
niyrŏz	ɲ ɨ r ɔ s
niyrŏz	ɲ ɨ r ɔ w s
niyskory	ɲ ɨ s k ɔ r ɨ
niyś	ɲ ɨ ɕ
niż	ɲ i ʂ
no	n ɔ
noc	n ɔ t͡s
noclyg	n ɔ t͡s l ɨ k
noga	n ɔ ɡ a
nogawica	n ɔ ɡ a v i t͡s a
nogã	n ɔ ɡ ã
nojbardzij	n ɔ j b a r d͡ʑ i j
nojczyńścij	n ɔ j t͡ʂ ɨ ɲ ɕ t͡ɕ i j
nojdalij	n ɔ j d a l i j
nojlepij	n ɔ j l ɛ p i j
nowoczesny	n ɔ v ɔ t͡ʂ ɛ s n ɨ
nowy	n ɔ v ɨ
nudelkula	n u d ɛ l k u l a
nyjger	n ɨ j ɡ ɛ r
nyrka	n ɨ r k a
nŏczynie	n ɔ t͡ʂ ɨ ɲ ɛ
nŏczynie	n ɔ w t͡ʂ ɨ ɲ ɛ
nŏgle	n ɔ w ɡ l ɛ
nŏgle	n ɔ ɡ l ɛ
nŏleżeć	n ɔ l ɛ ʐ ɛ t͡ɕ
nŏleżeć	n ɔ w l ɛ ʐ ɛ t͡ɕ
nŏpasztek	n ɔ p a ʂ t ɛ k
nŏpasztek	n ɔ w p a ʂ t ɛ k
nŏrodowo	n ɔ r ɔ d ɔ v ɔ
nŏrodowo	n ɔ w r ɔ d ɔ v ɔ
nŏrodowość	n ɔ r ɔ d ɔ v ɔ ɕ t͡ɕ
nŏrodowość	n ɔ w r ɔ d ɔ v ɔ ɕ t͡ɕ
nŏrodowy	n ɔ r ɔ d ɔ v ɨ
nŏrodowy	n ɔ w r ɔ d ɔ v ɨ
nŏrōd	n ɔ r o t
nŏrōd	n ɔ w r o t
ober	ɔ b ɛ r
ojla	ɔ j l a
opraty	ɔ p r a t ɨ
opuka	ɔ p u k a
pacharzina	p a x a ʐ i n a
padać	p a d a t͡ɕ
padować	p a d ɔ v a t͡ɕ
pajynczyna	p a j ɨ n t͡ʂ ɨ n a
pajōnk	p a j o n k
pakhaus	p a k x a w s
palec	p a l ɛ t͡s
pamiyntać	p a m j ɨ n t a t͡ɕ
pana	p a n a
pani	p a ɲ i
pantać	p a n t a t͡ɕ
papiōr	p a p j o r
papiōra	p a p j o r a
papiōrach	p a p j o r a x
papiōrami	p a p j o r a m i
papiōrowi	p a p j o r ɔ v i
papiōry	p a p j o r ɨ
papiōrym	p a p j o r ɨ m
papiōrze	p a p j o ʐ ɛ
papiōrōm	p a p j o r o m
papiōrōma	p a p j o r o m a
papiōrōw	p a p j o r o f
para	p a r a
partyjny	p a r t ɨ j n ɨ
partyjŏ	p a r t ɨ j ɔ
partyjŏ	p a r t ɨ j ɔ w
pasować	p a s ɔ v a t͡ɕ
pastyrz	p a s t ɨ ʂ
patrzeć	p a t ʂ ɛ t͡ɕ
paznoket	p a z n ɔ k ɛ t
państwo	p a ɲ s t f ɔ
paża	p a ʐ a
pecyna	p ɛ t͡s ɨ n a
pedzieć	p ɛ d͡ʑ ɛ t͡ɕ
pelc	p ɛ l t͡s
persōna	p ɛ r s o n a
pewiyn	p ɛ v j ɨ n
pewnie	p ɛ v ɲ ɛ
pewniyjszy	p ɛ v ɲ ɨ j ʂ ɨ
pewny	p ɛ v n ɨ
pełny	p ɛ w n ɨ
piekŏrz	p j ɛ k ɔ w ʂ
piekŏrz	p j ɛ k ɔ ʂ
pierōn	p j ɛ r o n
piestrzyń	p j ɛ s t ʂ ɨ ɲ
piestrzōnek	p j ɛ s t ʂ o n ɛ k
piniōndz	p i ɲ o n t͡s
pisać	p i s a t͡ɕ
pisŏrz	p i s ɔ w ʂ
pisŏrz	p i s ɔ ʂ
piyc	p j ɨ t͡s
piykny	p j ɨ k n ɨ
piynta	p j ɨ n t a
piyrszy	p j ɨ r ʂ ɨ
piyńć	p j ɨ ɲ t͡ɕ
piōntek	p j o n t ɛ k
piōnty	p j o n t ɨ
piōro	p j o r ɔ
piŏsek	p j ɔ s ɛ k
piŏsek	p j ɔ w s ɛ k
plan	p l a n
plaskaty	p l a s k a t ɨ
pleca	p l ɛ t͡s a
plymiã	p l ɨ m j ã
pniŏk	p ɲ ɔ k
pniŏk	p ɲ ɔ w k
po	p ɔ
poczōntek	p ɔ t͡ʂ o n t ɛ k
pod	p ɔ t
podać	p ɔ d a t͡ɕ
pode	p ɔ d ɛ
podjōńć	p ɔ d j o ɲ t͡ɕ
podobnie	p ɔ d ɔ b ɲ ɛ
podobny	p ɔ d ɔ b n ɨ
podszukōnek	p ɔ t ʂ u k o n ɛ k
podziynkować	p ɔ d͡ʑ ɨ n k ɔ v a t͡ɕ
pojstrzōd	p ɔ j s t ʂ o t
pojyńcie	p ɔ j ɨ ɲ t͡ɕ ɛ
pole	p ɔ l ɛ
poleżeć	p ɔ l ɛ ʐ ɛ t͡ɕ
policyjōn	p ɔ l i t͡s ɨ j o n
polityka	p ɔ l i t ɨ k a
polski	p ɔ l s k i
ponowa	p ɔ n ɔ v a
poprawa	p ɔ p r a v a
poprawã	p ɔ p r a v ã
porzōnd	p ɔ ʐ o n t
porzōndek	p ɔ ʐ o n d ɛ k
posiadać	p ɔ ɕ a d a t͡ɕ
posiedziciel	p ɔ ɕ ɛ d͡ʑ i t͡ɕ ɛ l
postawa	p ɔ s t a v a
postać	p ɔ s t a t͡ɕ
postrzodek	p ɔ s t ʂ ɔ d ɛ k
potopić	p ɔ t ɔ p i t͡ɕ
potrzeba	p ɔ t ʂ ɛ b a
potrzebny	p ɔ t ʂ ɛ b n ɨ
potym	p ɔ t ɨ m
powiarka	p ɔ v j a r k a
powiedzieć	p ɔ v j ɛ d͡ʑ ɛ t͡ɕ
powietrze	p ɔ v j ɛ t ʂ ɛ
powiniyn	p ɔ v i ɲ ɨ n
powstanie	p ɔ f s t a ɲ ɛ
powstać	p ɔ f s t a t͡ɕ
powszedni	p ɔ f ʂ ɛ d ɲ i
poznać	p ɔ z n a t͡ɕ
pozwolić	p ɔ z v ɔ l i t͡ɕ
połednie	p ɔ w ɛ d ɲ ɛ
połedniowy	p ɔ w ɛ d ɲ ɔ v ɨ
połny	p ɔ w n ɨ
połowa	p ɔ w ɔ v a
pośledni	p ɔ ɕ l ɛ d ɲ i
pra	p r a
pracować	p r a t͡s ɔ v a t͡ɕ
pragliwy	p r a ɡ l i v ɨ
pragnōńć	p r a ɡ n o ɲ t͡ɕ
prawie	p r a v j ɛ
prawo	p r a v ɔ
prociw	p r ɔ t͡ɕ i f
procynt	p r ɔ t͡s ɨ n t
produkcyjny	p r ɔ d u k t͡s ɨ j n ɨ
produkcyjŏ	p r ɔ d u k t͡s ɨ j ɔ
produkcyjŏ	p r ɔ d u k t͡s ɨ j ɔ w
projekt	p r ɔ j ɛ k t
prosiã	p r ɔ ɕ ã
prosić	p r ɔ ɕ i t͡ɕ
prosty	p r ɔ s t ɨ
przeciw	p ʂ ɛ t͡ɕ i f
przeciwko	p ʂ ɛ t͡ɕ i f k ɔ
przeciwnik	p ʂ ɛ t͡ɕ i v ɲ i k
przecã	p ʂ ɛ t͡s ã
przed	p ʂ ɛ t
przedy	p ʂ ɛ d ɨ
przekłŏd	p ʂ ɛ k w ɔ t
przekłŏd	p ʂ ɛ k w ɔ w t
przepis	p ʂ ɛ p i s
przeprowadzić	p ʂ ɛ p r ɔ v a d͡ʑ i t͡ɕ
przeprŏszać	p ʂ ɛ p r ɔ w ʂ a t͡ɕ
przeprŏszać	p ʂ ɛ p r ɔ ʂ a t͡ɕ
przerwa	p ʂ ɛ r v a
przestać	p ʂ ɛ s t a t͡ɕ
przestrzyństwo	p ʂ ɛ s t ʂ ɨ ɲ s t f ɔ
przez	p ʂ ɛ s
przi	p ʂ i
prziczyna	p ʂ i t͡ʂ ɨ n a
przijechać	p ʂ i j ɛ x a t͡ɕ
przijŏciyl	p ʂ i j ɔ t͡ɕ ɨ l
przijŏciyl	p ʂ i j ɔ w t͡ɕ ɨ l
przikłŏd	p ʂ i k w ɔ t
przikłŏd	p ʂ i k w ɔ w t
przileżytość	p ʂ i l ɛ ʐ ɨ t ɔ ɕ t͡ɕ
przinojmnij	p ʂ i n ɔ j m ɲ i j
przipŏdek	p ʂ i p ɔ d ɛ k
przipŏdek	p ʂ i p ɔ w d ɛ k
prziszły	p ʂ i ʂ w ɨ
prziłazić	p ʂ i w a ʑ i t͡ɕ
przŏciel	p ʂ ɔ t͡ɕ ɛ l
przŏciel	p ʂ ɔ w t͡ɕ ɛ l
przŏć	p ʂ ɔ t͡ɕ
przŏć	p ʂ ɔ w t͡ɕ
prōbować	p r o b ɔ v a t͡ɕ
prōg	p r o k
prōmiyń	p r o m j ɨ ɲ
prōzny	p r o z n ɨ
prŏca	p r ɔ t͡s a
prŏca	p r ɔ w t͡s a
prŏwda	p r ɔ v d a
prŏwda	p r ɔ w v d a
ptŏk	p t ɔ k
ptŏk	p t ɔ w k
puco	p u t͡s ɔ
puklaty	p u k l a t ɨ
pulwer	p u l v ɛ r
pympek	p ɨ m p ɛ k
pyrlik	p ɨ r l i k
pyrnica	p ɨ r ɲ i t͡s a
pyrsk	p ɨ r s k
pyrskać	p ɨ r s k a t͡ɕ
pytanie	p ɨ t a ɲ ɛ
pytać	p ɨ t a t͡ɕ
pyńdziałek	p ɨ ɲ d͡ʑ a w ɛ k
płaczka	p w a t͡ʂ k a
płoszczyca	p w ɔ ʂ t͡ʂ ɨ t͡s a
płynōńć	p w ɨ n o ɲ t͡ɕ
pōmiyszkanie	p o m j ɨ ʂ k a ɲ ɛ
pōmoc	p o m ɔ t͡s
pōmorzić	p o m ɔ ʐ i t͡ɕ
pōmyśleć	p o m ɨ ɕ l ɛ t͡ɕ
pōmōc	p o m o t͡s
pōmŏgać	p o m ɔ w ɡ a t͡ɕ
pōmŏgać	p o m ɔ ɡ a t͡ɕ
pōn	p o n
pōniywŏż	p o ɲ ɨ v ɔ w ʂ
pōniywŏż	p o ɲ ɨ v ɔ ʂ
pōnkt	p o n k t
pōłnocny	p o w n ɔ t͡s n ɨ
pōłrzitko	p o w ʐ i t k ɔ
pōńć	p o ɲ t͡ɕ
pŏlić	p ɔ l i t͡ɕ
pŏlić	p ɔ w l i t͡ɕ
pŏra	p ɔ r a
pŏra	p ɔ w r a
pŏsek	p ɔ s ɛ k
pŏsek	p ɔ w s ɛ k
rachownik	r a x ɔ v ɲ i k
rachōnek	r a x o n ɛ k
rada	r a d a
radny	r a d n ɨ
raja	r a j a
rajza	r a j z a
rajzować	r a j z ɔ v a t͡ɕ
ramiã	r a m j ã
rano	r a n ɔ
rapitōuza	r a p i t o u z a
raubiyrz	r a w b j ɨ ʂ
reachtōr	r ɛ a x t o r
recht	r ɛ x t
regiel	r ɛ ɡ j ɛ l
regyrōnek	r ɛ ɡ ɨ r o n ɛ k
reskyrować	r ɛ s k ɨ r ɔ v a t͡ɕ
retować	r ɛ t ɔ v a t͡ɕ
retōnek	r ɛ t o n ɛ k
rezultat	r ɛ z u l t a t
reż	r ɛ ʂ
richtōng	r i x t o n k
robić	r ɔ b i t͡ɕ
robota	r ɔ b ɔ t a
robotnik	r ɔ b ɔ t ɲ i k
rodzaj	r ɔ d͡z a j
rodzina	r ɔ d͡ʑ i n a
rojber	r ɔ j b ɛ r
rok	r ɔ k
rolnictwo	r ɔ l ɲ i t͡s t f ɔ
rolniczy	r ɔ l ɲ i t͡ʂ ɨ
rolnik	r ɔ l ɲ i k
rozryć	r ɔ z r ɨ t͡ɕ
roztopiyrzić	r ɔ s t ɔ p j ɨ ʐ i t͡ɕ
roztōmajty	r ɔ s t o m a j t ɨ
rozumieć	r ɔ z u m j ɛ t͡ɕ
roś	r ɔ ɕ
roślina	r ɔ ɕ l i n a
ruby	r u b ɨ
ruch	r u x
rybnik	r ɨ b ɲ i k
rychtig	r ɨ x t i k
rychtyk	r ɨ x t ɨ k
ryczka	r ɨ t͡ʂ k a
ryma	r ɨ m a
rynek	r ɨ n ɛ k
rynka	r ɨ n k a
rynkŏw	r ɨ n k ɔ f
rynkŏw	r ɨ n k ɔ w f
ryż	r ɨ ʂ
rzbiet	ʐ b j ɛ t
rzecz	ʐ ɛ t͡ʂ
rzeczywiście	ʐ ɛ t͡ʂ ɨ v i ɕ t͡ɕ ɛ
rzigać	ʐ i ɡ a t͡ɕ
rzić	ʐ i t͡ɕ
rzyka	ʐ ɨ k a
rzykać	ʐ ɨ k a t͡ɕ
rzōnd	ʐ o n t
rzōńdzić	ʐ o ɲ d͡ʑ i t͡ɕ
rōg	r o k
rōst	r o s t
rōżny	r o ʐ n ɨ
rŏz	r ɔ s
rŏz	r ɔ w s
s	s
sagi	s a ɡ i
sam	s a m
samura	s a m u r a
scać	s t͡s a t͡ɕ
serce	s ɛ r t͡s ɛ
sie	ɕ ɛ
siebie	ɕ ɛ b j ɛ
siedlŏk	ɕ ɛ d l ɔ k
siedlŏk	ɕ ɛ d l ɔ w k
siednōńć	ɕ ɛ d n o ɲ t͡ɕ
siedym	ɕ ɛ d ɨ m
siedzieć	ɕ ɛ d͡ʑ ɛ t͡ɕ
siodłŏk	ɕ ɔ d w ɔ k
siodłŏk	ɕ ɔ d w ɔ w k
siyła	ɕ ɨ w a
siyłã	ɕ ɨ w ã
siōdmy	ɕ o d m ɨ
siōngać	ɕ o n ɡ a t͡ɕ
siōngŏrz	ɕ o n ɡ ɔ w ʂ
siōngŏrz	ɕ o n ɡ ɔ ʂ
siŏdać	ɕ ɔ d a t͡ɕ
siŏdać	ɕ ɔ w d a t͡ɕ
siŏdło	ɕ ɔ d w ɔ
siŏdło	ɕ ɔ w d w ɔ
skirz	s k i ʂ
sklep	s k l ɛ p
skoczka	s k ɔ t͡ʂ k a
skuli	s k u l i
skutek	s k u t ɛ k
skōra	s k o r a
smyntŏrz	s m ɨ n t ɔ w ʂ
smyntŏrz	s m ɨ n t ɔ ʂ
smyrek	s m ɨ r ɛ k
smōnd	s m o n t
snŏdź	s n ɔ t͡ɕ
snŏdź	s n ɔ w t͡ɕ
sobota	s ɔ b ɔ t a
sobotã	s ɔ b ɔ t ã
sparcie	s p a r t͡ɕ ɛ
spać	s p a t͡ɕ
spiyrka	s p j ɨ r k a
spokojnie	s p ɔ k ɔ j ɲ ɛ
spokopić	s p ɔ k ɔ p i t͡ɕ
spokōj	s p ɔ k o j
sposōb	s p ɔ s o p
spotkać	s p ɔ t k a t͡ɕ
sprawa	s p r a v a
sprzynt	s p ʂ ɨ n t
spusōb	s p u s o p
srogi	s r ɔ ɡ i
stale	s t a l ɛ
starać	s t a r a t͡ɕ
stary	s t a r ɨ
starzyk	s t a ʐ ɨ k
statek	s t a t ɛ k
stać	s t a t͡ɕ
stały	s t a w ɨ
sto	s t ɔ
stolecie	s t ɔ l ɛ t͡ɕ ɛ
stolica	s t ɔ l i t͡s a
stolŏrz	s t ɔ l ɔ w ʂ
stolŏrz	s t ɔ l ɔ ʂ
stracić	s t r a t͡ɕ i t͡ɕ
strata	s t r a t a
stroka	s t r ɔ k a
strokaty	s t r ɔ k a t ɨ
strzewik	s t ʂ ɛ v i k
strzoda	s t ʂ ɔ d a
strzodowisko	s t ʂ ɔ d ɔ v i s k ɔ
strzybro	s t ʂ ɨ b r ɔ
strzybło	s t ʂ ɨ b w ɔ
strzōn	s t ʂ o n
strōm	s t r o m
strōna	s t r o n a
strōnã	s t r o n ã
styczyń	s t ɨ t͡ʂ ɨ ɲ
stōn	s t o n
stōnd	s t o n t
stōł	s t o w
stŏwać	s t ɔ v a t͡ɕ
stŏwać	s t ɔ w v a t͡ɕ
stŏć	s t ɔ t͡ɕ
stŏć	s t ɔ w t͡ɕ
sukces	s u k t͡s ɛ s
suma	s u m a
suć	s u t͡ɕ
sużba	s u ʐ b a
swaczyna	s f a t͡ʂ ɨ n a
swrŏcać	s f r ɔ t͡s a t͡ɕ
swrŏcać	s f r ɔ w t͡s a t͡ɕ
swōj	s f o j
syn	s ɨ n
synek	s ɨ n ɛ k
syr	s ɨ r
systym	s ɨ s t ɨ m
sytuacyjŏ	s ɨ t u a t͡s ɨ j ɔ
sytuacyjŏ	s ɨ t u a t͡s ɨ j ɔ w
szac	ʂ a t͡s
szachtla	ʂ a x t l a
szafnōńć	ʂ a f n o ɲ t͡ɕ
szajdōng	ʂ a j d o n k
szaket	ʂ a k ɛ t
szandar	ʂ a n d a r
szauszpiler	ʂ a w ʂ p i l ɛ r
szałot	ʂ a w ɔ t
szczerk	ʂ t͡ʂ ɛ r k
szczyglik	ʂ t͡ʂ ɨ ɡ l i k
szczyrk	ʂ t͡ʂ ɨ r k
szczyńście	ʂ t͡ʂ ɨ ɲ ɕ t͡ɕ ɛ
szejś	ʂ ɛ j ɕ
szerszyń	ʂ ɛ r ʂ ɨ ɲ
sześć	ʂ ɛ ɕ t͡ɕ
sześćset	ʂ ɛ ɕ t͡ɕ s ɛ t
szif	ʂ i f
szkamrać	ʂ k a m r a t͡ɕ
szkolny	ʂ k ɔ l n ɨ
szkolŏrz	ʂ k ɔ l ɔ w ʂ
szkolŏrz	ʂ k ɔ l ɔ ʂ
szkoła	ʂ k ɔ w a
szkołã	ʂ k ɔ w ã
szkrabka	ʂ k r a p k a
szkrawikel	ʂ k r a v i k ɛ l
szkrobać	ʂ k r ɔ b a t͡ɕ
szkubać	ʂ k u b a t͡ɕ
szkut	ʂ k u t
szlachthaus	ʂ l a x t x a w s
szlafhaus	ʂ l a f x a w s
szlafsztuba	ʂ l a f ʂ t u b a
szlagcojg	ʂ l a k t͡s ɔ j k
szlagzana	ʂ l a ɡ z a n a
szlajfa	ʂ l a j f a
szlajfować	ʂ l a j f ɔ v a t͡ɕ
szlanga	ʂ l a n ɡ a
szlojder	ʂ l ɔ j d ɛ r
szmaterlok	ʂ m a t ɛ r l ɔ k
sznaps	ʂ n a p s
sznelcug	ʂ n ɛ l t͡s u k
sznupać	ʂ n u p a t͡ɕ
sznuptabaka	ʂ n u p t a b a k a
sznuptabakdołza	ʂ n u p t a b a ɡ d ɔ w z a
sznōra	ʂ n o r a
szolka	ʂ ɔ l k a
szpajcher	ʂ p a j x ɛ r
szpajza	ʂ p a j z a
szpil	ʂ p i l
szpilać	ʂ p i l a t͡ɕ
szpiler	ʂ p i l ɛ r
szpinawy	ʂ p i n a v ɨ
szpitŏl	ʂ p i t ɔ l
szpitŏl	ʂ p i t ɔ w l
szporować	ʂ p ɔ r ɔ v a t͡ɕ
szportplac	ʂ p ɔ r t p l a t͡s
szrajbōnek	ʂ r a j b o n ɛ k
szrank	ʂ r a n k
sztajfniŏk	ʂ t a j f ɲ ɔ k
sztajfniŏk	ʂ t a j f ɲ ɔ w k
sztajfny	ʂ t a j f n ɨ
sztalować	ʂ t a l ɔ v a t͡ɕ
sztaub	ʂ t a w p
sztelōnek	ʂ t ɛ l o n ɛ k
szterować	ʂ t ɛ r ɔ v a t͡ɕ
sztof	ʂ t ɔ f
sztrahecla	ʂ t r a x ɛ t͡s l a
sztrōm	ʂ t r o m
sztudiyrować	ʂ t u d j ɨ r ɔ v a t͡ɕ
sztwierć	ʂ t f j ɛ r t͡ɕ
sztwŏrtek	ʂ t f ɔ r t ɛ k
sztwŏrtek	ʂ t f ɔ w r t ɛ k
sztwŏrty	ʂ t f ɔ r t ɨ
sztwŏrty	ʂ t f ɔ w r t ɨ
sztyjc	ʂ t ɨ j t͡s
sztyry	ʂ t ɨ r ɨ
sztyrysta	ʂ t ɨ r ɨ s t a
szukać	ʂ u k a t͡ɕ
szula	ʂ u l a
szumny	ʂ u m n ɨ
szwajsować	ʂ f a j s ɔ v a t͡ɕ
szwalbka	ʂ f a l p k a
szwestra	ʂ f ɛ s t r a
szwiec	ʂ f j ɛ t͡s
szwigra	ʂ f i ɡ r a
szwincucht	ʂ f i n t͡s u x t
szwoczka	ʂ f ɔ t͡ʂ k a
szyja	ʂ ɨ j a
szynktisz	ʂ ɨ n k t i ʂ
szynkwas	ʂ ɨ n k f a s
szyroki	ʂ ɨ r ɔ k i
szłapa	ʂ w a p a
szōsty	ʂ o s t ɨ
słowo	s w ɔ v ɔ
słyszeć	s w ɨ ʂ ɛ t͡ɕ
słōńce	s w o ɲ t͡s ɛ
sōl	s o l
sōm	s o m
sōmsiŏd	s o m ɕ ɔ t
sōmsiŏd	s o m ɕ ɔ w t
sōnd	s o n t
tabakdołza	t a b a ɡ d ɔ w z a
tajla	t a j l a
tajlować	t a j l ɔ v a t͡ɕ
tajlōng	t a j l o n k
tak	t a k
taki	t a k i
także	t a ɡ ʐ ɛ
tam	t a m
tamtyn	t a m t ɨ n
tanksztela	t a n k ʂ t ɛ l a
tasza	t a ʂ a
technika	t ɛ x ɲ i k a
tedy	t ɛ d ɨ
teka	t ɛ k a
tela	t ɛ l a
teoryjŏ	t ɛ ɔ r ɨ j ɔ
teoryjŏ	t ɛ ɔ r ɨ j ɔ w
tepich	t ɛ p i x
terŏz	t ɛ r ɔ s
terŏz	t ɛ r ɔ w s
terŏzki	t ɛ r ɔ s k i
terŏzki	t ɛ r ɔ w s k i
terŏźny	t ɛ r ɔ w ʑ n ɨ
terŏźny	t ɛ r ɔ ʑ n ɨ
tesŏrz	t ɛ s ɔ w ʂ
tesŏrz	t ɛ s ɔ ʂ
tinta	t i n t a
tkacki	t k a t͡s k i
tlyn	t l ɨ n
to	t ɔ
trajbhaus	t r a j p x a w s
trefić	t r ɛ f i t͡ɕ
trochã	t r ɔ x ã
trudno	t r u d n ɔ
trudność	t r u d n ɔ ɕ t͡ɕ
trudny	t r u d n ɨ
truła	t r u w a
trzeba	t ʂ ɛ b a
trzeci	t ʂ ɛ t͡ɕ i
trzi	t ʂ i
trzimać	t ʂ i m a t͡ɕ
trzić	t ʂ i t͡ɕ
trŏwa	t r ɔ v a
trŏwa	t r ɔ w v a
tu	t u
tubera	t u b ɛ r a
tukej	t u k ɛ j
tuplikować	t u p l i k ɔ v a t͡ɕ
turbacyjŏ	t u r b a t͡s ɨ j ɔ
turbacyjŏ	t u r b a t͡s ɨ j ɔ w
tuste	t u s t ɛ
tusty	t u s t ɨ
twać	t f a t͡ɕ
tworzić	t f ɔ ʐ i t͡ɕ
twōj	t f o j
ty	t ɨ
tydziyń	t ɨ d͡ʑ ɨ ɲ
tyj	t ɨ j
tyjater	t ɨ j a t ɛ r
tyjka	t ɨ j k a
tylko	t ɨ l k ɔ
tympy	t ɨ m p ɨ
tyn	t ɨ n
tyngi	t ɨ n ɡ i
tysiōnc	t ɨ ɕ o n t͡s
tytuł	t ɨ t u w
tyż	t ɨ ʂ
tōmata	t o m a t a
tōni	t o ɲ i
u	u
ud	u t
ujek	u j ɛ k
ulica	u l i t͡s a
ulicã	u l i t͡s ã
umieć	u m j ɛ t͡ɕ
umiyrać	u m j ɨ r a t͡ɕ
uniżać	u ɲ i ʐ a t͡ɕ
uniżyć	u ɲ i ʐ ɨ t͡ɕ
uryngla	u r ɨ n ɡ l a
uwŏga	u v ɔ w ɡ a
uwŏga	u v ɔ ɡ a
uzyskać	u z ɨ s k a t͡ɕ
w	v
w	w u
wachować	v a x ɔ v a t͡ɕ
wachtyrz	v a x t ɨ ʂ
walka	v a l k a
walkã	v a l k ã
wancka	v a n t͡s k a
wandrować	v a n d r ɔ v a t͡ɕ
wandrus	v a n d r u s
wapyn	v a p ɨ n
warszawski	v a r ʂ a f s k i
warzić	v a ʐ i t͡ɕ
warōnek	v a r o n ɛ k
wasz	v a ʂ
ważny	v a ʐ n ɨ
wcale	f t͡s a l ɛ
wczora	f t͡ʂ ɔ r a
we	v ɛ
według	v ɛ d w u k
wela	v ɛ l a
welować	v ɛ l ɔ v a t͡ɕ
wercić	v ɛ r t͡ɕ i t͡ɕ
werkcojg	v ɛ r k t͡s ɔ j k
werksztela	v ɛ r k ʂ t ɛ l a
wersyjŏ	v ɛ r s ɨ j ɔ
wersyjŏ	v ɛ r s ɨ j ɔ w
wert	v ɛ r t
westa	v ɛ s t a
wiater	v j a t ɛ r
wic	v i t͡s
widać	v i d a t͡ɕ
widzieć	v i d͡ʑ ɛ t͡ɕ
wieczōr	v j ɛ t͡ʂ o r
wiedza	v j ɛ d͡z a
wiedzieć	v j ɛ d͡ʑ ɛ t͡ɕ
wiejski	v j ɛ j s k i
wiek	v j ɛ k
wiela	v j ɛ l a
wiele	v j ɛ l ɛ
wielki	v j ɛ l k i
wiertać	v j ɛ r t a t͡ɕ
wierzić	v j ɛ ʐ i t͡ɕ
wieś	v j ɛ ɕ
winowaty	v i n ɔ v a t ɨ
wiync	v j ɨ n t͡s
wiyncyj	v j ɨ n t͡s ɨ j
wiyrba	v j ɨ r b a
wizyta	v i z ɨ t a
wiōnzać	v j o n z a t͡ɕ
wiŏć	v j ɔ t͡ɕ
wiŏć	v j ɔ w t͡ɕ
wnyntrzny	v n ɨ n t ʂ n ɨ
woda	v ɔ d a
wodã	v ɔ d ã
wojewōdztwo	v ɔ j ɛ v o t͡s t f ɔ
wojna	v ɔ j n a
wojnã	v ɔ j n ã
wojsko	v ɔ j s k ɔ
woleć	v ɔ l ɛ t͡ɕ
wrazić	v r a ʑ i t͡ɕ
wrażać	v r a ʐ a t͡ɕ
wreć	v r ɛ t͡ɕ
wrōcić	v r o t͡ɕ i t͡ɕ
wszandy	f ʂ a n d ɨ
wszyjsko	f ʂ ɨ j s k ɔ
wszystek	f ʂ ɨ s t ɛ k
wtedy	f t ɛ d ɨ
wtorek	f t ɔ r ɛ k
wuszt	v u ʂ t
wy	v ɨ
wybōr	v ɨ b o r
wychōd	v ɨ x o t
wyciyrać	v ɨ t͡ɕ ɨ r a t͡ɕ
wyglōndać	v ɨ ɡ l o n d a t͡ɕ
wymiã	v ɨ m j ã
wynikać	v ɨ ɲ i k a t͡ɕ
wynosić	v ɨ n ɔ ɕ i t͡ɕ
wynzoł	v ɨ n z ɔ w
wysoki	v ɨ s ɔ k i
wysoko	v ɨ s ɔ k ɔ
wysokość	v ɨ s ɔ k ɔ ɕ t͡ɕ
wystarczyć	v ɨ s t a r t͡ʂ ɨ t͡ɕ
wystymp	v ɨ s t ɨ m p
wywiōrka	v ɨ v j o r k a
wyższy	v ɨ ʂ ʂ ɨ
wzrost	v z r ɔ s t
włŏsny	v w ɔ s n ɨ
włŏsny	v w ɔ w s n ɨ
wōngel	v o n ɡ ɛ l
wōniać	v o ɲ a t͡ɕ
wōnski	v o n s k i
wōntroba	v o n t r ɔ b a
wōnż	v o n ʂ
wōz	v o s
wōń	v o ɲ
wŏga	v ɔ w ɡ a
wŏga	v ɔ ɡ a
yjzel	ɨ j z ɛ l
ymancypacyjŏ	ɨ m a n t͡s ɨ p a t͡s ɨ j ɔ
ymancypacyjŏ	ɨ m a n t͡s ɨ p a t͡s ɨ j ɔ w
ymisyjŏ	ɨ m i s ɨ j ɔ
ymisyjŏ	ɨ m i s ɨ j ɔ w
yncyklopedyjŏ	ɨ n t͡s ɨ k l ɔ p ɛ d ɨ j ɔ
yncyklopedyjŏ	ɨ n t͡s ɨ k l ɔ p ɛ d ɨ j ɔ w
ynergijŏ	ɨ n ɛ r ɡ i j ɔ
ynergijŏ	ɨ n ɛ r ɡ i j ɔ w
ynkel	ɨ n k ɛ l
ynta	ɨ n t a
z	z
z	z ɨ
za	z a
zachodni	z a x ɔ d ɲ i
zachōd	z a x o t
zaczynać	z a t͡ʂ ɨ n a t͡ɕ
zaczyniać	z a t͡ʂ ɨ ɲ a t͡ɕ
zaczynić	z a t͡ʂ ɨ ɲ i t͡ɕ
zaczōńć	z a t͡ʂ o ɲ t͡ɕ
zadanie	z a d a ɲ ɛ
zajta	z a j t a
zaledwie	z a l ɛ d v j ɛ
zależeć	z a l ɛ ʐ ɛ t͡ɕ
zalōnik	z a l o ɲ i k
zanim	z a ɲ i m
zapytać	z a p ɨ t a t͡ɕ
zarzec	z a ʐ ɛ t͡s
zarzōnd	z a ʐ o n t
zaszporować	z a ʂ p ɔ r ɔ v a t͡ɕ
zatym	z a t ɨ m
zausznica	z a u ʂ ɲ i t͡s a
zawiyrać	z a v j ɨ r a t͡ɕ
zawrzić	z a v ʐ i t͡ɕ
zawsze	z a f ʂ ɛ
zaôbycz	z a w ɔ b ɨ t͡ʂ
załoga	z a w ɔ ɡ a
zaś	z a ɕ
zdrok	z d r ɔ k
zdrowie	z d r ɔ v j ɛ
zdrzadło	z d ʐ a d w ɔ
zdrzybiã	z d ʐ ɨ b j ã
zdrzōdło	z d ʐ o d w ɔ
ze	z ɛ
zgniły	z ɡ ɲ i w ɨ
zgodnie	z ɡ ɔ d ɲ ɛ
zicher	z i x ɛ r
zicherka	z i x ɛ r k a
ziebro	ʑ ɛ b r ɔ
zielōny	ʑ ɛ l o n ɨ
ziobro	ʑ ɔ b r ɔ
ziymia	ʑ ɨ m j a
zmiana	z m j a n a
zmiynić	z m j ɨ ɲ i t͡ɕ
znaczny	z n a t͡ʂ n ɨ
znaczyć	z n a t͡ʂ ɨ t͡ɕ
znać	z n a t͡ɕ
zorta	z ɔ r t a
zostawić	z ɔ s t a v i t͡ɕ
zostać	z ɔ s t a t͡ɕ
zowżdy	z ɔ v ʐ d ɨ
zrobić	z r ɔ b i t͡ɕ
zrozumieć	z r ɔ z u m j ɛ t͡ɕ
zwiyrz	z v j ɨ ʂ
zwiyrzã	z v j ɨ ʐ ã
zwiōnzek	z v j o n z ɛ k
zwyciynstwo	z v ɨ t͡ɕ ɨ n s t f ɔ
zwykle	z v ɨ k l ɛ
zwykły	z v ɨ k w ɨ
zwyrtać	z v ɨ r t a t͡ɕ
zwłaszcza	z v w a ʂ t͡ʂ a
zy	z ɨ
zygŏr	z ɨ ɡ ɔ r
zygŏr	z ɨ ɡ ɔ w r
zymft	z ɨ m f t
zły	z w ɨ
zōmb	z o m p
zōuza	z o u z a
zōwizō	z o v i z o
zŏlōng	z ɔ l o n k
zŏlōng	z ɔ w l o n k
zŏwitka	z ɔ v i t k a
zŏwitka	z ɔ w v i t k a
zŏwiść	z ɔ v i ɕ t͡ɕ
zŏwiść	z ɔ w v i ɕ t͡ɕ
zŏzwōr	z ɔ w z v o r
zŏzwōr	z ɔ z v o r
Ôzimek	w ɔ ʑ i m ɛ k
ôba	w ɔ b a
ôbecnie	w ɔ b ɛ t͡s ɲ ɛ
ôbecny	w ɔ b ɛ t͡s n ɨ
ôblyc	w ɔ b l ɨ t͡s
ôblyczynie	w ɔ b l ɨ t͡ʂ ɨ ɲ ɛ
ôblykać	w ɔ b l ɨ k a t͡ɕ
ôbora	w ɔ b ɔ r a
ôbrzynd	w ɔ b ʐ ɨ n t
ôbrŏz	w ɔ b r ɔ s
ôbrŏz	w ɔ b r ɔ w s
ôbstōnŏ	w ɔ p s t o n ɔ
ôbstōnŏ	w ɔ p s t o n ɔ w
ôbłok	w ɔ b w ɔ k
ôbōz	w ɔ b o s
ôcet	w ɔ t͡s ɛ t
ôcyl	w ɔ t͡s ɨ l
ôczywistość	w ɔ t͡ʂ ɨ v i s t ɔ ɕ t͡ɕ
ôczywisty	w ɔ t͡ʂ ɨ v i s t ɨ
ôczywiście	w ɔ t͡ʂ ɨ v i ɕ t͡ɕ ɛ
ôd	w ɔ t
ôdpowiedzieć	w ɔ t p ɔ v j ɛ d͡ʑ ɛ t͡ɕ
ôdpowiydź	w ɔ t p ɔ v j ɨ t͡ɕ
ôdpytōnek	w ɔ t p ɨ t o n ɛ k
ôdy	w ɔ d ɨ
ôgyń	w ɔ ɡ ɨ ɲ
ôgōn	w ɔ ɡ o n
ôjciec	w ɔ j t͡ɕ ɛ t͡s
ôkno	w ɔ k n ɔ
ôko	w ɔ k ɔ
ôkoło	w ɔ k ɔ w ɔ
ôkrōm	w ɔ k r o m
ôkrōngły	w ɔ k r o n ɡ w ɨ
ôlyj	w ɔ l ɨ j
ôn	w ɔ n
ôna	w ɔ n a
ônaczyć	w ɔ n a t͡ʂ ɨ t͡ɕ
ône	w ɔ n ɛ
ôni	w ɔ ɲ i
ôno	w ɔ n ɔ
ôpacznik	w ɔ p a t͡ʂ ɲ i k
ôpuczŏrz	w ɔ p u t͡ʂ ɔ w ʂ
ôpuczŏrz	w ɔ p u t͡ʂ ɔ ʂ
ôpuka	w ɔ p u k a
ôreł	w ɔ r ɛ w
ôrganizacyjŏ	w ɔ r ɡ a ɲ i z a t͡s ɨ j ɔ
ôrganizacyjŏ	w ɔ r ɡ a ɲ i z a t͡s ɨ j ɔ w
ôrganizm	w ɔ r ɡ a ɲ i z m
ôrzech	w ɔ ʐ ɛ x
ôsa	w ɔ s a
ôsmy	w ɔ s m ɨ
ôsoba	w ɔ s ɔ b a
ôstatni	w ɔ s t a t ɲ i
ôstoć	w ɔ s t ɔ t͡ɕ
ôstry	w ɔ s t r ɨ
ôstrzodek	w ɔ s t ʂ ɔ d ɛ k
ôstuda	w ɔ s t u d a
ôszkliwy	w ɔ ʂ k l i v ɨ
ôszydzać	w ɔ ʂ ɨ d͡z a t͡ɕ
ôszydzić	w ɔ ʂ ɨ d͡ʑ i t͡ɕ
ôtrzimać	w ɔ t ʂ i m a t͡ɕ
ôtworzić	w ɔ t f ɔ ʐ i t͡ɕ
ôwada	w ɔ v a d a
ôwca	w ɔ f t͡s a
ôwiyńzina	w ɔ v j ɨ ɲ ʑ i n a
ôwoc	w ɔ v ɔ t͡s
ôziym	w ɔ ʑ ɨ m
ôzmy	w ɔ z m ɨ
ôświadczyć	w ɔ ɕ f j a t t͡ʂ ɨ t͡ɕ
ôżarty	w ɔ ʐ a r t ɨ
ćma	t͡ɕ m a
ćmok	t͡ɕ m ɔ k
ćwik	t͡ɕ f i k
Łotwa	w ɔ t f a
łabōnt	w a b o n t
łatwo	w a t f ɔ
łeżka	w ɛ ʂ k a
łokeć	w ɔ k ɛ t͡ɕ
łyżka	w ɨ ʂ k a
łōżko	w o ʂ k ɔ
ōberiba	o b ɛ r i b a
Ślōnsk	ɕ l o n s k
ś	ɕ
ściebło	ɕ t͡ɕ ɛ b w ɔ
ślabikorz	ɕ l a b i k ɔ ʂ
ślatować	ɕ l a t ɔ v a t͡ɕ
ślimŏk	ɕ l i m ɔ k
ślimŏk	ɕ l i m ɔ w k
ślubny	ɕ l u b n ɨ
ślubnŏ	ɕ l u b n ɔ
ślubnŏ	ɕ l u b n ɔ w
ślypie	ɕ l ɨ p j ɛ
ślōnski	ɕ l o n s k i
śmierć	ɕ m j ɛ r t͡ɕ
śmietōna	ɕ m j ɛ t o n a
śmiych	ɕ m j ɨ x
śmiyrtka	ɕ m j ɨ r t k a
śmiŏć	ɕ m j ɔ t͡ɕ
śmiŏć	ɕ m j ɔ w t͡ɕ
śniyg	ɕ ɲ ɨ k
śniygulŏk	ɕ ɲ ɨ ɡ u l ɔ k
śniygulŏk	ɕ ɲ ɨ ɡ u l ɔ w k
śpiywać	ɕ p j ɨ v a t͡ɕ
świadczyć	ɕ f j a t t͡ʂ ɨ t͡ɕ
świadek	ɕ f j a d ɛ k
świat	ɕ f j a t
światowy	ɕ f j a t ɔ v ɨ
światło	ɕ f j a t w ɔ
świynty	ɕ f j ɨ n t ɨ
źle	ʑ l ɛ
źwiynk	ʑ v j ɨ n k
że	ʐ ɛ
żeby	ʐ ɛ b ɨ
żelazo	ʐ ɛ l a z ɔ
żgać	ʐ ɡ a t͡ɕ
żiglawa	ʐ i ɡ l a v a
żmija	ʐ m i j a
żołōndek	ʐ ɔ w o n d ɛ k
żrać	ʐ r a t͡ɕ
życie	ʐ ɨ t͡ɕ ɛ
żymła	ʐ ɨ m w a
żynich	ʐ ɨ ɲ i x
żyć	ʐ ɨ t͡ɕ
żōna	ʐ o n a
żōłty	ʐ o w t ɨ
żŏdyn	ʐ ɔ d ɨ n
żŏdyn	ʐ ɔ w d ɨ n
