అంకారించు	a ŋ k aː ɾ i ɲ t͡ʃ u
అంకించు	a ŋ k i ɲ t͡ʃ u
అంకురించు	a ŋ k u ɾ i ɲ t͡ʃ u
అంకుశం	a ŋ k u ʃ a m̃
అంకుశము	a ŋ k u ʃ a m u
అంగజాల	a ŋ ɡ a d͡ʒ aː l a
అంగజాలవాడు	a ŋ ɡ a d͡ʒ aː l a ʋ aː ɖ u
అంగజుడు	a ŋ ɡ a d͡ʒ u ɖ u
అంగవించు	a ŋ ɡ a ʋ i ɲ t͡ʃ u
అంగవైకల్యము	a ŋ ɡ a ʋ a j k a l j a m u
అంగ్రేజి	a ŋ ɡ ɾ eː d͡ʒ i
అంచు	a ɲ t͡ʃ u
అండజము	a ɳ ɖ a d͡ʒ a m u
అంతఃపరాన్నజీవి	a n̪ t̪ a h p a ɾ aː nː a d͡ʒ iː ʋ i
అంతర్వాహిని	a n t a r ʋ aː h i n i
అంత్యజుడు	a n̪ t̪ j a d͡ʒ u ɖ u
అందం	a n d̪ a m̃
అందగత్తె	a n d̪ a ɡ a t̪ː e
అందగత్తెలు	a n d̪ a ɡ a t̪ː e l u
అందగింపు	a n d̪ a ɡ i m p u
అందము	a n d̪ a m u
అందరు	a n d̪ a ɾ u
అందలము	a n d̪ a l a m u
అందాజు	a n d̪ aː d͡ʒ u
అందు	a n d̪ u
అందుకొను	a n d̪ u k o n u
అంధత్వము	a n d̪ʱ a t̪ ʋ a m u
అంబరకేశుఁడు	a m b a ɾ a k eː ʃ u ɖ u
అంబరకేశుడు	a m b a ɾ a k eː ʃ u ɖ u
అంబరీషము	a m b a r iː ʂ a m u
అంశపురుషుఁడు	a m̃ ʃ a p u ɾ u ʂ u ɖ u
అంశపురుషుడు	a m̃ ʃ a p u ɾ u ʂ u ɖ u
అకృత్యము	a k ɾ u t̪ j a m u
అచ్చు	a t͡ʃː u
అతికాయము	a t i k aː j a m u
అతికించు	a t̪ i k i ɲ t͡ʃ u
అతీంద్రియము	a t̪ iː n d̪ ɾ i j a m u
అతృప్తి	a t̪ ɾ u p t̪ i
అద్వైతం	a d̪ ʋ a j t̪ a m̃
అద్వైతము	a d̪ ʋ a j t̪ a m u
అనంతం	a n a n t aⁿ
అనంతశక్తి	a n a n t a ʃ a k t i
అనిపించు	a n i p i ɲ t͡ʃ u
అనుప్రాసము	a n u p r aː s a m u
అనుబంధము	a n u b a n d̪ʱ a m u
అనుభవించు	a n u bʱ a ʋ i ɲ t͡ʃ u
అనుష్ఠానము	a n u ʂ ʈ h aː n a m u
అనూరుడు	a n uː r u ɖ u
అన్నప్రాశనము	a nː a p ɾ aː ʃ a n a m u
అపరంజి	a p a ɾ a ɲ d͡ʒ i
అమ్మాయి	ɐ mː aː i
అయిదుమంది	a j i d̪ u m a n d̪ i
అయోనిజ	a j oː n i d ʒ a
అయోనిజుడు	a j oː n i d ʒ u ɖ u
అర్చన	a ɾ t͡ʃ a n a
అవకాశము	a ʋ a k aː ʃ a m u
అశక్తత	a ʃ a k t̪ a t̪ a
అశుచి	a ʃ u t͡ʃ i
అశ్రద్ధ	a ʃ r a dːʱ a
అశ్రువు	a ʃ ɾ u ʋ u
అశ్వగంధ	a ʃ ʋ a ɡ a n d̪ʱ a
అశ్వత్థము	a ʃ ʋ a t̪ːʰ a m u
అశ్విని	a ʃ ʋ i n i
అసంతృప్తి	a s a n̪ t̪ ɾ u p t̪ i
ఆంధ్రము	aː n d̪ʱ ɾ a m u
ఆకాశవాణి	aː k aː ʃ a ʋ aː ɳ i
ఆకాశసౌధము	aː k aː ʃ a s a w d̪ʱ a m u
ఆకుచాటుపిందియ	aː k u t͡ʃ aː ʈ u p i n d̪ i j a
ఆకుచాటుపిందె	aː k u t͡ʃ aː ʈ u p i n d̪ e
ఆకుపచ్చ	aː k u p a t͡ʃː a
ఆగర్భశ్రీమంతుడు	aː ɡ a ɾ bʱ a ʃ ɾ iː m a n̪ t̪ u ɖ u
ఆజ్ఞ	aː d͡ʒ ɲ a
ఆజ్ఞాపించు	aː d͡ʒ ɲ aː p i ɲ t͡ʃ u
ఆడంబరము	aː ɖ a m b a r a m u
ఆముదము	aː m u d a m u
ఆరంభించు	aː ɾ a m bʱ i ɲ t͡ʃ u
ఆలకించు	aː l a k i ɲ t͡ʃ u
ఆలము	aː l a m u
ఆలయము	aː l a j a m u
ఆలవాలము	aː l a ʋ aː l a m u
ఆలస్యము	aː l a s j a m u
ఆలాపము	aː l aː p a m u
ఆలు	aː l u
ఆలోచన	aː l oː t͡ʃ a n a
ఆలోచనలు	aː l oː t͡ʃ a n a l u
ఆలోచించు	aː l oː t͡ʃ i ɲ t͡ʃ u
ఆవేశము	aː ʋ eː ʃ a m u
ఆశ	aː ʃ a
ఆశించు	aː ʃ i ɲ t͡ʃ u
ఆశీస్సు	aː ʃ iː sː u
ఆశ్వయుజం	aː ʃ ʋ a j u d͡ʒ a m̃
ఆశ్వయుజము	aː ʃ ʋ a j u d͡ʒ a m u
ఆషాఢము	aː ʂ aː ɖʱ a m u
ఆసనము	aː s a n a m u
ఆహ్వానించు	aː h ʋ aː n i ɲ t͡ʃ u
ఇ	i
ఇంచు	i ɲ t͡ʃ u
ఇంతకుముందు	i n̪ t̪ a k u m u n d̪ u
ఇందిర	i n d̪ i ɾ a
ఇచ్చు	i t͡ʃː u
ఇతిహాసము	i t i h aː s a m u
ఇరవై	i ɾ a ʋ a j
ఈనె	iː n e
ఈరోజు	iː ɾ oː d͡ʒ u
ఈర్ష్య	iː r ʂ j a
ఈశాన్యము	iː ʃ aː n j a m u
ఈశాన్యమూల	iː ʃ aː n j a m uː l a
ఈశ్వరి	iː ʃ ʋ a ɾ i
ఈశ్వరుడు	iː ʃ ʋ a ɾ u ɖ u
ఉంచు	u ɲ t͡ʃ u
ఉచితము	u t͡ʃ i t̪ a m u
ఉచ్చ	u t͡ʃː a
ఉచ్చారణ	u t͡ʃː aː ɾ a ɳ a
ఉచ్చు	u t͡ʃː u
ఉజియబోడ	u d͡ʒ i j a b oː ɖ a
ఉజ్వలము	u d͡ʒ ʋ a l a m u
ఉదకము	u d a k a m u
ఉద్దేశము	u d̪ː eː ʃ a m u
ఉద్దేశించు	u d̪ː eː ʃ i ɲ t͡ʃ u
ఉపయోగించు	u p a j oː ɡ i ɲ t͡ʃ u
ఉబుసుపుచ్చు	u b u s u p u t͡ʃː u
ఉల్లాసము	u lː aː s a m u
ఊంచు	uː ɲ t͡ʃ u
ఊడుచు	uː ɖ u t͡ʃ u
ఊరేఁగించు	uː ɾ eː ɡ i ɲ t͡ʃ u
ఊరేగించు	uː ɾ eː ɡ i ɲ t͡ʃ u
ఋ	ɾ u
ఋక్కు	ɾ u kː u
ఋణం	ɾ i ɳ a m̃
ఋణము	ɾ i ɳ a m u
ఋతువు	ɾ u t̪ u ʋ u
ఋతువులు	ɾ u t̪ u ʋ u l u
ఎ	e
ఎందాక	e n d̪ aː k a
ఎందుకంటే	e n d̪ u k a ɳ ʈ eː
ఎందుకు	e n d̪ u k u
ఎదురుచూచు	e d̪ u ɾ u t͡ʃ uː t͡ʃ u
ఎదురుచూపు	e d̪ u ɾ u t͡ʃ uː p u
ఎరచి	e ɾ a t͡ʃ i
ఎరచితిండి	e ɾ a t͡ʃ i t̪ i ɳ ɖ i
ఎరిగించు	e ɾ i ɡ i ɲ t͡ʃ u
ఎఱిగించు	e r i ɡ i ɲ t͡ʃ u
ఎలిజబెత్	e l i d͡ʒ a b e t̪
ఏకాదశము	eː k aː d̪ a ʃ a m u
ఏడాది	eː ɖ aː d i
ఐకమత్యము	a j k a m a t̪ j a m u
ఐదవ	a j d̪ a ʋ a
ఐదింతలు	a j d̪ i n̪ t̪ a l u
ఐదు	a j d̪ u
ఐదువ	a j d̪ u ʋ a
ఐదో	a j d̪ oː
ఐన	a j n a
ఒప్పందము	o pː a n d̪ a m u
ఓ	oː
ఔ	a w
ఔచిత్యము	a w t͡ʃ i t̪ j a m u
ఔటు	a w ʈ u
ఔను	a w n u
ఔనౌను	a w n a w n u
ఔరసుడు	a u r a s u ɖ u
ఔషధం	a w ʂ a d̪ʱ a m̃
ఔషధము	a w ʂ a d̪ʱ a m u
కంచం	k a ɲ t͡ʃ a m̃
కంచి	k a ɲ t͡ʃ i
కంటిచూపు	k a ɳ ʈ i t͡ʃ uː p u
కంది	k a n d̪ i
కందిరీగ	k a n d̪ i ɾ iː ɡ a
కచేరీ	k a t͡ʃ eː ɾ iː
కచ్చితము	k a t͡ʃː i t̪ a m u
కడచు	k a ɖ a t͡ʃ u
కదలించు	k a d̪ a l i ɲ t͡ʃ u
కనిపించు	k a n i p i ɲ t͡ʃ u
కనుగుడ్డు	k ɐ n ɡ u ɖː u
కన్యాశుల్కం	k a n j aː ʃ u l k a m̃
కమిటీ	k a m i ʈ iː
కరచాలనం	k a ɾ a t͡ʃ aː l a n a m̃
కరచాలనము	k a ɾ a t͡ʃ aː l a n a m u
కరతాళము	k a r a t aː ɭ a m u
కలచు	k a l a t͡ʃ u
కలిపించు	k a l i p i ɲ t͡ʃ u
కళాశాల	k a ɭ aː ʃ aː l a
కళ్ళజోడు	k a ɭː a d͡ʒ oː ɖ u
కష్టజీవి	k a ʂ ʈ a d͡ʒ iː ʋ i
కసి	k a s i
కసింద	k a s i n d a
కాకరవత్తి	k aː k a r a ʋ a tː i
కాచు	k aː t͡ʃ u
కామధేనువు	k aː m a dʱ eː n u ʋ u
కామము	k aː m a m u
కామాక్షి	k aː m aː k ʂ i
కామి	k aː m i
కారిజము	k aː ɾ i d͡ʒ a m u
కారుచిచ్చు	k aː ɾ u t͡ʃ i t͡ʃː u
కాల్చు	k aː l t͡ʃ u
కాశ్మీరము	k aː ʃ m iː r a m u
కాసు	k aː s u
కింద	k i n d̪ a
కీ	k iː
కుంకుడుచెట్టు	k u ɳ k u ɖ u t͡ʃ e ʈː u
కుంకుమ	k u ŋ k u m a
కుంచము	k u ɲ t͡ʃ a m u
కుందనపు	k u n d̪ a n a p u
కుందనపుబొమ్మ	k u n d̪ a n a p u b o mː a
కుందనము	k u n d̪ a n a m u
కుందేలు	k u n d̪ eː l u
కుచము	k u t͡ʃ a m u
కుచాగ్రము	k u t͡ʃ aː ɡ ɾ a m u
కుచాననము	k u t͡ʃ aː n a n a m u
కుచ్చు	k u t͡ʃː u
కుడుచు	k u ɖ u t͡ʃ u
కునుకు	k u n u k u
కురుచ	k u ɾ u t͡ʃ a
కూర్చొను	k uː ɾ t͡ʃ o n u
కృత్యము	k ɾ u t̪ j a m u
కృషి	k r i ʂ i
కృష్ణ	k ɾ i ʂ ɳ a
కేంద్రము	k eː n d̪ ɾ a m u
కేరళము	k eː r a ɭ a m u
కేళి	k eː ɭ i
కేశము	k eː ʃ a m u
కై	k a i
కొంచెము	k o ɲ t͡ʃ e m u
కొండముచ్చు	k o ɳ ɖ a m u t͡ʃː u
కొబ్బరిచెట్టు	k o bː a ɾ i t͡ʃ e ʈː u
కొబ్బరిచెట్లు	k o bː a ɾ i t͡ʃ e ʈ l u
కొబ్బరిపచ్చడి	k o bː a ɾ i p a t͡ʃː a ɖ i
కొబ్బరిపీచు	k o bː a ɾ i p iː t͡ʃ u
కొరసంది	k o ɾ a s a n d̪ i
కోడలు	k oː ɖ a l u
కోదండము	k oː d a ɳ ɖ a m u
కోనేరు	k oː n eː r u
కోపగించు	k oː p a ɡ i ɲ t͡ʃ u
కోస్తాంధ్ర	k oː s t̪ aː n d̪ʱ ɾ a
కౌగిలి	k a u ɡ i l i
కౌముది	k a w m u d̪ i
కౌశికము	k a u ʃ i k a m u
కౌశికుడు	k a u ʃ i k u ɖ u
క్రింద	k ɾ i n d̪ a
క్రియావిశేషణము	k ɾ i j aː ʋ i ʃ eː ʂ a ɳ a m u
క్రీస్తు	k r iː s t u
గంగమ్మ	ɡ a ŋ ɡ a mː a
గంగరేగు	ɡ a ŋ ɡ a r eː ɡ u
గంగిరెద్దు	ɡ a ŋ ɡ i r e dː u
గంట	ɡ a ɳ ʈ a
గంటము	ɡ a ɳ ʈ a m u
గచ్చ	ɡ a ʈː s a
గచ్చకాయ	ɡ a t͡ʃː a k aː j a
గచ్చు	ɡ a ʈː s u
గజం	ɡ a d͡ʒ a m̃
గజము	ɡ a d͡ʒ a m u
గడచు	ɡ a ɖ a t͡ʃ u
గడియ	ɡ a ɖ i j a
గడుచు	ɡ a ɖ u t͡ʃ u
గాజు	ɡ aː d͡ʒ u
గాజులు	ɡ aː d͡ʒ u l u
గిట్ట	ɡ i ʈː a
గిడుగు	ɡ i ɖ u ɡ u
గుంజల	ɡ u ɲ d͡ʒ a l a
గుండము	ɡ u ɳ ɖ a m u
గుండీ	ɡ u ɳ ɖ iː
గుప్తకేళి	ɡ u p t a k eː ɭ i
గుమ్మడి	ɡ u mː a ɖ i
గురించి	ɡ u ɾ i ɲ t͡ʃ i
గురించు	ɡ u ɾ i ɲ t͡ʃ u
గురుతించు	ɡ u ɾ u t̪ i ɲ t͡ʃ u
గురుతుంచు	ɡ u ɾ u t̪ u ɲ t͡ʃ u
గురుతుతెచ్చు	ɡ u ɾ u t̪ u t̪ e t͡ʃː u
గురుతువచ్చు	ɡ u ɾ u t̪ u ʋ a t͡ʃː u
గుర్తించు	ɡ u ɾ t̪ i ɲ t͡ʃ u
గుర్తుంచు	ɡ u ɾ t̪ u ɲ t͡ʃ u
గుర్తుచేయు	ɡ u ɾ t̪ u t͡ʃ eː j u
గుర్తుతెచ్చు	ɡ u ɾ t̪ u t̪ e t͡ʃː u
గుర్తువచ్చు	ɡ u ɾ t̪ u ʋ a t͡ʃː u
గుఱించి	ɡ u r i ɲ t͡ʃ i
గుఱించు	ɡ u r i ɲ t͡ʃ u
గుఱుతించు	ɡ u r u t̪ i ɲ t͡ʃ u
గుఱుతుంచు	ɡ u r u t̪ u ɲ t͡ʃ u
గుఱుతుతెచ్చు	ɡ u r u t̪ u t̪ e t͡ʃː u
గుఱుతువచ్చు	ɡ u r u t̪ u ʋ a t͡ʃː u
గుఱ్తించు	ɡ u r t̪ i ɲ t͡ʃ u
గుఱ్తుంచు	ɡ u r t̪ u ɲ t͡ʃ u
గుఱ్తుతెచ్చు	ɡ u r t̪ u t̪ e t͡ʃː u
గుఱ్తువచ్చు	ɡ u r t̪ u ʋ a t͡ʃː u
గుసగుస	ɡ u s ʌ ɡ u s ʌ
గూటము	ɡ uː ʈ a m u
గూఢచారి	ɡ uː ɖʱ a t͡ʃ aː ɾ i
గృహకృత్యము	ɡ ɾ u h a k ɾ u t̪ j a m u
గృహము	ɡ ɾ u h a m u
గెలుచు	ɡ e l u t͡ʃ u
గో	ɡ oː
గోకులము	ɡ oː k u l a m u
గోగు	ɡ oː ɡ u
గోపాలుడు	ɡ oː p aː l u ɖ u
గోము	ɡ oː m u
గోరింక	ɡ oː r i ŋ k a
గోరుచుట్టు	ɡ oː ɾ u t͡ʃ u ʈː u
గోరువెచ్చని	ɡ oː ɾ u ʋ e t͡ʃː a n i
గోవిందుడు	ɡ oː ʋ i n d u ɖ u
గోవు	ɡ oː ʋ u
గౌను	ɡ a w n u
ఘంట	ɡʱ a ɳ ʈ a
ఘ్రాణించు	ɡʱ ɾ aː ɳ i ɲ t͡ʃ u
చందనము	t ʃ a n d a n a m u
చందమామ	t͡ʃ a n d̪ a m aː m a
చంద్రకాంతము	t ʃ a n d r a k aː n t a m u
చంద్రబిందు	t͡ʃ a n d̪ ɾ a b i n d̪ u
చంద్రము	t ʃ a n d r a m u
చంద్రశాల	t͡ʃ a n d̪ ɾ a ʃ aː l a
చంద్రుడు	t͡ʃ a n d̪ ɾ u ɖ u
చంపాడు	t͡ʃ a m p aː ɖ u
చంపాను	t͡ʃ a m p aː n u
చంపాము	t͡ʃ a m p aː m u
చంపారు	t͡ʃ a m p aː ɾ u
చంపావు	t͡ʃ a m p aː ʋ u
చంపించు	t͡ʃ a m p i ɲ t͡ʃ u
చంపింది	t͡ʃ a m p i n d̪ i
చంపు	t͡ʃ a m p u
చక్కదనము	t͡ʃ a kː a d̪ a n a m u
చక్కన	t͡ʃ a kː a n a
చక్కని	t͡ʃ a kː a n i
చక్కెర	t͡ʃ a kː e ɾ a
చక్రము	t͡ʃ a k ɾ a m u
చక్షువు	t ʃ a k ʂ u ʋ u
చచ్చు	t͡ʃ a t͡ʃː u
చటాకు	t ʃ a ʈ aː k u
చట్టం	t͡ʃ a ʈː a m̃
చట్టము	t͡ʃ a ʈː a m u
చట్టములు	t͡ʃ a ʈː a m u l u
చట్టి	t͡ʃ a ʈː i
చట్టు	t͡ʃ a ʈː u
చతురము	t ʃ a t u r a m u
చదును	t͡ʃ a d̪ u n u
చదునైన	t͡ʃ a d̪ u n a j n a
చదువు	t͡ʃ a d̪ u ʋ u
చద్ది	t͡ʃ a d̪ː i
చనుదోయి	t͡ʃ a n u d̪ oː j i
చనుముక్కు	t͡ʃ a n u m u kː u
చన్ను	t͡ʃ a nː u
చపలము	t͡ʃ a p a l a m u
చపాతీ	t͡ʃ a p aː t̪ iː
చప్ప	t͡ʃ a pː a
చప్పగా	t͡ʃ a pː a ɡ aː
చప్పుడు	t͡ʃ a pː u ɖ u
చమరము	t ʃ a m a r a m u
చరణము	t ʃ a r a ɳ a m u
చరిత	t ʃ a r i t a
చరితము	t͡ʃ a ɾ i t̪ a m u
చరిత్ర	t͡ʃ a ɾ i t̪ ɾ a
చర్చ	t ʃ a r t ʃ a
చర్చి	t͡ʃ a ɾ t͡ʃ i
చర్మము	t ʃ a r m a m u
చర్య	t ʃ a r j a
చలనం	t͡ʃ a l a n a m̃
చలనము	t͡ʃ a l a n a m u
చలి	t͡ʃ a l i
చలిది	t͡ʃ a l i d̪ i
చల్ది	t͡ʃ a l d̪ i
చల్ల	t͡ʃ a lː a
చల్లగా	t͡ʃ a lː a ɡ aː
చవక	t͡ʃ a ʋ a k a
చవకచేయు	t͡ʃ a ʋ a k a t͡ʃ eː j u
చవిగొను	t͡ʃ a ʋ i ɡ o n u
చవిచూచు	t͡ʃ a ʋ i t͡ʃ uː t͡ʃ u
చవుక	t͡ʃ a ʋ u k a
చవుకచేయు	t͡ʃ a ʋ u k a t͡ʃ eː j u
చాకు	t͡ʃ aː k u
చాటింపు	t͡ʃ aː ʈ i m p u
చాటు	t͡ʃ aː ʈ u
చాప	t͡ʃ aː p a
చాపము	t͡ʃ aː p a m u
చాపలు	t͡ʃ aː p a l u
చాల	t͡ʃ aː l a
చాలనం	t͡ʃ aː l a n a m̃
చాలనము	t͡ʃ aː l a n a m u
చాలా	t͡ʃ aː l aː
చాలు	t͡ʃ aː l u
చావు	t͡ʃ aː ʋ u
చిక్కదనము	t͡ʃ i kː a d̪ a n a m u
చిక్కు	t͡ʃ i kː u
చిక్కుడు	t͡ʃ i kː u ɖ u
చిక్కుడుకాయ	t͡ʃ i kː u ɖ u k aː j a
చిచ్చు	t͡ʃ i t͡ʃː u
చిచ్చుపెట్టు	t͡ʃ i t͡ʃː u p e ʈː u
చిచ్చుబుడ్డి	t͡ʃ i t͡ʃː u b u ɖː i
చిట్టా	t͡ʃ i ʈː aː
చిట్టి	t͡ʃ i ʈː i
చిత్తూరు	t͡ʃ i t̪ː uː ɾ u
చిత్రకళ	t͡ʃ i t̪ ɾ a k a ɭ a
చిత్రము	t͡ʃ i t̪ ɾ a m u
చిత్రించు	t͡ʃ i t̪ ɾ i ɲ t͡ʃ u
చినుకు	t͡ʃ i n u k u
చిన్న	t͡ʃ i nː a
చిన్నకథ	t͡ʃ i nː a k a t̪ʰ a
చిన్నకథలు	t͡ʃ i nː a k a t̪ʰ a l u
చిన్నమెదడు	t͡ʃ i nː a m e d̪ a ɖ u
చిప్ప	t͡ʃ i pː a
చిప్పలు	t͡ʃ i pː a l u
చిర	t͡ʃ i ɾ a
చిరం	t͡ʃ i ɾ a m̃
చిరంజీవి	t͡ʃ i ɾ a ɲ d͡ʒ iː ʋ i
చిరి	t͡ʃ i ɾ i
చిరిచెమట	t͡ʃ i ɾ i t͡ʃ e m a ʈ a
చిరినవ్వు	t͡ʃ i ɾ i n a ʋː u
చిరు	t͡ʃ i ɾ u
చిరుగాలి	t͡ʃ i ɾ u ɡ aː l i
చిరుచెమట	t͡ʃ i ɾ u t͡ʃ e m a ʈ a
చిరునవ్వు	t͡ʃ i ɾ u n a ʋː u
చిరునామా	t͡ʃ i ɾ u n aː m aː
చిఱి	t͡ʃ i r i
చిఱినవ్వు	t͡ʃ i r i n a ʋː u
చిఱు	t͡ʃ i r u
చిఱుగాలి	t͡ʃ i r u ɡ aː l i
చిఱుచెమట	t͡ʃ i r u t͡ʃ e m a ʈ a
చిఱునవ్వు	t͡ʃ i r u n a ʋː u
చిఱునామా	t͡ʃ i r u n aː m aː
చిలక	t͡ʃ i l a k a
చిలకపచ్చ	t͡ʃ i l a k a p a t͡ʃː a
చిలిపి	t͡ʃ i l i p i
చిలీ	t͡ʃ i l iː
చిలుకు	t͡ʃ i l u k u
చిలుకుట	t͡ʃ i l u k u ʈ a
చిలుకుడు	t͡ʃ i l u k u ɖ u
చిల్లర	t͡ʃ i lː a ɾ a
చిల్లి	t͡ʃ i lː i
చివర	t͡ʃ i ʋ a ɾ a
చిహ్నము	t͡ʃ i h n a m u
చీకటి	t͡ʃ iː k a ʈ i
చీపురు	t͡ʃ iː p u ɾ u
చీపురుకట్ట	t͡ʃ iː p u ɾ u k a ʈː a
చుంబనము	t ʃ u m b a n a m u
చుక్క	t͡ʃ u kː a
చుట్ట	t͡ʃ u ʈː a
చుట్టం	t͡ʃ u ʈː a m̃
చుట్టతాగు	t͡ʃ u ʈː a t̪ aː ɡ u
చుట్టత్రాగు	t͡ʃ u ʈː a t̪ ɾ aː ɡ u
చుట్టత్రావు	t͡ʃ u ʈː a t̪ ɾ aː ʋ u
చుట్టము	t͡ʃ u ʈː a m u
చుట్టములు	t͡ʃ u ʈː a m u l u
చుట్టు	t͡ʃ u ʈː u
చుట్టుపట్టు	t͡ʃ u ʈː u p a ʈː u
చుట్టుపట్లు	t͡ʃ u ʈː u p a ʈ l u
చుట్టుముట్టు	t͡ʃ u ʈː u m u ʈː u
చుట్టూ	t͡ʃ u ʈː uː
చుల్ల	t͡ʃ u lː a
చుల్లి	t͡ʃ u lː i
చూచు	t͡ʃ uː t͡ʃ u
చూచుకము	t ʃ uː t ʃ u k a m u
చూడ	t͡ʃ uː ɖ a
చూడు	t͡ʃ uː ɖ u
చూపరి	t͡ʃ uː p a ɾ i
చూపించాడు	t͡ʃ uː p i ɲ t͡ʃ aː ɖ u
చూపించాను	t͡ʃ uː p i ɲ t͡ʃ aː n u
చూపించాము	t͡ʃ uː p i ɲ t͡ʃ aː m u
చూపించారు	t͡ʃ uː p i ɲ t͡ʃ aː ɾ u
చూపించావు	t͡ʃ uː p i ɲ t͡ʃ aː ʋ u
చూపించింది	t͡ʃ uː p i ɲ t͡ʃ i n d̪ i
చూపించు	t͡ʃ uː p i ɲ t͡ʃ u
చూపు	t͡ʃ uː p u
చూపులు	t͡ʃ uː p u l u
చెండు	t͡ʃ e ɳ ɖ u
చెందు	t͡ʃ e n d̪ u
చెంప	t͡ʃ e m p a
చెంపలు	t͡ʃ e m p a l u
చెంబు	t ʃ ɛ m b u
చెక్క	t͡ʃ e kː a
చెక్కిలి	t ʃ e kː i l i
చెట్టు	t͡ʃ e ʈː u
చెడు	t͡ʃ e ɖ u
చెడ్డ	t͡ʃ e ɖː a
చెత్త	t͡ʃ e t̪ː a
చెన్నై	t͡ʃ e nː a j
చెప్పని	t͡ʃ e pː a n i
చెప్పాను	t͡ʃ e pː aː n u
చెప్పించు	t͡ʃ e pː i ɲ t͡ʃ u
చెప్పిన	t͡ʃ e pː i n a
చెప్పు	t͡ʃ e pː u
చెప్పులు	t͡ʃ e pː u l u
చెయి	t͡ʃ e j i
చెయిదము	t͡ʃ e j i d̪ a m u
చెయిది	t͡ʃ e j i d̪ i
చెయ్ది	t͡ʃ e j d̪ i
చెయ్యి	t͡ʃ e jː i
చెరువు	t͡ʃ e ɾ u ʋ u
చెలి	t͡ʃ e l i
చెలికత్తె	t͡ʃ e l i k a t̪ː e
చెలికాడు	t͡ʃ e l i k aː ɖ u
చెలిమి	t͡ʃ e l i m i
చెలిమికత్తె	t͡ʃ e l i m i k a t̪ː e
చెలిమికాడు	t͡ʃ e l i m i k aː ɖ u
చెలియ	t͡ʃ e l i j a
చెల్లి	t͡ʃ e lː i
చెల్లించాడు	t͡ʃ e lː i ɲ t͡ʃ aː ɖ u
చెల్లించాను	t͡ʃ e lː i ɲ t͡ʃ aː n u
చెల్లించాము	t͡ʃ e lː i ɲ t͡ʃ aː m u
చెల్లించారు	t͡ʃ e lː i ɲ t͡ʃ aː ɾ u
చెల్లించావు	t͡ʃ e lː i ɲ t͡ʃ aː ʋ u
చెల్లించింది	t͡ʃ e lː i ɲ t͡ʃ i n d̪ i
చెల్లించు	t͡ʃ e lː i ɲ t͡ʃ u
చెల్లు	t͡ʃ e lː u
చెవి	t ʃ e ʋ i
చెవిటి	t͡ʃ e ʋ i ʈ i
చెవుడు	t͡ʃ e ʋ u ɖ u
చెవులపిల్లి	t͡ʃ e ʋ u l a p i lː i
చెవులపోతు	t͡ʃ e ʋ u l a p oː t̪ u
చే	t͡ʃ eː
చేకత్తి	t͡ʃ eː k a t̪ː i
చేకలుపు	t͡ʃ eː k a l u p u
చేటు	t͡ʃ eː ʈ u
చేతి	t͡ʃ eː t̪ i
చేతివెల	t͡ʃ eː t̪ i ʋ e l a
చేదు	t͡ʃ eː d̪ u
చేనేత	t͡ʃ eː n eː t̪ a
చేప	t͡ʃ eː p a
చేపట్టు	t͡ʃ eː p a ʈː u
చేపలు	t͡ʃ eː p a l u
చేపు	t͡ʃ eː p u
చేపెట్టె	t͡ʃ eː p e ʈː e
చేబ్రోలు	t͡ʃ eː b ɾ oː l u
చేయి	t͡ʃ eː j i
చేయికలుపు	t͡ʃ eː j i k a l u p u
చేయు	t͡ʃ eː j u
చేరు	t͡ʃ eː ɾ u
చేర్చు	t͡ʃ eː ɾ t͡ʃ u
చేష్ట	t͡ʃ eː ʂ ʈ a
చైత్రము	t ʃ a j t r a m u
చొక్కా	t͡ʃ o kː aː
చొక్కు	t͡ʃ o kː u
చొల్లు	t͡ʃ o lː u
చోటు	t͡ʃ oː ʈ u
చోప్రా	t͡ʃ oː p ɾ aː
చౌక	t͡ʃ a w k a
చౌకచేయు	t͡ʃ a w k a t͡ʃ eː j u
జంఖానా	d͡ʒ a ŋ kʰ aː n aː
జంట	d͡ʒ a ɳ ʈ a
జగడమాడు	d͡ʒ a ɡ a ɖ a m aː ɖ u
జగడము	d͡ʒ a ɡ a ɖ a m u
జగన్నాథుఁడు	d͡ʒ a ɡ a nː aː t̪ʰ u ɖ u
జగన్నాథుడు	d͡ʒ a ɡ a nː aː t̪ʰ u ɖ u
జత	d͡ʒ a t̪ a
జతి	d͡ʒ a t̪ i
జనం	d͡ʒ a n a m̃
జననం	d͡ʒ a n a n a m̃
జననము	d͡ʒ a n a n a m u
జననములు	d͡ʒ a n a n a m u l u
జననాలు	d͡ʒ a n a n aː l u
జనని	d͡ʒ a n a n i
జనము	d͡ʒ a n a m u
జనుము	d͡ʒ a n u m u
జన్మం	d͡ʒ a n m a m̃
జన్మము	d͡ʒ a n m a m u
జపమాల	d͡ʒ a p a m aː l a
జపమాలలు	d͡ʒ a p a m aː l a l u
జబ్బు	d͡ʒ a bː u
జరాయువు	d͡ʒ a r aː j u ʋ u
జరిమానా	d͡ʒ a ɾ i m aː n aː
జరుగు	d͡ʒ a ɾ u ɡ u
జరుపు	d͡ʒ a ɾ u p u
జలుబు	d͡ʒ a l u b u
జలౌకసము	d͡ʒ a l a w k a s a m u
జవాబు	d͡ʒ a ʋ aː b u
జాగ్రత	d͡ʒ aː ɡ ɾ a t̪ a
జాగ్రత్త	d͡ʒ aː ɡ ɾ a t̪ː a
జాడ	d͡ʒ aː ɖ a
జానువు	d͡ʒ aː n u ʋ u
జాబిల్లి	d͡ʒ aː b i lː i
జామ	d͡ʒ aː m a
జామాత	d ʒ aː m aː t a
జాము	d͡ʒ aː m u
జారుడు	d͡ʒ aː ɾ u ɖ u
జాలము	d͡ʒ aː l a m u
జిరాఫీ	d ʒ i r aː pʰ iː
జీవము	d͡ʒ iː ʋ a m u
జీవి	d͡ʒ iː ʋ i
జీవితం	d͡ʒ iː ʋ i t̪ a m̃
జీవితము	d͡ʒ iː ʋ i t̪ a m u
జీవితములు	d͡ʒ iː ʋ i t̪ a m u l u
జీవితాలు	d͡ʒ iː ʋ i t̪ aː l u
జుట్టు	d͡ʒ u ʈː u
జున్ను	d͡ʒ u nː u
జున్నుపాలు	d͡ʒ u nː u p aː l u
జెండా	d͡ʒ e ɳ ɖ aː
జెలగ	d͡ʒ e l a ɡ a
జేజే	d͡ʒ eː d͡ʒ eː
జేబు	d͡ʒ eː b u
జేబుదొంగ	d͡ʒ eː b u d̪ o ŋ ɡ a
జేమ	d͡ʒ eː m a
జొన్న	d͡ʒ o nː a
జొల్లు	d͡ʒ o lː u
జోడు	d͡ʒ oː ɖ u
జ్ఞా	d͡ʒ ɲ aː
జ్ఞానము	d͡ʒ ɲ aː n a m u
జ్ఞాపకము	d͡ʒ ɲ aː p a k a m u
జ్యా	d͡ʒ j aː
జ్యేష్ఠ	d͡ʒ j eː ʂ ʈʱ a
జ్వాల	d͡ʒ ʋ aː l a
టంకశాల	ʈ a ŋ k a ʃ aː l a
టూకీ	ʈ uː k iː
టెంకాయ	ʈ e ŋ k aː j a
ఠాణా	ʈʱ aː ɳ aː
డ	ɖ
డ	ɖ a
త	t
త	t a
తగ్గించు	t̪ a ɡː i ɲ t͡ʃ u
తప్పించు	t̪ a pː i ɲ t͡ʃ u
తయారుచేయు	t̪ a j aː ɾ u t͡ʃ eː j u
తలచు	t̪ a l a t͡ʃ u
తాకించు	t̪ aː k i ɲ t͡ʃ u
తాగించు	t̪ aː ɡ i ɲ t͡ʃ u
తాటాకు	t aː ʈ aː k u
తాపము	t aː p a m u
తామసము	t aː m a s a m u
తారుమారు	t aː r u m aː r u
తాలూకా	t aː l uː k aː
తాళపుచెవి	t̪ aː ɭ a p u t͡ʃ e ʋ i
తావి	t aː ʋ i
తావు	t aː ʋ u
తిండిపంద	t̪ i ɳ ɖ i p a n d̪ a
తినిపించాడు	t̪ i n i p i ɲ t͡ʃ aː ɖ u
తినిపించాను	t̪ i n i p i ɲ t͡ʃ aː n u
తినిపించాము	t̪ i n i p i ɲ t͡ʃ aː m u
తినిపించారు	t̪ i n i p i ɲ t͡ʃ aː ɾ u
తినిపించావు	t̪ i n i p i ɲ t͡ʃ aː ʋ u
తినిపించింది	t̪ i n i p i ɲ t͡ʃ i n d̪ i
తినిపించు	t̪ i n i p i ɲ t͡ʃ u
తిరుమల	t i r u m a l a
తిరువారాధనము	t i r u ʋ aː r aː dʱ a n a m u
తీర్చు	t̪ iː ɾ t͡ʃ u
తుడుచు	t̪ u ɖ u t͡ʃ u
తృప్తి	t̪ ɾ u p t̪ i
తెచ్చు	t̪ e t͡ʃː u
తెప్పించు	t̪ e pː i ɲ t͡ʃ u
తెరచు	t̪ e ɾ a t͡ʃ u
తెలిగించు	t̪ e l i ɡ i ɲ t͡ʃ u
తైలము	t̪ a j l a m u
తొందర	t̪ o n d̪ a ɾ a
తొందరగా	t̪ o n d̪ a ɾ a ɡ aː
తోసిపుచ్చు	t̪ oː s i p u t͡ʃː u
త్రచ్చన	t̪ ɾ a t͡ʃː a n a
త్రావించు	t̪ ɾ aː ʋ i ɲ t͡ʃ u
దండి	d a ɳ ɖ i
దండు	d a ɳ ɖ u
దండుగ	d a ɳ ɖ u ɡ a
దంతవైద్యుడు	d̪ a n̪ t̪ a ʋ a j d̪ j u ɖ u
దయచేయు	d̪ a j a t͡ʃ eː j u
దయచేసి	d̪ a j a t͡ʃ eː s i
దలైలామా	d̪ a l a j l aː m aː
దాచు	d̪ aː t͡ʃ u
దాటించు	d̪ aː ʈ i ɲ t͡ʃ u
దాటింది	d̪ aː ʈ i n d̪ i
దాపుబోడ	d̪ aː p u b oː ɖ a
దాల్చినచెక్క	d̪ aː l t͡ʃ i n a t͡ʃ e kː a
దాశరథి	d aː ʃ a r a tʱ i
దాసుడు	d aː s u ɖ u
దిండు	d i ɳ ɖ u
దిట్ట	d i ʈː a
దిశ	d̪ i ʃ a
దిష్టి	d i ʂ ʈ i
దురదృష్టము	d̪ u ɾ a d̪ ɾ i ʂ ʈ a m u
దురాలోచన	d̪ u ɾ aː l oː t͡ʃ a n a
దృక్కు	d̪ ɾ u kː u
దృఢం	d̪ ɾ i ɖʱ a m̃
ద్వైతం	d̪ ʋ a j t̪ a m̃
ద్వైతము	d̪ ʋ a j t̪ a m u
ధనము	dʱ a n a m u
ధనియాలు	dʱ a n i j aː l u
ధరించు	d̪ʱ a ɾ i ɲ t͡ʃ u
ధర్మశాల	d̪ʱ a ɾ m a ʃ aː l a
ధీర	dʱ iː r a
ధూపము	dʱ uː p a m u
న	n
న	n a
నంజు	n a ɲ d͡ʒ u
నంది	n a n d̪ i
నచ్చు	n a t͡ʃː u
నడచు	n a ɖ a t͡ʃ u
నడపించు	n a ɖ a p i ɲ t͡ʃ u
నడుచు	n a ɖ u t͡ʃ u
నమః	n a m a h
నమస్కృతి	n a m a s k ɾ u t̪ i
నమూనా	n a m uː n aː
నర్తించు	n a ɾ t̪ i ɲ t͡ʃ u
నవనీతము	n a ʋ a n iː t a m u
నవ్వించు	n a ʋː i ɲ t͡ʃ u
నవ్వింది	n a ʋː i n d̪ i
నాచు	n aː t͡ʃ u
నాటుమందు	n aː ʈ u m a n d̪ u
నారంగము	n aː r a ŋ ɡ a m u
నారదుడు	n aː r a d u ɖ u
నారింజ	n aː ɾ i ɲ d͡ʒ a
నింద	n i n d̪ a
నిచ్చెన	n i t͡ʃː e n a
నిజం	n i d͡ʒ a m̃
నిజము	n i d͡ʒ a m u
నిజముగా	n i d͡ʒ a m u ɡ aː
నిదురించు	n i d̪ u ɾ i ɲ t͡ʃ u
నిద్రించు	n i d̪ ɾ i ɲ t͡ʃ u
నిరీక్షించు	n i ɾ iː k ʂ i ɲ t͡ʃ u
నిలుచు	n i l u t͡ʃ u
నిల్చు	n i l t͡ʃ u
నివసించు	n i ʋ a s i ɲ t͡ʃ u
నివృత్తి	n i ʋ r i t t i
నిశ్	n i ʃ
నుంచి	n u ɲ t͡ʃ i
నుడికారము	n u ɖ i k aː r a m u
నృపతి	n r i p a t i
నేర్చు	n eː ɾ t͡ʃ u
నేర్చుకొను	n eː ɾ t͡ʃ u k o n u
నైఋతి	n a j ɾ u t̪ i
నైఋతిమూల	n a j ɾ u t̪ i m uː l a
నైట్రేటు	n a j ʈ ɾ eː ʈ u
నైవేద్యము	n a j ʋ eː d̪ j a m u
నొప్పించు	n o pː i ɲ t͡ʃ u
పంగ	p a ŋ ɡ a
పంచ	p a ɲ t͡ʃ a
పంచకోణం	p a ɲ t͡ʃ a k oː ɳ a m̃
పంచకోణము	p a ɲ t͡ʃ a k oː ɳ a m u
పంచదార	p a ɲ t͡ʃ a d̪ aː ɾ a
పంచాడు	p a ɲ t͡ʃ aː ɖ u
పంచాను	p a ɲ t͡ʃ aː n u
పంచారు	p a ɲ t͡ʃ aː ɾ u
పంచావు	p a ɲ t͡ʃ aː ʋ u
పంచింది	p a ɲ t͡ʃ i n d̪ i
పంచు	p a ɲ t͡ʃ u
పంచె	p a ɲ t͡ʃ e
పంచెలు	p a ɲ t͡ʃ e l u
పంది	p a n d̪ i
పందికొక్కు	p a n d̪ i k o kː u
పందిరి	p a n d̪ i ɾ i
పంపించు	p a m p i ɲ t͡ʃ u
పక్షి	p a k ʂ i
పచ్చ	p a t͡ʃː a
పచ్చడి	p a t͡ʃː a ɖ i
పచ్చరెక్క	p a t͡ʃː a ɾ e kː a
పచ్చి	p a t͡ʃː i
పడతి	p a ɖ a t i
పడుచు	p a ɖ u t͡ʃ u
పత్రరంధ్రము	p a t̪ ɾ a ɾ a n d̪ʱ ɾ a m u
పత్రిక	p a t r i k a
పథ్యము	p a tʱ j a m u
పదునైన	p a d̪ u n a j n a
పనిచేయు	p a n i t͡ʃ eː j u
పనుచు	p a n u t͡ʃ u
పరాజయము	p a ɾ aː d͡ʒ a j a m u
పరిచయము	p a r i t ʃ a j a m u
పలుచదనము	p a l u t͡ʃ a d̪ a n a m u
పలుచన	p a l u t͡ʃ a n a
పలుచని	p a l u t͡ʃ a n i
పసుపుపచ్చ	p a s u p u p a t͡ʃː a
పాంకోడు	p aː ŋ k oː ɖ u
పాంచజన్యము	p aː ɲ t ʃ a j a n j a m u
పాంచాలము	p aː ɲ t ʃ aː l a m u
పాండిత్యము	p aː ɳ ɖ i t j a m u
పాఠశాల	p aː ʈʰ a ʃ aː l a
పాడ్యమి	p aː ɖ j a m i
పాయసము	p aː j a s a m u
పావడ	p aː ʋ a ɖ a
పిందియ	p i n d̪ i j a
పిందె	p i n d̪ e
పిచ్చి	p i t͡ʃː i
పిచ్చుక	p i t͡ʃː u k a
పిజ్జా	p i d͡ʒː aː
పిడక	p i ɖ a k a
పిడత	p i ɖ a t a
పితృలు	p i t̪ ɾ u l u
పిలుచు	p i l u t͡ʃ u
పీచు	p iː t͡ʃ u
పుచ్చ	p u t͡ʃː a
పుచ్చు	p u t͡ʃː u
పుట్టినరోజు	p u ʈː i n a ɾ oː d͡ʒ u
పులోమజ	p u l oː m a d͡ʒ a
పుల్లింగము	p u lː i ŋ ɡ a m u
పుష్కరము	p u ʂ k a r a m u
పుష్పించు	p u ʂ p i ɲ t͡ʃ u
పుష్పించే	p u ʂ p i ɲ t͡ʃ eː
పుష్యము	p u ʂ j a m u
పుౘ్చు	p u t͡s t͡ʃ u
పూచు	p uː t͡ʃ u
పూచే	p uː t͡ʃ eː
పూజ	p uː d ʒ a
పూబిందె	p uː b i n d̪ e
పూర్ణము	p uː r ɳ a m u
పూస	p uː s a
పెంకు	p e ŋ k u
పెంచాడు	p e ɲ t͡ʃ aː ɖ u
పెంచాను	p e ɲ t͡ʃ aː n u
పెంచాము	p e ɲ t͡ʃ aː m u
పెంచారు	p e ɲ t͡ʃ aː ɾ u
పెంచావు	p e ɲ t͡ʃ aː ʋ u
పెంచింది	p e ɲ t͡ʃ i n d̪ i
పెంచు	p e ɲ t͡ʃ u
పెంచుతున్నది	p e ɲ t͡ʃ u t̪ u nː a d̪ i
పెంచుతున్నాడు	p e ɲ t͡ʃ u t̪ u nː aː ɖ u
పెంచుతున్నాను	p e ɲ t͡ʃ u t̪ u nː aː n u
పెంచుతున్నాము	p e ɲ t͡ʃ u t̪ u nː aː m u
పెంచుతున్నారు	p e ɲ t͡ʃ u t̪ u nː aː ɾ u
పెంచుతున్నావు	p e ɲ t͡ʃ u t̪ u nː aː ʋ u
పెందలాడే	p e n d̪ a l aː ɖ eː
పెట్ట	p e ʈː a
పెట్టించు	p e ʈː i ɲ t͡ʃ u
పెనిమిటి	p e n i m i ʈ i
పేల్చు	p eː l t͡ʃ u
పైకప్పు	p a j k a pː u
పైడి	p a j ɖ i
పైన	p a j n a
పైరగాలి	p a j ɾ a ɡ aː l i
పైవిలాసము	p a j ʋ i l aː s a m u
పొందు	p o n d̪ u
పొందుకత్తె	p o n d̪ u k a t̪ː e
పొందుకాడు	p o n d̪ u k aː ɖ u
పొగచుట్ట	p o ɡ a t͡ʃ u ʈː a
పొగచెట్టు	p o ɡ a t͡ʃ e ʈː u
పొగమంచు	p o ɡ a m a ɲ t͡ʃ u
పొగాకుచెట్టు	p o ɡ aː k u t͡ʃ e ʈː u
పొడిచేయు	p o ɖ i t͡ʃ eː j u
పొడుచు	p o ɖ u t͡ʃ u
పౌను	p a w n u
పౌర	p a w ɾ a
పౌరము	p a w ɾ a m u
పౌలోమి	p a w l oː m i
ప్రకటనచేయు	p ɾ a k a ʈ a n a t͡ʃ eː j u
ప్రకటించు	p ɾ a k a ʈ i ɲ t͡ʃ u
ప్రత్యర్థి	p r a t j a r tʰ i
ప్రపంచము	p ɾ a p a ɲ t͡ʃ a m u
ప్రబుద్ధుడు	p r a b u dːʱ u ɖ u
ప్రశాంతి	p r a ʃ aː n t i
ప్రశ్న	p r a ʃ n a
ప్రసంగము	p r a s a ŋ ɡ a m u
ప్రాచీనము	p ɾ aː t͡ʃ iː n a m u
ప్రాచీరము	p ɾ aː t͡ʃ iː ɾ a m u
ప్రారంభించు	p ɾ aː ɾ a m bʱ i ɲ t͡ʃ u
ప్రియమైన	p ɾ i j a m a j n a
ప్రేమించాడు	p ɾ eː m i ɲ t͡ʃ aː ɖ u
ప్రేమించాను	p ɾ eː m i ɲ t͡ʃ aː n u
ప్రేమించాము	p ɾ eː m i ɲ t͡ʃ aː m u
ప్రేమించారు	p ɾ eː m i ɲ t͡ʃ aː ɾ u
ప్రేమించావు	p ɾ eː m i ɲ t͡ʃ aː ʋ u
ప్రేమించింది	p ɾ eː m i ɲ t͡ʃ i n d̪ i
ప్రేమించు	p ɾ eː m i ɲ t͡ʃ u
ఫలించుట	pʰ a l i ɲ t͡ʃ u ʈ a
ఫసక్	pʰ a s a k
ఫాలము	pʱ aː l a m u
ఫిర్యాదుచేయు	pʰ i ɾ j aː d̪ u t͡ʃ eː j u
బండారు	b a ɳ ɖ aː r u
బచ్చలి	b a t͡ʃː a l i
బచ్చెన	b a t͡ʃː e n a
బజారు	b a d͡ʒ aː ɾ u
బట్ట	b a ʈː a
బహుశా	b a h u ʃ aː
బాగుచేయు	b aː ɡ u t͡ʃ eː j u
బాజా	b aː d͡ʒ aː
బీగపుచెవి	b iː ɡ a p u t͡ʃ e ʋ i
బుట్ట	b u ʈː a
బురుజు	b u ɾ u d͡ʒ u
బూటకము	b uː ʈ a k a m u
బూతు	b uː t u
బృహస్పతి	b ɾ u h a s p a t̪ i
బెరడు	b e r ʌ ɖ u
బేరముచేయు	b eː ɾ a m u t͡ʃ eː j u
బైట	b a j ʈ a
బొచ్చు	b o t͡ʃː u
భాద్రపదము	bʱ aː d r a p a d a m u
భుజంగము	bʱ u d͡ʒ a ŋ ɡ a m u
భుజకీర్తి	bʱ u d͡ʒ a k iː ɾ t̪ i
భుజము	bʱ u d͡ʒ a m u
భూమిజ	bʱ uː m i d͡ʒ a
భైరవి	bʱ a j ɾ a ʋ i
మ	m ə
మంచము	m a ɲ t͡ʃ a m u
మంచి	m a ɲ t͡ʃ i
మంచినీళ్ళు	m a ɲ t͡ʃ i n iː ɭː u
మంచు	m a ɲ t͡ʃ u
మంచుగడ్డ	m a ɲ t͡ʃ u ɡ a ɖː a
మంజరి	m a ɲ d͡ʒ a r i
మంజిష్ఠ	m a ɲ d͡ʒ i ʂ ʈʱ a
మంద	m a n d̪ a
మందము	m a n d̪ a m u
మందలు	m a n d̪ a l u
మందిరము	m a n d̪ i ɾ a m u
మందు	m a n d̪ u
మందుకొట్టు	m a n d̪ u k o ʈː u
మందుల	m a n d̪ u l a
మందులవాడు	m a n d̪ u l a ʋ aː ɖ u
మందులు	m a n d̪ u l u
మక్కా	m a k k ā
మచ్చ	m a ʈ s ʈ s a
మచ్చు	m a t͡ʃː u
మట్ట	m a ʈː a
మనోజవసుఁడు	m a n oː d͡ʒ a ʋ a s u ɖ u
మనోజవసుడు	m a n oː d͡ʒ a ʋ a s u ɖ u
మనోజవుడు	m a n oː d͡ʒ a ʋ u ɖ u
మరచిపోవు	m a ɾ a t͡ʃ i p oː ʋ u
మర్కటము	m a r k a ʈ a m u
మర్యాద	m a r j aː d a
మర్రిచెట్టు	m a r i t͡ʃ e ʈː u
మర్రిచెట్లు	m a r i t͡ʃ e ʈ l u
మాఘము	m aː ɡʱ a m u
మాడ్చు	m aː ɖ t͡ʃ u
మారుచు	m aː ɾ u t͡ʃ u
మార్గశిరము	m aː r ɡ a ʃ i r a m u
మార్చి	m aː ɾ t͡ʃ i
మార్చు	m aː ɾ t͡ʃ u
మాఱుచు	m aː r u t͡ʃ u
మాఱ్చు	m aː r t͡ʃ u
మాసికము	m aː s i k a m u
మించు	m i ɲ t͡ʃ u
మిలమిల	m i l a m i l a
ముందు	m u n d̪ u
ముందుమాట	m u n d̪ u m aː ʈ a
ముందోలు	m u n d̪ oː l u
ముగించు	m u ɡ i ɲ t͡ʃ u
ముచ్చు	m u t͡ʃː u
ముజ్జగము	m u d͡ː ʒ a ɡ a m u
ముట్టె	m u ʈː e
మున్నూరు	m u nː uː r u
మూలకేంద్రము	m uː l a k eː n d̪ ɾ a m u
మృదులము	m ɾ u d̪ u l a m u
మెచ్చు	m e t͡ʃː u
మెరచు	m e ɾ a t͡ʃ u
మెరుచు	m e ɾ u t͡ʃ u
మేజా	m eː d͡ʒ aː
మేళనము	m eː ɭ a n a m u
మై	m a j
మైక్రోలీటరు	m a j k ɾ oː l iː ʈ a ɾ u
మైనం	m a j n a m̃
మైనము	m a j n a m u
మైనా	m a j n aː
మొక్కజొన్న	m o kː a d͡ʒ o nː a
మొనచన్ను	m o n a t͡ʃ a nː u
మొలచు	m o l a t͡ʃ u
మోగించు	m oː ɡ i ɲ t͡ʃ u
మోచెయి	m oː t͡ʃ e j i
మోచెయ్యి	m oː t͡ʃ e jː i
మోచేయి	m oː t͡ʃ eː j i
మౌని	m a w n i
మౌనులు	m a w n u l u
మ్రుచ్చు	m ɾ u t͡ʃː u
యక్షుడు	j a k ʂ u ɖ u
యజనము	j a d͡ʒ a n a m u
యజమాని	j a d͡ʒ a m aː n i
యాభై	j aː bʱ a j
ర	r
ర	r a
రంధ్రము	ɾ a n d̪ʱ ɾ a m u
రచయిత	ɾ a t͡ʃ a j i t̪ a
రచయిత్రి	ɾ a t͡ʃ a j i t̪ ɾ i
రజతాద్రి	ɾ a d͡ʒ a t̪ aː d̪ ɾ i
రాజమహేంద్రవరం	ɾ aː d͡ʒ a m a h eː n d̪ ɾ a ʋ a ɾ a m̃
రాజీ	ɾ aː d͡ʒ iː
రాజీనామా	ɾ aː d͡ʒ iː n aː m aː
రావు	r aː ʋ u
రాశి	ɾ aː ʃ i
రూక	r uː k a
రెట్టించు	ɾ e ʈː i ɲ t͡ʃ u
రేఖ	r eː kʱ a
రేగు	r eː ɡ u
రేచీకటి	r eː t ʃ iː k a ʈ i
రేణుక	r eː ɳ u k a
రేణువు	r eː ɳ u ʋ u
రేరాజు	ɾ eː ɾ aː d͡ʒ u
రైతు	ɾ a j t̪ u
రోగము	r oː ɡ a m u
రోదసి	r oː d a s i
రౌతు	ɾ a w t̪ u
లంఘనము	l a ŋ ɡʱ a n a m u
లంజ	l a ɲ d͡ʒ a
లచ్చి	l a t͡ʃː i
లడ్డు	l a ɖː u
లాలాజలము	l aː l aː d͡ʒ a l a m u
లెక్కించు	l e kː i ɲ t͡ʃ u
లేఖ	l eː kʰ a
లేచు	l eː t͡ʃ u
లోంచి	l oː ɲ t͡ʃ i
లోనించి	l oː n i ɲ t͡ʃ i
లోనుంచి	l oː n u ɲ t͡ʃ i
లోహము	l oː h a m u
వంటచేయు	ʋ a ɳ ʈ a t͡ʃ eː j u
వక్షోజము	ʋ a k ʂ oː d͡ʒ a m u
వచనము	ʋ a t ʃ a n a m u
వచ్చిన	ʋ a t͡ʃː i n a
వచ్చు	ʋ a t͡ʃː u
వచ్చుబడి	ʋ a t͡ʃː u b a ɖ i
వడి	v a ɖ i
వడియము	v a ɖ i j a m u
వడిసెల	ʋ a ɖ i s e l a
వడ్డించు	ʋ a ɖː i ɲ t͡ʃ u
వధించు	ʋ a d̪ʱ i ɲ t͡ʃ u
వలచు	ʋ a l a t͡ʃ u
వలపించు	ʋ a l a p i ɲ t͡ʃ u
వాక్కు	ʋ aː kː u
వాచచ్చిననాడు	ʋ aː t͡ʃ a t͡ʃː i n a n aː ɖ u
వాచవి	ʋ aː t͡ʃ a ʋ i
వాచు	ʋ aː t͡ʃ u
వాచుట	ʋ aː t͡ʃ u ʈ a
వానచినుకు	ʋ aː n a t͡ʃ i n u k u
వాలుకుర్చీ	ʋ aː l u k u ɾ t͡ʃ iː
వాసనచూచు	ʋ aː s a n a t͡ʃ uː t͡ʃ u
విందు	ʋ i n d̪ u
వికృతి	ʋ i k ɾ u t̪ i
విజయము	ʋ i d ʒ a j a m u
విజయవాడ	ʋ i d͡ʒ a j a ʋ aː ɖ a
విజాతి	ʋ i d ʒ aː t i
విజ్ఞానము	ʋ i d͡ʒ ɲ aː n a m u
వినిపించాడు	ʋ i n i p i ɲ t͡ʃ aː ɖ u
వినిపించాను	ʋ i n i p i ɲ t͡ʃ aː n u
వినిపించాము	ʋ i n i p i ɲ t͡ʃ aː m u
వినిపించారు	ʋ i n i p i ɲ t͡ʃ aː ɾ u
వినిపించావు	ʋ i n i p i ɲ t͡ʃ aː ʋ u
వినిపించింది	ʋ i n i p i ɲ t͡ʃ i n d̪ i
వినిపించు	ʋ i n i p i ɲ t͡ʃ u
విమోచనము	ʋ i m oː t͡ʃ a n a m u
విలపించు	ʋ i l a p i ɲ t͡ʃ u
విలయము	ʋ i l a j a m u
విలవిల	ʋ i l a ʋ i l a
విలుచు	ʋ i l u t͡ʃ u
వివరించు	ʋ i ʋ a ɾ i ɲ t͡ʃ u
విశాఖపట్నం	ʋ i ʃ aː kʰ a p a ʈ n a m̃
విశేషం	ʋ i ʃ eː ʂ a m̃
విశేషము	ʋ i ʃ eː ʂ a m u
విశేషములు	ʋ i ʃ eː ʂ a m u l u
విశేషాలు	ʋ i ʃ eː ʂ aː l u
విశ్రమము	ʋ i ʃ ɾ a m a m u
విశ్రమించు	ʋ i ʃ ɾ a m i ɲ t͡ʃ u
విశ్రాంతి	ʋ i ʃ ɾ aː n̪ t̪ i
విశ్వము	ʋ i ʃ ʋ a m u
విశ్వసనీయము	ʋ i ʃ ʋ a s a n iː j a m u
వీచు	ʋ iː t͡ʃ u
వీచుట	ʋ iː t͡ʃ u ʈ a
వీసము	ʋ iː s a m u
వృంతము	ʋ r i n t a m u
వృకము	ʋ r i k a m u
వృక్షము	ʋ r i k ʂ a m u
వృథా	ʋ ɾ u t̪ʰ aː
వెంబడించు	ʋ e m b a ɖ i ɲ t͡ʃ u
వెచ్చ	ʋ e t͡ʃː a
వెచ్చని	ʋ e t͡ʃː a n i
వెడల్పైన	ʋ e ɖ a l p a j n a
వెన్నముచ్చు	ʋ e nː a m u t͡ʃː u
వెలంది	ʋ e l a n d̪ i
వెలతక్కువైన	ʋ e l a t̪ a kː u ʋ a j n a
వెలయెక్కువైన	ʋ e l a j e kː u ʋ a j n a
వేదన	ʋ eː d a n a
వేదము	ʋ eː d a m u
వేశ్య	ʋ eː ʃ j a
వై	ʋ a j
వైద్యశాల	ʋ a j d̪ j a ʃ aː l a
వైద్యుడు	ʋ a j d̪ j u ɖ u
వైద్యులు	ʋ a j d̪ j u l u
వైనతేయుడు	ʋ a j n a t̪ eː j u ɖ u
వైపు	ʋ a j p u
వైరాగ్యము	ʋ a j ɾ aː ɡ j a m u
వైశాఖము	ʋ a j ʃ aː kʰ a m u
వ్యంగ్యము	ʋ j a ŋ ɡ j a m u
వ్యవసాయము	ʋ j a ʋ a s aː j a m u
వ్యాసంగము	ʋ j aː s a ɳ ɡ a m u
శకటము	ʃ a k a ʈ a m u
శకటరేఫము	ʃ a k a ʈ a ɾ eː pʰ a m u
శకటవ్యూహము	ʃ a k a ʈ a ʋ j uː h a m u
శణము	ʃ a ɳ a m u
శనివారము	ʃ a n i ʋ aː ɾ a m u
శబ్దము	ʃ a b d̪ a m u
శరత్తు	ʃ a ɾ a t̪ː u
శరదృతువు	ʃ a ɾ a d̪ ɾ u t̪ u ʋ u
శరీరం	ʃ a ɾ iː ɾ a m̃
శరీరము	ʃ a ɾ iː ɾ a m u
శశము	ʃ a ʃ a m u
శాంటియాగో	ʃ aː ɳ ʈ i j aː ɡ oː
శాకము	ʃ aː k a m u
శాకాహారి	ʃ aː k aː h aː ɾ i
శాఖాహారి	ʃ aː kʰ aː h aː ɾ i
శిక్ష	ʃ i k ʂ a
శిరస్తోదము	ʃ i ɾ a s t̪ oː d̪ a m u
శిల	ʃ i l a
శిశ్నము	ʃ i ʃ n a m u
శీర్షము	ʃ iː ɾ ʂ a m u
శీర్షిక	ʃ iː ɾ ʂ i k a
శుభరాత్రి	ʃ u bʱ a ɾ aː t̪ ɾ i
శైలము	ʃ a j l a m u
శైవలము	ʃ a j ʋ a l a m u
శైశవము	ʃ a j ʃ a ʋ a m u
శొంఠి	ʃ o ɳ ʈʰ i
శ్యేనము	ʃ j eː n a m u
శ్రావణము	ʃ r aː ʋ a ɳ a m u
శ్రీ	ʃ ɾ iː
శ్రీకారము	ʃ r iː k aː r a m u
శ్రీగంధము	ʃ r iː ɡ a n dʱ a m u
శ్రీవిద్య	ʃ ɾ iː ʋ i d̪ j a
శ్రేణి	ʃ ɾ eː ɳ i
శ్రేయము	ʃ r eː j a m u
శ్రేష్ఠము	ʃ ɾ eː ʂ ʈʰ a m u
శ్రేష్ఠుడు	ʃ r eː ʂ ʈʰ u ɖ u
శ్రోణి	ʃ r oː ɳ i
సంఘము	s a ŋ ɡʱ a m u
సంచి	s a ɲ t ʃ i
సంప్రోక్షణము	s a m p r oː k ʂ a ɳ a m u
సంబంధము	s a m b a n d̪ʱ a m u
సంబంధించు	s a m b a n d̪ʱ i ɲ t͡ʃ u
సంసారము	s a n s aː r a m u
సంస్కృతం	s a m̃ s k ɾ u t̪ a m̃
సంస్థానము	s a n s tʱ aː n a m u
సంహిత	s a m h i t a
సజాతి	s a d ʒ aː t i
సమాచారము	s a m aː t͡ʃ aː ɾ a m u
సమావేశం	s a m aː ʋ eː ʃ a m̃
సమావేశము	s a m aː ʋ eː ʃ a m u
సముచ్చయము	s a m u t͡ʃː a j a m u
సరళము	s a r a ɭ a m u
సరసము	s a r a s a m u
సరిచూచు	s a ɾ i t͡ʃ uː t͡ʃ u
సరియైన	s a ɾ i j a j n a
సరీసృపము	s a r iː s r i p a m u
సాంఖ్యము	s aː ŋ kʱ j a m u
సామ్రాజ్యము	s aː m ɾ aː d͡ʒ j a m u
సింధు	s i n d̪ʱ u
సీ	s iː
సీతాకోకచిలుక	s iː t̪ aː k oː k a t͡ʃ i l u k a
సీసము	s ī s a m u
సుతుడు	s u t u ɖ u
సుదతి	s u d a t i
సుదర్శనము	s u d a r ʃ a n a m u
సూచన	s uː t͡ʃ a n a
సూచించు	s uː t͡ʃ i ɲ t͡ʃ u
సైకిలు	s a j k i l u
సోపానము	s oː p aː n a m u
సౌందర్యం	s a w n d̪ a ɾ j a m̃
సౌందర్యము	s a w n d̪ a ɾ j a m u
సౌందర్యవతి	s a w n d̪ a ɾ j a ʋ a t̪ i
సౌఖ్యము	s a w kʰ j a m u
సౌదామిని	s a w d̪ aː m i n i
స్వాతంత్ర్యము	s ʋ aː t a n t r y a m u
స్వాతి	s ʋ aː t i
స్వాదనము	s ʋ aː d a n a m u
స్వాధీనము	s ʋ aː dʱ iː n a m u
స్వీకరించు	s ʋ iː k a ɾ i ɲ t͡ʃ u
స్వేదము	s ʋ eː d a m u
హరిణము	h a r i ɳ a m u
హర్షము	h a r ʂ a m u
హేమము	h eː m a m u
హైదరాబాదు	h a j d̪ a ɾ aː b aː d̪ u
ా	a
ి	i
ొ	o
ో	oː
ౠ	ɾ uː
ౢ	l u
ౣ	l uː
