ⴰ	a
ⴰ	j a
ⴰⴱⴰⴱⴱⵓⵥ	a b a b b u zˤ
ⴰⴱⴰⵏⴷⵓ	a b a n d u
ⴰⴱⵅⵅⵓⵛ	a b x x u ʃ
ⴰⴱⵓⴱⴱⵓ	a b u b b u
ⴰⴱⵔⴹⵓⴹ	a b r dˤ u dˤ
ⴰⴱⵔⴽⴰⵏ	a b r k a n
ⴰⴱⵔⵉⴷ	a b r i d
ⴰⴱⵔⵛⴰⵏ	a b r ʃ a n
ⴰⴱⵕⴹⵓⴹ	a b rˤ dˤ u dˤ
ⴰⴳⴰⴷⵉⵔ	a ɡ a d i r
ⴰⴳⴰⵎⴰ	a ɡ a m a
ⴰⴳⴰⵎⴰⵏ	a ɡ a m a n
ⴰⴳⴰⵜⵓ	a ɡ a t u
ⴰⴳⴳⵓ	a ɡ ɡ u
ⴰⴳⴳⵓⵔ	a ɡ ɡ u r
ⴰⴳⴷⵉ	a ɡ d i
ⴰⴳⴷⵓⴷ	a ɡ d u d
ⴰⴳⴹⵉⴹ	a ɡ dˤ i dˤ
ⴰⴳⵊⴷⵉ	a ɡ ʒ d i
ⴰⴳⵍⵍⵉⴷ	a ɡ l l i d
ⴰⴳⵏⴰⵔ	a ɡ n a r
ⴰⴳⵔⵉⵙ	a ɡ r i s
ⴰⴳⵯⵍⵉⵎ	a ɡʷ l i m
ⴰⴳⵯⵍⵎⴰⵎ	a ɡʷ l m a m
ⴰⴳⵯⵍⵎⵉⵎ	a ɡʷ l m i m
ⴰⴳⵯⵏⵉ	a ɡʷ n i
ⴰⴳⵯⵔⵉⵙ	a ɡʷ r i s
ⴰⴷ	a d
ⴰⴷⴰⵙⵉⵍ	a d a s i l
ⴰⴷⴼⵍ	a d f l
ⴰⴷⵉⵙ	a d i s
ⴰⴷⵔⴰⵔ	a d r a r
ⴰⴷⵡⴰⵙ	a d w a s
ⴰⴹⴰⴹ	a dˤ a dˤ
ⴰⴹⴰⵔ	a dˤ a r
ⴰⴹⴰⵕ	a dˤ a rˤ
ⴰⴹⵏ	a dˤ n
ⴰⴹⵓ	a dˤ u
ⴰⴼⴰ	a f a
ⴰⴼⴰⵍⴽⵓ	a f a l k u
ⴰⴼⴰⵙⵉ	a f a s i
ⴰⴼⴼ	a f f
ⴰⴼⵓⴷ	a f u d
ⴰⴼⵓⵙ	a f u s
ⴰⴼⵔ	a f r
ⴰⴼⵔⴰ	a f r a
ⴰⴼⵔⴷⵉⵙ	a f r d i s
ⴰⴼⵔⵡ	a f r w
ⴰⴼⵙⵙⴰⵢ	a f s s a j
ⴰⴽⴰⵍ	a k a l
ⴰⴽⵙⵉⵍ	a k s i l
ⴰⴽⵙⵓⵎ	a k s u m
ⴰⵀⴰⴷ	a h a d
ⴰⵀⵉⵜⵓⵔ	a h i t u r
ⴰⵄⴱⴰⵏ	a ʕ b a n
ⴰⵄⴷⴷⵉⵙ	a ʕ d d i s
ⴰⵅ	a x
ⴰⵅⴰⵜⴰⵔ	a x a t a r
ⴰⵅⴱⴰⵛ	a x b a ʃ
ⴰⵅⵍⵉⵊⵊ	a x l i ʒ ʒ
ⴰⵅⵎⵉⵎ	a x m i m
ⴰⵇⴷⵉⵎ	a q d i m
ⴰⵇⵎⵓ	a q m u
ⴰⵇⵕⵕⵓ	a q rˤ rˤ u
ⴰⵇⵛⴰⵛ	a q ʃ a ʃ
ⴰⵇⵛⵎⵉⵔ	a q ʃ m i r
ⴰⵇⵛⵓⵔ	a q ʃ u r
ⴰⵊⴷⴷⵉⴳ	a ʒ d d i ɡ
ⴰⵊⴹⵉⴹ	a ʒ dˤ i dˤ
ⴰⵊⵢ	a ʒ j
ⴰⵍ	a l
ⴰⵍⴰⵖⵎⵓ	a l a ɣ m u
ⴰⵍⴳⴳⵯⴰⵖ	a l ɡ ɡʷ a ɣ
ⴰⵍⵅⵉⵅ	a l x i x
ⴰⵍⵍ	a l l
ⴰⵍⵍⵏ	a l l n
ⴰⵍⵡⵡⴰⵖ	a l ɡ ɡʷ a ɣ
ⴰⵍⵢ	a l j
ⴰⵎⴰⴹⴰⵍ	a m a dˤ a l
ⴰⵎⴰⵍⵓ	a m a l u
ⴰⵎⴰⵏ	a m a n
ⴰⵎⴰⵖⵓⴷ	a m a ɣ u d
ⴰⵎⴰⵣⵉⵖ	a m a z i ɣ
ⴰⵎⴳⵔⴹ	a m ɡ ə r dˤ
ⴰⵎⴷⴰ	a m d a
ⴰⵎⴷⴷⴰⴽⴽⵯⵍ	a m d d a k kʷ l
ⴰⵎⴷⵖ	a m d ɣ
ⴰⵎⴹⴰⵏ	a m dˤ a n
ⴰⵎⴹⵓⵡⵔ	a m dˤ u w r
ⴰⵎⴽⴽⵓⵥ	a m k k u zˤ
ⴰⵎⴽⵔⴰⴹ	a m k r a dˤ
ⴰⵎⴽⵕⴰⴹ	a m k rˤ a dˤ
ⴰⵎⵀⴰⴷ	a m h a d
ⴰⵎⵇⵇⵔⴰⵏ	a m q q r a n
ⴰⵎⵍⵍⴰⵍ	a m l l a l
ⴰⵎⵓⴷ	a m u d
ⴰⵎⵓⴹⵉⵏ	a m u dˤ i n
ⴰⵎⵓⵏⵙⴽⴰⵍ	a m u n s k a l
ⴰⵎⵓⵛⵛ	a m u ʃ ʃ
ⴰⵎⵖⵔⵉⴱⵉ	a m ɣ r i b i
ⴰⵎⵖⵔⵓⵏ	a m ɣ r u n
ⴰⵎⵖⵖⵔⴰⵏ	a m ɣ ɣ r a n
ⴰⵎⵛⵉⵛ	a m ʃ i ʃ
ⴰⵎⵟⵟⴰ	a m tˤ tˤ a
ⴰⵎⵟⵟⴰⵡ	a m tˤ tˤ a w
ⴰⵎⵢⴰ	a m j a
ⴰⵎⵣⵔⵓⵢ	a m z r u j
ⴰⵎⵣⵣⵓⵖ	a m z z u ɣ
ⴰⵎⵥ	a m zˤ
ⴰⵎⵥⵢⴰⵏ	a m zˤ j a n
ⴰⵎⵥⵥⵓⵖ	a m zˤ zˤ u ɣ
ⴰⵎⵥⵥⵢⴰⵏ	a m zˤ zˤ j a n
ⴰⵏⴰⵎⵓⵔ	a n a m u r
ⴰⵏⴰⵏⴰⵚ	a n a n a sˤ
ⴰⵏⴼⴰⵍ	a n f a l
ⴰⵏⵏⴰⵢ	a n n a j
ⴰⵏⵓ	a n u
ⴰⵏⵛⵓⵛ	a n ʃ u ʃ
ⴰⵏⵣⴰⵔ	a n z a r
ⴰⵏⵥⴰⵔ	a n zˤ a r
ⴰⵏⵥⴰⵕ	a n zˤ a rˤ
ⴰⵔⴰⵎ	a r a m
ⴰⵔⴰⵙ	a r a s
ⴰⵔⴱⴰ	a r b a
ⴰⵔⴳⴰⵏ	a r ɡ a n
ⴰⵔⴳⴰⵣ	a r ɡ a z
ⴰⵔⵉⵎ	a r i m
ⴰⵔⵡ	a r w
ⴰⵔⵢⴰⵣ	a r j a z
ⴰⵖ	a ɣ
ⴰⵖⵉⵍⴰⵙ	a ɣ i l a s
ⴰⵖⵓ	a ɣ u
ⴰⵖⵓⵍⵉⴷ	a ɣ u l i d
ⴰⵖⵔⴱⵉ	a ɣ r b i
ⴰⵖⵔⵓⵎ	a ɣ r u m
ⴰⵖⵖⵓ	a ɣ u
ⴰⵖⵣⵣⴰⴼ	a ɣ z z a f
ⴰⵙ	a s
ⴰⵙⴳⴳⵯⴰⵙ	a s ɡ ɡʷ a s
ⴰⵙⴳⴷ	a s ɡ d
ⴰⵙⴽⵍⵓ	a s k l u
ⴰⵙⵇⵇⵏ	a s q q n
ⴰⵙⵉ	a s i
ⴰⵙⵉⴹⵏ	a s i dˤ n
ⴰⵙⵉⴼ	a s i f
ⴰⵙⵍⵎ	a s l m
ⴰⵙⵏⴳⴰⵔ	a s n ɡ a r
ⴰⵙⵓⴷⴷⵔ	a s u d d r
ⴰⵙⵓⵎⵔ	a s u m r
ⴰⵙⵓⵖⵏ	a s u ɣ n
ⴰⵙⵙ	a s s
ⴰⵙⵢ	a s j
ⴰⵛⴰⵍ	a ʃ a l
ⴰⵛⴹⴹⵡⴰⵏ	a ʃ dˤ dˤ w a n
ⴰⵛⵏⵢⴰⵍ	a ʃ n j a l
ⴰⵛⵔ	a ʃ r
ⴰⵛⵛⵔ	a ʃ ʃ r
ⴰⵛⵟⵟⵡⴰⵏ	a ʃ tˤ tˤ w a n
ⴰⵜⴰⵢ	a t a j
ⴰⵡⴰⵍ	a w a l
ⴰⵡⴽⴽⵉⵡ	a w k k i w
ⴰⵡⵏⴳⵉⵎ	a w n ɡ i m
ⴰⵡⵔⴰⵖ	a w r a ɣ
ⴰⵡⵔⴰⵙ	a w r a s
ⴰⵢⴰⴷ	a j a d
ⴰⵢⴷⵉ	a j d i
ⴰⵢⵉⵏ	a j i n
ⴰⵢⵉⵙ	a j i s
ⴰⵢⵊⵊⵉⴳ	a j ʒ ʒ i ɡ
ⴰⵢⵓⵔ	a j u r
ⴰⵣⴰⴳⴳⵯⵣ	a z a ɡ ɡʷ z
ⴰⵣⴰⵍ	a z a l
ⴰⵣⴰⵔⵓ	a z a r u
ⴰⵣⴳⴳⵯⴰⵖ	a z ɡ ɡʷ a ɣ
ⴰⵣⴳⵣⴰ	a z ɡ z a
ⴰⵣⴳⵣⴰⵡ	a z ɡ z a w
ⴰⵣⵓⵍ	a z u l
ⴰⵣⵔⵉⵔⵉⴳ	a z r i r i ɡ
ⴰⵣⵡⵓ	a z w u
ⴰⵣⵡⵡⴰⵖ	a z ɡ ɡʷ a ɣ
ⴰⵣⵢⴰⵎ	a z j a m
ⴰⵣⵣⴰⵔ	a z z a r
ⴰⵣⵣⵍ	a z z l
ⴰⵥⵍⵎⴰⴹ	a zˤ l m a dˤ
ⴰⵥⵓⵎ	a zˤ u m
ⴰⵥⵓⵔ	a zˤ u r
ⴰⵥⵓⵕ	a zˤ u rˤ
ⴰⵥⵔⴼ	a zˤ r f
ⴰⵥⵔⵓ	a zˤ r u
ⴰⵥⵕⴼ	a zˤ rˤ f
ⴰⵥⵕⵓ	a zˤ rˤ u
ⴱ	b
ⴱ	j a b
ⴱⴰⵍⵎⴰ	b a l m a
ⴱⴱⴰ	b b a
ⴱⴱⵢ	b b j
ⴱⴷⴷ	b d d
ⴱⴷⴷⵍ	b d d l
ⴱⴻⵏⴰⴷⵎ	b ə n a d m
ⴱⵄⴷ	b ʕ d
ⴱⵏⴰⴷⵎ	b n a d m
ⴱⵔⵔⵃ	b r r ħ
ⴱⵔⵔⵎ	b r r m
ⴱⵔⵛⵎ	b r ʃ m
ⴱⵣⵢ	b z j
ⴱⵣⵣⴰⴼ	b z z a f
ⴳ	j a ɡ
ⴳ	ɡ
ⴳⴰⵔ	ɡ a r
ⴳⴳⴰⵍⵍ	ɡ ɡ a l l
ⴳⴳⵉⴷⵉ	ɡ ɡ i d i
ⴳⴳⵯⴷ	ɡ ɡʷ d
ⴳⵎⴰ	ɡ m a
ⴳⵎⵔ	ɡ m r
ⴳⵏ	ɡ n
ⴳⵏⵓ	ɡ n u
ⴳⵔ	ɡ r
ⴳⵔⵙ	ɡ r s
ⴳⵣⵉⵍ	ɡ z i l
ⴳⵯⵜ	ɡʷ t
ⴷ	d
ⴷ	j a d
ⴷⴰⴷ	d a d
ⴷⴷⴰⵡ	d d a w
ⴷⴷⵓ	d d u
ⴷⴷⵓⴽⴽⵍ	d d u k k l
ⴷⴷⵔ	d d r
ⴷⴷⵣⴰⵢⵔ	d d z a j r
ⴷⴼⴼⵉⵔ	d f f i r
ⴷⴼⵄ	d f ʕ
ⴷⵉⵏ	d i n
ⴷⵔⵓⵛ	d r u ʃ
ⴷⵢ	d j
ⴹ	dˤ
ⴹ	j a dˤ
ⴹⴰⵔ	dˤ a r
ⴹⴰⵕ	dˤ a rˤ
ⴹⴹⴹ	dˤ dˤ dˤ
ⴹⵓⵡⵔ	dˤ u w r
ⴹⵔ	dˤ r
ⴹⵕ	dˤ rˤ
ⴻ	j ə j
ⴻ	ə
ⴼ	f
ⴼ	j a f
ⴼⴰⴷ	f a d
ⴼⴰⴼⴰ	f a f a
ⴼⴼⵔ	f f r
ⴼⴼⵖ	f f ɣ
ⴼⴽ	f k
ⴼⵍⵉⵢ	f l i j
ⴼⵔⴼⵔ	f r f r
ⴼⵙⴷ	f s d
ⴼⵙⵓⵙ	f s u s
ⴼⵙⵢ	f s j
ⴼⵛ	f ʃ
ⴼⵜⵉⵙ	f t i s
ⴽ	j a k
ⴽ	k
ⴽⴰⵀⵉⵏⴰ	k a h i n a
ⴽⴳⴳ	k ɡ ɡ
ⴽⴹⵓ	k dˤ u
ⴽⴼ	k f
ⴽⴽⵓⵥ	k k u zˤ
ⴽⴽⵔ	k k r
ⴽⵊⵎ	k ʒ m
ⴽⵎⴹ	k m dˤ
ⴽⵎⵎ	k m m
ⴽⵎⵣ	k m z
ⴽⵏⵉⵏⵜⵉ	k n i n t i
ⴽⵓⵍ	k u l
ⴽⵓⵏⵏⵉ	k u n n i
ⴽⵔⴰⴹ	k r a dˤ
ⴽⵔⴼ	k r f
ⴽⵔⵙ	k r s
ⴽⵔⵣ	k r z
ⴽⵕⴰⴹ	k rˤ a dˤ
ⴽⵯⵏⵏⵉ	kʷ n n i
ⴽⵯⵏⵏⵉⵎⵜⵉ	kʷ n n i m t i
ⵀ	h
ⵀ	j a h
ⵀⴷⵔ	h d r
ⵀⵣⵣⴰ	h z z a
ⵃ	j a ħ
ⵃ	ħ
ⵃⴰⵙⴱ	ħ a s b
ⵃⴼⵓ	ħ f u
ⵃⵎⵓ	ħ m u
ⵃⵏⵃⵏ	ħ n ħ n
ⵃⵏⵢⵉ	ħ n j i
ⵃⵓⴹⵔ	ħ u dˤ r
ⵄ	j a ʕ
ⵄ	ʕ
ⵄⴰⵔⵉ	ʕ a r i
ⵄⴰⵡⵏ	ʕ a w n
ⵄⴷⴷⵓ	ʕ d d u
ⵄⵍⴰⵃⵇⵇ	ʕ l a ħ q q
ⵄⵎⵎⵔ	ʕ m m r
ⵄⵓⵎ	ʕ u m
ⵄⵛⵔⴰ	ʕ ʃ r a
ⵄⵛⵔⵉⵏ	ʕ ʃ r i n
ⵅ	j a x
ⵅ	x
ⵅⴰⴹⵔ	x a dˤ r
ⵅⴷⵎ	x d m
ⵅⴼ	x f
ⵅⵅⵓ	x x u
ⵅⵎⵎⵎ	x m m m
ⵅⵎⵙⴰ	x m s a
ⵅⵡⵓ	x w u
ⵇ	j a q
ⵇ	q
ⵇⴰⴱⵍ	q a b l
ⵇⴰⵃ	q a ħ
ⵇⵇⴰⵔ	q q a r
ⵇⵇⵉⵎ	q q i m
ⵇⵇⵏ	q q n
ⵇⵇⵙ	q q s
ⵇⵎⵔ	q m r
ⵇⵔⵔⴱ	q r r b
ⵉ	i
ⵉ	j i
ⵉⴱⵉⴱⴸ	i b i b ð
ⵉⴱⵍⵉⵍⵍⵉ	i b l i l l i
ⵉⴳⴷⵉ	i ɡ d i
ⵉⴳⵉⴷⵔ	i ɡ i d r
ⵉⴳⵍⴳⵉⵣ	i ɡ l ɡ i z
ⵉⴳⵏⵏⴰ	i ɡ n n a
ⵉⴳⵔ	i ɡ r
ⵉⴷⴰⵎⵎⵏ	i d a m m n
ⵉⴷⵔⵉⵙ	i d r i s
ⵉⴹ	i dˤ
ⵉⴼⴼ	i f f
ⵉⴼⵉⵖⵔ	i f i ɣ r
ⵉⴼⵔ	i f r
ⵉⴼⵔⵉ	i f r i
ⵉⴼⵙⴰⵏ	i f s a n
ⵉⵄⴱⴰⵏⵏ	i ʕ b a n n
ⵉⵅⴼ	i x f
ⵉⵅⵙ	i x s
ⵉⵅⵚ	i x sˤ
ⵉⵍⵎ	i l m
ⵉⵍⵙ	i l s
ⵉⵎⴰⵣⵉⵖⵏ	i m a z i ɣ n
ⵉⵎⵉ	i m i
ⵉⵎⵉⴽ	i m i k
ⵉⵎⵙ	i m s
ⵉⵏ	i n
ⵉⵏⴰⵡ	i n a w
ⵉⵏⵉ	i n i
ⵉⵔⴷ	i r d
ⵉⵔⵉⵔ	i r i r
ⵉⵔⵙ	i r s
ⵉⵔⵥⵥⵉ	i r zˤ zˤ i
ⵉⵖⴷ	i ɣ d
ⵉⵖⴼ	i ɣ f
ⵉⵖⵉⵔ	i ɣ i r
ⵉⵖⵕⵢⴰⵏ	i ɣ rˤ j a n
ⵉⵖⵙ	i ɣ s
ⵉⵖⵚ	i ɣ sˤ
ⵉⵙⴳⵏⵡ	i s ɡ n w
ⵉⵙⴽ	i s k
ⵉⵙⴽⵔ	i s k r
ⵉⵙⵉⵏ	i s i n
ⵉⵙⵍⴰⵎ	i s l a m
ⵉⵙⵍⵍⵉ	i s l l i
ⵉⵙⵎ	i s m
ⵉⵙⵕⵎⴰⵏ	i s rˤ m a n
ⵉⵛⵉⵔⵔⵉ	i ʃ i r r i
ⵉⵛⵛ	i ʃ ʃ
ⵉⵛⵛⵔ	i ʃ ʃ r
ⵉⵜⵔⵉ	i t r i
ⵉⵡⵍ	i w l
ⵉⵡⵔⵉ	i w r i
ⵉⵢⴷⵉ	i j d i
ⵉⵣⵉⴽⵔ	i z i k r
ⵉⵣⵍⴰⵏ	i z l a n
ⵉⵣⵍⵉ	i z l i
ⵉⵣⵎ	i z m
ⵉⵥⵉⵍ	i zˤ i l
ⵊ	j a ʒ
ⵊ	ʒ
ⵊⵊⴱⵍ	ʒ ʒ b l
ⵊⵊⵢ	ʒ ʒ j
ⵊⵎⵄ	ʒ m ʕ
ⵊⵎⵎⴷ	ʒ m m d
ⵍ	j a l
ⵍ	l
ⵍⴰⵥ	l a zˤ
ⵍⴱⵃⵔ	l b ħ r
ⵍⴷⵉ	l d i
ⵍⵃⵇⵇ	l ħ q q
ⵍⵄⴰⴼⵉⵜ	l ʕ a f i t
ⵍⵄⴱ	l ʕ b
ⵍⵄⵉⵍ	l ʕ i l
ⵍⵉⴱⵢⴰ	l i b j a
ⵍⵉⵎⴰⵎ	l i m a m
ⵍⵎⴷ	l m d
ⵍⵎⵖⵔⵉⴱ	l m ɣ r i b
ⵍⵙ	l s
ⵍⵡⵉⵖ	l w i ɣ
ⵎ	j a m
ⵎ	m
ⵎⴰ	m a
ⵎⴰⵏⵉ	m a n i
ⵎⴰⵏⵜⵓⵔ	m a n t u r
ⵎⴰⵢ	m a j
ⵎⴹⵍ	m dˤ l
ⵎⴽ	m k
ⵎⵉⵍⵎⵉ	m i l m i
ⵎⵉⵎⴽ	m i m k
ⵎⵉⵎⵛ	m i m ʃ
ⵎⵍⵓⵍ	m l u l
ⵎⵍⵙⵉⵡⵜ	m l s i w t
ⵎⵎⴰ	m m a
ⵎⵎⵖ	m m ɣ
ⵎⵎⵜ	m m t
ⵎⵓⵏ	m u n
ⵎⵔⴰⵡ	m r a w
ⵎⵔⵢ	m r j
ⵎⵔⵥⵎ	m r zˤ m
ⵎⵕⵥⵎ	m rˤ zˤ m
ⵎⵖⵓⵔ	m ɣ u r
ⵎⵛ	m ʃ
ⵎⵢⴰ	m j a
ⵎⵥⵉⵢ	m zˤ i j
ⵏ	j a n
ⵏ	n
ⵏⴳⵉ	n ɡ i
ⵏⴹⵍ	n dˤ l
ⵏⴻⵖⴷ	n ə ɣ d
ⵏⴻⵖⴷ	n ə ɣ d d
ⵏⴻⵖⴷⴷ	n ə ɣ d d
ⵏⴽⴽ	n k k
ⵏⴽⵔ	n k r
ⵏⵇⵇⴱ	n q q b
ⵏⵉⵀⵏⵉ	n i h n i
ⵏⵉⵀⵏⵜⵉ	n i h n t i
ⵏⵎ	n m
ⵏⵏⴰⵖ	n n a ɣ
ⵏⵏⵉⴳ	n n i ɡ
ⵏⵏⵉⵍ	n n i l
ⵏⵓⴽⴽⵏⵉ	n u k k n i
ⵏⵓⵎⵉⴷⵢⴰ	n u m i d j a
ⵏⵖ	n ɣ
ⵏⵖⴷ	n ə ɣ d
ⵏⵖⴷⴷ	n ə ɣ d d
ⵏⵖⵖⴱ	n ɣ ɣ b
ⵏⵙ	n s
ⵏⵜⵜⴰ	n t t a
ⵏⵜⵜⴰⵜ	n t t a t
ⵏⵡ	n w
ⵏⵣⵖ	n z ɣ
ⵓ	j u
ⵓ	u
ⵓⴳⵍ	u ɡ l
ⵓⴷⵎ	u d m
ⵓⴹ	u dˤ
ⵓⴼⵙ	u f s
ⵓⵀⵓ	u h u
ⵓⵅⵙ	u x s
ⵓⵊⴷⵉⴷ	u ʒ d i d
ⵓⵍ	u l
ⵓⵍⴰⵡⵏ	u l a w n
ⵓⵍⴳⵉⵏ	u l ɡ i n
ⵓⵍⵜ	u l t
ⵓⵍⵜⵎⴰ	u l t ə m a
ⵓⵎⴰⵣⵉⵖ	u m a z i ɣ
ⵓⵎⵍⵉⵍ	u m l i l
ⵓⵎⵓⵎ	u m u m
ⵓⵏⴼⵙ	u n f s
ⵓⵔ	u r
ⵓⵔⴰⵔ	u r a r
ⵓⵔⴷ	u r d
ⵓⵔⵉⵃⵍⵉⵏ	u r i ħ l i n
ⵓⵔⵖ	u r ɣ
ⵓⵙⵉⴹⵏ	u s i dˤ n
ⵓⵙⵎ	u s m
ⵓⵟⵟⵓⵏ	u tˤ tˤ u n
ⵓⵣⵎⵎⵓⵔ	u z m m u r
ⵓⵣⵣⴰⵍ	u z z a l
ⵔ	j a r
ⵔ	r
ⵔⴰⵄⴰ	r a ʕ a
ⵔⴰⵔ	r a r
ⵔⴱⴱⴰ	r b b a
ⵔⴱⵄⴰ	r b ʕ a
ⵔⴽⵓ	r k u
ⵔⵔⵉⵛ	r r i ʃ
ⵔⵔⵎⵍⴰ	r r m l a
ⵔⵖ	r ɣ
ⵔⵛⵓ	r ʃ u
ⵔⵡⵍ	r w l
ⵔⵥⵉⴳ	r zˤ i ɡ
ⵕ	j a rˤ
ⵕ	rˤ
ⵕⵥⵉⴳ	rˤ zˤ i ɡ
ⵖ	j a ɣ
ⵖ	ɣ
ⵖⴰⵔ	ɣ a r
ⵖⴼ	ɣ f
ⵖⵉⵎ	ɣ i m
ⵖⵓⴷⵓ	ɣ u d u
ⵖⵓⵙ	ɣ u s
ⵖⵔ	ɣ r
ⵖⵖⵉⵎ	ɣ ɣ i m
ⵖⵣ	ɣ z
ⵖⵣⵉⴼ	ɣ z i f
ⵙ	j a s
ⵙ	s
ⵙⴰ	s a
ⵙⴰⴷ	s a d
ⵙⴰⵍ	s a l
ⵙⴰⵎ	s a m
ⵙⴱⵄⴰ	s b ʕ a
ⵙⴳⴳⵎ	s ɡ ɡ m
ⵙⴷⵉⴷ	s d i d
ⵙⴹⵉⵙ	s dˤ i s
ⵙⴹⵉⵚ	s dˤ i sˤ
ⵙⴼⴹ	s f dˤ
ⵙⴽⴽⵔ	s k k r
ⵙⴽⵏ	s k n
ⵙⵃⵓ	s ħ u
ⵙⵉⵏ	s i n
ⵙⵍ	s l
ⵙⵍⵍ	s l l
ⵙⵎⵉⴹ	s m i dˤ
ⵙⵎⵎⵓⵙ	s m m u s
ⵙⵎⵓⵎ	s m u m
ⵙⵏⴰⵜ	s n a t
ⵙⵓⴷⴷⵎ	s u d d m
ⵙⵙⵇⵇⵏ	s s q q n
ⵙⵙⵉⵔⴷ	s s i r d
ⵙⵙⵉⵡⵍ	s s i w l
ⵙⵙⵏⵡ	s s n w
ⵙⵙⵓⴹ	s s u dˤ
ⵙⵙⵓⴼⵙ	s s u f s
ⵙⵙⵓⵎⵎ	s s u m m
ⵙⵙⵓⵏⴼⵙ	s s u n f s
ⵙⵙⵖⵓⵙ	s s ɣ u s
ⵙⵜⵉⵍ	s t i l
ⵙⵜⵉⵜⵜ	s t i t t
ⵙⵜⵖ	s t ɣ
ⵙⵜⵜⴰ	s t t a
ⵙⵡ	s w
ⵚ	j a sˤ
ⵚ	sˤ
ⵛ	j a ʃ
ⵛ	ʃ
ⵛⴰ	ʃ a
ⵛⴰⵡⵔ	ʃ a w r
ⵛⴳⴳ	ʃ ɡ ɡ
ⵛⴹⵉⵏ	ʃ dˤ i n
ⵛⴹⵓ	ʃ dˤ u
ⵛⴼ	ʃ f
ⵛⵎⵎ	ʃ m m
ⵛⵎⵎⵍ	ʃ m m l
ⵛⵔⴰⴹ	ʃ r a dˤ
ⵛⵔⴼ	ʃ r f
ⵛⵕⴰⴹ	ʃ rˤ a dˤ
ⵛⵛ	ʃ ʃ
ⵛⵟⵃ	ʃ tˤ ħ
ⵛⵡⵉⵢ	ʃ w i j
ⵛⵡⵓ	ʃ w u
ⵛⵡⵢ	ʃ w j
ⵜ	j a t
ⵜ	t
ⵜⴰⴳⴰⵏⵜ	t a ɡ a n t
ⵜⴰⴳⴳⵓⵔⵜ	t a ɡ ɡ u r t
ⵜⴰⴳⴷⴰ	t a ɡ d a
ⵜⴰⴳⴷⴰⵣⴰⵍⵜ	t a ɡ d a z a l t
ⵜⴰⴳⴷⵓⴷⴰ	t a ɡ d u d a
ⵜⴰⴳⴷⵕⵓⵕⵜ	t a ɡ d rˤ u rˤ t
ⵜⴰⴳⴹⵔⵓⵔⵜ	t a ɡ dˤ r u r t
ⵜⴰⴳⵍⴰⵢⵜ	t a ɡ l a j t
ⵜⴰⴳⵔⵊⵓⵎⵜ	t a ɡ r ʒ u m t
ⵜⴰⴳⵔⵙⵜ	t a ɡ r s t
ⵜⴰⴳⵯⵓⵜⵜ	t a ɡʷ u t t
ⵜⴰⴳⵯⵔⵉⵜⵜ	t a ɡʷ r i t t
ⵜⴰⴷ	t a d
ⵜⴰⴷⴰⵡⵜ	t a d a w t
ⵜⴰⴷⴷⴰⵔⵜ	t a d d a r t
ⵜⴰⴷⴼⴼⵓⵢⵜ	t a d f f u j t
ⵜⴰⴷⵓⵏⵜ	t a d u n t
ⵜⴰⴷⵓⵡⵡⴰⵔⵜ	t a d u w w a r t
ⵜⴰⴼⴰⴷⴰ	t a f a d a
ⵜⴰⴼⴰⵍⴰ	t a f a l a
ⵜⴰⴼⵍⵙⴰⴼⵜ	t a f l s a f t
ⵜⴰⴼⵓⴽⵜ	t a f u k t
ⵜⴰⴼⵓⵏⴰⵙⵜ	t a f u n a s t
ⵜⴰⴼⵓⵛⵜ	t a f u ʃ t
ⵜⴰⵃⴱⵓⴱⵜ	t a ħ b u b t
ⵜⴰⵅⵅⵓⵢⵜ	t a x x u j t
ⵜⴰⵍⵍⴰⵙⵜ	t a l l a s t
ⵜⴰⵍⵍⵓⵏⵜ	t a l l u n t
ⵜⴰⵎ	t a m
ⵜⴰⵎⴰⵔⵜ	t a m a r t
ⵜⴰⵎⴰⵣⵉⵖⵜ	t a m a z i ɣ t
ⵜⴰⵎⴷⴷⵉⵜ	t a m d d i t
ⵜⴰⵎⵎⵏⵜ	t a m m n t
ⵜⴰⵎⵓⵔⵜ	t a m u r t
ⵜⴰⵎⵟⵟⵓⵜⵜ	t a m tˤ tˤ u t t
ⵜⴰⵎⵥⵍⴰ	t a m zˤ l a
ⵜⴰⵏ	t a n
ⵜⴰⵔⴰⴽⴰⵍⵜ	t a r a k a l t
ⵜⴰⵔⴱⴰⵜⵜ	t a r b a t t
ⵜⴰⵖⴹⴼⵜ	t a ɣ dˤ f t
ⵜⴰⵖⵔⵉⵜⵜ	t a ɣ r i t t
ⵜⴰⵖⵔⵓⵛⵜ	t a ɣ r u ʃ t
ⵜⴰⵙⴰ	t a s a
ⵜⴰⵙⴰⵔⵓⵜ	t a s a r u t
ⵜⴰⵙⵍⴹⵜ	t a s l dˤ t
ⵜⴰⵙⵏⵉⵍⵙⵜ	t a s n i l s t
ⵜⴰⵛⵛⵍⵜ	t a ʃ ʃ l t
ⵜⴰⵡⴰⵍⵉⵜ	t a w a l i t
ⵜⴰⵡⴰⵔⴳⵉⵜⵜ	t a w a r ɡ i t t
ⵜⴰⵡⵔⵉⵇⵜ	t a w r i q t
ⵜⴰⵡⵡⵓⵔⵜ	t a ɡ ɡ u r t
ⵜⴰⵢⵔⵉ	t a j r i
ⵜⵃⵉ	t ħ i
ⵜⵉⴳⴷⵉⵜ	t i ɡ d i t
ⵜⵉⴳⵎⵎⵉ	t i ɡ m m i
ⵜⵉⴳⵏⵣⴰⵔ	t i ɡ n z a r
ⵜⵉⴳⵔⵉ	t i ɡ r i
ⵜⵉⴷⴷⵓⴽⴽⵍⴰ	t i d d u k k l a
ⵜⵉⵍⴳⴳⵡⵉⵜ	t i l ɡ ɡ w i t
ⵜⵉⵍⴳⴳⵯⵉⵜ	t i l ɡ ɡʷ i t
ⵜⵉⵎⵉⴹⵉ	t i m i dˤ i
ⵜⵉⵏⴰⵡⵜ	t i n a w t
ⵜⵉⵏⴳⴻⵍⵉⵣⵜ	t i n ɡ ə l i z t
ⵜⵉⵏⴳⵍⵉⵣⵜ	t i n ɡ ə l i z t
ⵜⵉⵔⵎⵜ	t i r m t
ⵜⵉⵙⵍⵉⵜ	t i s l i t
ⵜⵉⵙⵏⵜ	t i s n t
ⵜⵉⵜⵜ	t i t t
ⵜⵉⵟⵟ	t i tˤ tˤ
ⵜⵉⵟⵟⴰⵡⵉⵏ	t i tˤ tˤ a w i n
ⵜⵉⵡⴷⵉ	t i w d i
ⵜⵉⵣⵉⵣⵡⵉⵜ	t i z i z w i t
ⵜⵎⴻⵏⵢⴰ	t m ə n j a
ⵜⵎⵏⵢⴰ	t m ə n j a
ⵜⵏⵣⵣⵓⵜ	t n z z u t
ⵜⵓⴳⴰ	t u ɡ a
ⵜⵓⴳⴷⵓⵜ	t u ɡ d u t
ⵜⵓⵔⴷⴰ	t u r d a
ⵜⵓⵔⵜⵉⵜ	t u r t i t
ⵜⵓⵖⵎⵙⵜ	t u ɣ m s t
ⵜⵓⵙⵏⴰⴽⵜ	t u s n a k t
ⵜⵓⵜⵍⴰⵢⵜ	t u t l a j t
ⵜⵙⵄⵓⴷ	t s ʕ u d
ⵜⵜⵓⵜⵜⵢ	t t u t t j
ⵜⵜⵔ	t t r
ⵜⵥⴰ	t zˤ a
ⵟ	j a tˤ
ⵟ	tˤ
ⵟⵙ	tˤ s
ⵟⵟⴹ	tˤ tˤ dˤ
ⵟⵟⴼ	tˤ tˤ f
ⵟⵟⵉⵇⵙ	tˤ tˤ i q s
ⵡ	j a w
ⵡ	w
ⵡⴰⴷ	w a d
ⵡⴰⵏ	w a n
ⵡⴰⵔⴳⴰ	w a r ɡ a
ⵡⵍ	w l
ⵡⵏⵥⵓⵍ	w n zˤ u l
ⵡⵔⵉⵖ	w r i ɣ
ⵡⵙⵄ	w s ʕ
ⵡⵙⵅ	w s x
ⵢ	j
ⵢ	j a j
ⵢⴰⴹⵏ	j a dˤ n
ⵢⴰⴹⵏⵉⵏ	j a dˤ n i n
ⵢⴰⵀ	j a h
ⵢⵉⵎⴰⵣⵉⵖⵏ	j i m a z i ɣ n
ⵢⵓⵏ	j u n
ⵢⵓⵏⵙ	j u n s
ⵢⵓⵔ	j u r
ⵢⵓⵜ	j u t
ⵣ	j a z
ⵣ	z
ⵣⵓⵔ	z u r
ⵣⵓⵖⵔ	z u ɣ r
ⵣⵡⵉⵖ	z w i ɣ
ⵣⵡⵓ	z w u
ⵣⵣⵔⵔⵉⵄⵜ	z z r r i ʕ t
ⵥ	j a zˤ
ⵥ	zˤ
ⵥⵉⵢⵔ	zˤ i j r
ⵥⵎ	zˤ m
ⵥⵓⵎ	zˤ u m
ⵥⵥⴰⴳ	zˤ zˤ a ɡ
