abak	áː b a k
abeceda	a b ɛ t͡s éː d a
abstrakten	a p s t r áː k t ə n
abstraktno	a p s t r áː k t n ɔ
absurden	a p s úː r d ə n
absurdnejši	a p s úː r d n ɛ j ʃ i
aceton	a t͡s ɛ t óː n
adijo	a d íː j ɔ
adjektiven	a d j ɛ k t íː ʋ ə n
adut	a d úː t
aerodinamika	a ɛ́ː r ɔ d i n àː m i k a
aerodinamika	áː ɛ r ɔ d i n àː m i k a
aerolit	a ɛ r ɔ l íː t
afganistan	a ʋ ɡ áː n i s t a n
afna	àː f n a
afrika	áː f r i k a
aglomeracija	a ɡ l ɔ m ɛ r àː t͡s i j a
agrumi	a ɡ r úː m i
ahil	a x íː l
ahoj	a x óː j
ajd	àː j t
ajd	á j t
ajnštajnij	áː j n ʃ t a j n i j
aksiom	a k s i j óː m
aktinij	a k t ìː n i j
aktualizacija	a k t u a l i z àː t͡s i j a
aktualizirati	a k t u a l i z íː r a t i
akuzativ	áː k u z a t i ʋ
akvarij	a k ʋ àː r i j
albanec	a l b áː n ə t͡s
albanija	a l b àː n i j a
albanka	a l b áː n k a
albanski	a l b áː n s k i
albansko	a l b áː n s k ɔ
albanščina	a l b áː n ʃ t͡ʃ i n a
aleksander	a l ɛ k s àː n d ə r
ali	a l i
ali	á l i
ali	áː l i
aligator	a l i ɡ áː t ɔ r
aljaska	a l j áː s k a
alkohol	a l k ɔ x óː l
alpaka	a l p áː k a
aluminij	a l u m ìː n i j
alžirija	a l ʒ íː r i j a
aman	áː m a n
amarant	a m a r àː n t
amarant	a m a r áː n t
ambasador	a m b a s áː d ɔ r
ambrozija	a m b r òː z i j a
americij	a m ɛ r ìː t͡s i j
amerika	a m ɛ́ː r i k a
ameriški	a m ɛ́ː r i ʃ k i
amfiteater	a m f i t ɛ àː t ə r
ampak	á m p a k
amper	a m p ɛ́ː r
amputirati	a m p u t íː r a t i
amulet	a m u l éː t
ana	àː n a
anakonda	a n a k óː n d a
analen	a n áː l ə n
analogija	a n a l ɔ ɡ íː j a
ananas	áː n a n a s
anarhist	a n a r x íː s t
anarhizem	a n a r x ìː z ə m
anatomija	a n a t ɔ m íː j a
andaluzija	a n d a l ùː z i j a
andora	a n d óː r a
andreaš	a n d r ɛ àː ʃ
andrej	a n d r ɛ̀ː j
angel	àː n ɡ ɛ l
angleški	a n ɡ l éː ʃ k i
angleško	a n ɡ l éː ʃ k ɔ
angleščina	a n ɡ l éː ʃ t͡ʃ i n a
anglež	a n ɡ l éː ʃ
angležinja	a n ɡ l éː ʒ i n j a
anglija	áː n ɡ l i j a
anomalija	a n ɔ m a l íː j a
antarktika	a n t àː r k t i k a
antilopa	a n t i l óː p a
antimon	a n t i m óː n
anton	a n t óː n
antonim	a n t ɔ n íː m
apartma	a p a r t m áː
apnenec	a p n èː n ə t͡s
apnenec	a p n éː n ə t͡s
apokalipsa	a p ɔ k a l íː p s a
apostrof	a p ɔ s t r óː f
april	a p r íː l
arabski	a r áː p s k i
aragonit	a r a ɡ ɔ n íː t
arašid	a r a ʃ íː t
argon	a r ɡ óː n
argon	áː r ɡ ɔ n
arh	áː r x
arhitektura	a r x i t ɛ k t úː r a
arhivar	a r x i ʋ àː r
aristotel	a r i s t óː t ɛ l
armada	a r m áː d a
armenija	a r m èː n i j a
artefakt	a r t ɛ f áː k t
arterija	a r t ɛ̀ː r i j a
arzen	a r z éː n
as	áː s
asimetrija	á s i m ɛ t r íː j a
asklepij	a s k l èː p i j
astat	a s t áː t
asteroid	a s t ɛ r ɔ íː t
astrofizika	áː s t r ɔ f ìː z i k a
astrologija	a s t r ɔ l ɔ ɡ íː j a
astronomija	a s t r ɔ n ɔ m íː j a
ateizem	a t ɛ ìː z ə m
atena	a t éː n a
atene	a t éː n ɛ
atol	a t óː l
atomski	a t óː m s k i
atonalen	á t ɔ n áː l ə n
atrij	àː t r i j
avgust	a ʋ ɡ úː s t
avstralija	a ʋ s t r àː l i j a
avstrija	áː ʋ s t r i j a
avstrijec	a ʋ s t r íː j ə t͡s
avstrijka	a ʋ s t r íː j k a
avstrijski	a ʋ s t r íː j s k i
avto	áː ʋ t ɔ
avtobus	áː ʋ t ɔ b u s
avtosugestija	áː ʋ t ɔ s u ɡ ɛ s t íː j a
azerbajdžan	a z ɛ r b a j d͡ʒ áː n
azija	àː z i j a
azil	a z íː l
b	b éː
b	b ə́
baba	b àː b a
babica	b àː b i t͡s a
bager	b àː ɡ ə r
bagrist	b a ɡ r íː s t
bahami	b a x áː m i
bahrajn	b a x r áː j n
bajonet	b a j ɔ n éː t
bajta	b áː j t a
baker	b àː k ə r
bakla	b áː k l a
balet	b a l éː t
bambus	b áː m b u s
banja	b àː n j a
banka	b áː n k a
barantati	b a r a n t àː t i
barij	b àː r i j
barion	b a r i j óː n
barion	b áː r i j ɔ n
barka	b áː r k a
barva	b áː r ʋ a
bas	b áː s
basati	b àː s a t i
bask	b áː s k
baskovski	b áː s k ɔ ʋ s k i
baskovščina	b áː s k ɔ ʋ ʃ t͡ʃ i n a
baterija	b a t ɛ r íː j a
bati	b àː t i
batiskaf	b a t i s k áː f
baza	b àː z a
baza	b áː z a
bazalt	b a z áː l t
be	b éː
beda	b èː d a
bedak	b ɛ d àː k
beden	b èː d ə n
bednejši	b èː d n ɛ j ʃ i
bedro	b ɛ̀ː d r ɔ
beg	b éː k
begunec	b ɛ ɡ úː n ə t͡s
bel	b èː ʋ
belejši	b ɛ l ɛ́ː j ʃ i
belgija	b èː l ɡ i j a
belgijski	b èː l ɡ i j s k i
belina	b ɛ l ìː n a
beljak	b ɛ l j àː k
belorusija	b ɛ l ɔ r úː s i j a
beloruski	b ɛ l ɔ r úː s k i
beloruščina	b ɛ l ɔ r úː ʃ t͡ʃ i n a
benetke	b ɛ n éː t k ɛ
benzen	b ɛ n z éː n
beograd	b éː ɔ ɡ r a t
bergla	b éː r ɡ l a
berilij	b ɛ r ìː l i j
berkelij	b ɛ r k èː l i j
beseda	b ɛ s éː d a
beseden	b ɛ s éː d ə n
besedilo	b ɛ s ɛ d ìː l ɔ
besedotvoren	b ɛ s ɛ d ɔ t ʋ òː r ə n
besedotvoren	b ɛ s ɛ d ɔ t ʋ óː r ə n
besedotvorje	b ɛ s ɛ d ɔ t ʋ óː r j ɛ
betežen	b ɛ t èː ʒ ə n
betežnejši	b ɛ t èː ʒ n ɛ j ʃ i
betlehem	b éː t l ɛ x ɛ m
beton	b ɛ t óː n
bezeg	b ə z ə́ k
bezeg	b ə̀ z ə k
bezjak	b ɛ z j áː k
bežati	b ɛ ʒ àː t i
bik	b í k
binom	b i n óː m
biokemija	b íː j ɔ k ɛ m íː j a
biološki	b i ɔ l óː ʃ k i
birtija	b i r t íː j a
bisaga	b i s àː ɡ a
bisaga	b i s áː ɡ a
biseksualnost	b íː s ɛ k s u áː l n ɔ s t
biser	b íː s ɛ r
bistvo	b íː s t ʋ ɔ
biti	b ìː t i
bitje	b ìː t j ɛ
bitje	b íː t j ɛ
bivol	b íː ʋ ɔ l
bivši	b íː ʋ ʃ i
bizantinski	b i z a n t íː n s k i
bizgec	b íː z ɡ ə t͡s
bizmut	b íː z m u t
bizon	b íː z ɔ n
bič	b ìː t͡ʃ
bič	b í t͡ʃ
bič	b íː t͡ʃ
blag	b l áː k
blagajna	b l a ɡ áː j n a
blago	b l a ɡ óː
blagosloviti	b l a ɡ ɔ s l ɔ ʋ ìː t i
blagosloviti	b l a ɡ ɔ s l ɔ ʋ íː t i
blatnik	b l áː t n i k
blato	b l àː t ɔ
blazen	b l àː z ə n
blaznik	b l áː z n i k
blesteti	b l ɛ s t èː t i
blesti	b l ɛ̀ː s t i
blizu	b l ìː z u
bliže	b l íː ʒ ɛ
bližje	b l íː ʒ j ɛ
bližnjica	b l íː ʒ n j i t͡s a
bo	b óː
boben	b óː b ə n
bober	b òː b ə r
bober	b ɔ̀ː b ə r
bodi	b òː d i
bodimo	b òː d i m ɔ
bodimo	b ɔ d íː m ɔ
bodita	b òː d i t a
bodita	b ɔ d íː t a
bodite	b òː d i t ɛ
bodite	b ɔ d íː t ɛ
bodiva	b òː d i ʋ a
bodiva	b ɔ d íː ʋ a
bodo	b óː d ɔ
bog	b óː k
bogastvo	b ɔ ɡ áː s t ʋ ɔ
bogat	b ɔ ɡ á t
bogat	b ɔ̀ː ɡ a t
bogatejši	b ɔ ɡ a t ɛ́ː j ʃ i
boginja	b ɔ ɡ ìː n j a
bogomolka	b ɔ ɡ ɔ m óː l k a
boja	b óː j a
bojazen	b ɔ j áː z ə n
bojo	b óː j ɔ
bokal	b ɔ k áː l
bokal	b ɔ k áː ʋ
bolan	b ɔ l áː n
boleti	b ɔ l èː t i
bolezen	b ɔ l éː z ə n
bolečina	b ɔ l ɛ t͡ʃ ìː n a
bolgar	b ɔ l ɡ áː r
bolgarija	b ɔ l ɡ àː r i j a
bolgarka	b ɔ l ɡ áː r k a
bolgarski	b ɔ l ɡ àː r s k i
bolgarski	b ɔ l ɡ áː r s k i
bolgarsko	b ɔ l ɡ àː r s k ɔ
bolgarsko	b ɔ l ɡ áː r s k ɔ
bolgarščina	b ɔ l ɡ àː r ʃ t͡ʃ i n a
bolgarščina	b ɔ l ɡ áː r ʃ t͡ʃ i n a
bolha	b ɔ̀ː ʋ x a
bolj	b ɔ́ l
bolje	b óː l j ɛ
boljše	b óː l ʃ ɛ
boljši	b óː l ʃ i
bolnica	b óː l n i t͡s a
bolnik	b ɔ ʋ n ìː k
bolnišnica	b ɔ ʋ n íː ʃ n i t͡s a
bom	b óː m
bomba	b óː m b a
bombardirati	b ɔ m b a r d íː r a t i
bombaž	b ɔ m b áː ʃ
bombnik	b óː m b n i k
bomo	b óː m ɔ
bon	b óː n
bor	b óː r
bor	b ɔ́ r
borba	b óː r b a
borec	b óː r ə t͡s
boriti	b ɔ r ìː t i
boriti	b ɔ r íː t i
borka	b òː r k a
borka	b óː r k a
borovnica	b ɔ r ɔ ʋ n ìː t͡s a
borza	b óː r z a
borša	b óː r ʃ a
bos	b óː s
bos	b ɔ́ s
bosanski	b ɔ s àː n s k i
bosanski	b ɔ s áː n s k i
bosanščina	b ɔ s àː n ʃ t͡ʃ i n a
bosanščina	b ɔ s áː n ʃ t͡ʃ i n a
bosenski	b óː s ə n s k i
bosna	b óː s n a
bosta	b óː s t a
boste	b óː s t ɛ
bosti	b ɔ̀ː s t i
bova	b óː ʋ a
bozon	b ɔ z óː n
boš	b óː ʃ
božanski	b ɔ ʒ áː n s k i
božanstvo	b ɔ ʒ áː n s t ʋ ɔ
božati	b óː ʒ a t i
božič	b ɔ̀ː ʒ i t͡ʃ
božur	b ɔ ʒ ùː r
božur	b ɔ ʒ úː r
brada	b r àː d a
bradat	b r a d á t
bradatejši	b r a d àː t ɛ j ʃ i
bradavica	b r a d a ʋ ìː t͡s a
bralnik	b r áː l n i k
bran	b r áː n
brana	b r àː n a
branik	b r a n ìː k
braniti	b r a n ìː t i
braniti	b r a n íː t i
braniti	b r àː n i t i
brat	b r á t
brati	b r àː t i
bratranec	b r a t r áː n ə t͡s
bratranec	b r àː t r a n ə t͡s
brazda	b r àː z d a
brazgotina	b r a z ɡ ɔ t ìː n a
brazilija	b r a z ìː l i j a
brazilski	b r a z íː l s k i
brca	b ə́ r t͡s a
brcniti	b ə̀ r t͡s n i t i
brdavs	b ə r d áː ʋ s
brdo	b ə̀ r d ɔ
breg	b r éː k
breskev	b r éː s k ə ʋ
brest	b r èː s t
brest	b r éː s t
brest	b r ɛ́ s t
bresti	b r ɛ̀ː s t i
bretanja	b r ɛ t àː n j a
bretonec	b r ɛ t óː n ə t͡s
bretonka	b r ɛ t óː n k a
bretonski	b r ɛ t óː n s k i
bretonsko	b r ɛ t óː n s k ɔ
bretonščina	b r ɛ t óː n ʃ t͡ʃ i n a
brez	b r ɛ s
breza	b r èː z a
brezoseben	b r ɛ z ɔ s éː b ə n
brezčustven	b r ɛ s t͡ʃ úː s t ʋ ɛ n
briga	b r íː ɡ a
brihten	b r ìː x t ə n
brihtnejši	b r ìː x t n ɛ j ʃ i
brin	b r í n
britanija	b r i t àː n i j a
britanski	b r i t áː n s k i
briti	b r ìː t i
britof	b r íː t ɔ f
brivec	b r íː ʋ ə t͡s
brki	b ə́ r k i
brlog	b ə r l ɔ́ k
brod	b r óː t
brom	b r óː m
brom	b r ɔ́ m
bron	b r ɔ́ n
brskati	b ə r s k a t i
bruc	b r úː t͡s
bruselj	b r ùː s ə l
brusnica	b r úː s n i t͡s a
bruto	b r úː t ɔ
brv	b ə́ r ʋ
bršljan	b ə r ʃ l j áː n
buda	b úː d a
budalo	b u d àː l ɔ
buden	b ùː d ə n
budimpešta	b úː d i m p ɛ ʃ t a
budist	b u d íː s t
budnejši	b ùː d n ɛ j ʃ i
bukarešta	b u k a r éː ʃ t a
bukev	b úː k ə ʋ
bukselj	b ùː k s ə l
bukva	b úː k ʋ a
buldog	b úː l d ɔ k
bunda	b úː n d a
burek	b úː r ɛ k
burja	b ú r j a
butan	b u t áː n
butara	b ùː t a r a
buteljka	b u t éː l k a
buča	b ùː t͡ʃ a
car	t͡s àː r
car	t͡s áː r
carica	t͡s a r ìː t͡s a
carstvo	t͡s áː r s t ʋ ɔ
ceh	t͡s éː x
cekin	t͡s ɛ k íː n
cel	t͡s éː ʋ
celina	t͡s ɛ l ìː n a
celo	t͡s ɛ l óː
celota	t͡s ɛ l ɔ̀ː t a
cena	t͡s èː n a
cenzura	t͡s ɛ n z úː r a
cerij	t͡s ɛ̀ː r i j
cerkev	t͡s èː r k ə ʋ
cesar	t͡s ɛ̀ː s a r
cesarica	t͡s ɛ s a r ìː t͡s a
cesarstvo	t͡s ɛ s áː r s t ʋ ɔ
cesta	t͡s èː s t a
cev	t͡s éː ʋ
cezij	t͡s èː z i j
cigara	t͡s i ɡ àː r a
cigara	t͡s i ɡ áː r a
cigareta	t͡s i ɡ a r éː t a
ciklon	t͡s i k l óː n
cilj	t͡s íː l
cimet	t͡s ìː m ɛ t
cimet	t͡s íː m ɛ t
cink	t͡s íː n k
ciper	t͡s ìː p ə r
cirilica	t͡s i r íː l i t͡s a
cirkonij	t͡s i r k òː n i j
citre	t͡s íː t r ɛ
cokla	t͡s óː k l a
cona	t͡s óː n a
crkljati	t͡s ə r k l j àː t i
cula	t͡s ùː l a
cvek	t͡s ʋ ɛ́ k
cvesti	t͡s ʋ ə s t í
cvesti	t͡s ʋ ə̀ s t i
cvesti	t͡s ʋ ɛ̀ː s t i
cvet	t͡s ʋ éː t
cveten	t͡s ʋ éː t ə n
cvetje	t͡s ʋ èː t j ɛ
cviliti	t͡s ʋ ìː l i t i
cvreti	t͡s ʋ r èː t i
cvrček	t͡s ʋ ə́ r t͡ʃ ə k
da	d á
dajalec	d a j áː l ə t͡s
dajalnik	d a j áː l n i k
dajati	d a j àː t i
dalek	d áː l ɛ k
daleč	d àː l ɛ t͡ʃ
dalija	d àː l i j a
dalj	d á l
daljšati	d áː l ʃ a t i
daljši	d áː l ʃ i
dama	d àː m a
damask	d a m áː s k
damjak	d áː m j a k
dan	d àː n
dan	d áː n
dandanes	d áː n d àː n ə s
danec	d áː n ə t͡s
danes	d àː n ə s
danka	d áː n k a
danska	d áː n s k a
danski	d áː n s k i
dansko	d áː n s k ɔ
danščina	d áː n ʃ t͡ʃ i n a
dar	d áː r
darilo	d a r ìː l ɔ
darovati	d a r ɔ ʋ àː t i
datelj	d àː t ə l
dati	d àː t i
dativ	d áː t i ʋ
datum	d àː t u m
datum	d áː t u m
davek	d àː ʋ ə k
debel	d ɛ̀ː b ɛ ʋ
debelejši	d ɛ b ɛ l ɛ́ː j ʃ i
deber	d èː b ə r
deber	d éː b ə r
deber	d ə b ə́ r
deblo	d ɛ̀ː b l ɔ
december	d ɛ t͡s ɛ̀ː m b ə r
ded	d éː t
ded	d ɛ́ t
dedovati	d èː d ɔ ʋ a t i
dedovati	d éː d ɔ ʋ a t i
dedovati	d ɛ d ɔ ʋ àː t i
dejanje	d ɛ j áː n j ɛ
dejati	d ɛ j àː t i
dejaven	d ɛ j àː ʋ ə n
dejaven	d ɛ j áː ʋ ə n
dejavnejši	d ɛ j àː ʋ n ɛ j ʃ i
dejavnejši	d ɛ j áː ʋ n ɛ j ʃ i
dejavnost	d ɛ j àː ʋ n ɔ s t
dejavnost	d ɛ j áː ʋ n ɔ s t
dekle	d ɛ k l ɛ́
del	d èː l
del	d èː ʋ
del	d éː l
del	d éː ʋ
delati	d èː l a t i
delavec	d èː l a ʋ ə t͡s
deležnik	d ɛ l éː ʒ n i k
delfin	d ɛ l f íː n
delo	d èː l ɔ
demiurg	d ɛ m i j úː r k
demokracija	d ɛ m ɔ k r a t͡s íː j a
denar	d ɛ n àː r
denarnica	d ɛ n áː r n i t͡s a
dendrokronologija	d ɛ n d r ɔ k r ɔ n ɔ l ɔ ɡ ìː j a
depresija	d ɛ p r ɛ s íː j a
deset	d ɛ s éː t
desetarka	d ɛ s ɛ t àː r k a
desetletje	d ɛ s ɛ t l éː t j ɛ
desetnica	d ɛ s éː t n i t͡s a
deska	d ə s k á
deska	d ə̀ s k a
detel	d èː t ə l
deti	d èː t i
deva	d éː ʋ a
deverbativen	d ɛ ʋ ɛ r b a t íː ʋ ə n
devet	d ɛ ʋ éː t
devetdeset	d ɛ ʋ éː d d ɛ s ɛ t
devetnajst	d ɛ ʋ éː t n a j s t
devetnajst	d ɛ ʋ ɛ t n àː j s t
devica	d ɛ ʋ ìː t͡s a
deček	d éː t͡ʃ ə k
dež	d ə́ ʃ
dežela	d ɛ ʒ ɛ̀ː l a
deževati	d ə ʒ ɛ ʋ àː t i
dežnik	d ə ʒ n ìː k
diamant	d i j a m àː n t
diamant	d i j a m áː n t
diamanten	d i a m áː n t ə n
dihati	d ìː x a t i
dihur	d i x ùː r
dihur	d i x úː r
dijak	d i j àː k
dim	d í m
dimlje	d ìː m l j ɛ
dimlje	d íː m l j ɛ
dimnik	d íː m n i k
dinozaver	d i n ɔ z àː ʋ ə r
dirigent	d i r i ɡ ɛ́ n t
dirka	d íː r k a
diskriminacija	d i s k r i m i n àː t͡s i j a
disprozij	d i s p r òː z i j
diti	d ìː t i
divizija	d i ʋ i z íː j a
divjak	d ìː ʋ j a k
divji	d ìː ʋ j i
dlaka	d l àː k a
dlan	d l áː n
dleto	d l èː t ɔ
dnevnik	d n éː ʋ n i k
dno	d n ɔ́
do	d ɔ
dob	d óː p
doba	d ɔ̀ː b a
dober	d òː b ə r
dobiti	d ɔ b ìː t i
dobiti	d ɔ b íː t i
dobro	d ɔ̀ː b r ɔ
dobrodošel	d ɔ b r ɔ d ɔ̀ː ʃ ə ʋ
dogajati	d ɔ ɡ àː j a t i
dogajati	d ɔ ɡ áː j a t i
dogodek	d ɔ ɡ óː d ə k
dogovor	d ɔ ɡ ɔ́ː ʋ ɔ r
dojenček	d ɔ j ɛ̀ː n t͡ʃ ə k
dojilja	d ɔ j ìː l j a
dokler	d óː k l ɛ r
dokler	d ɔ k l ɛ́ r
dokler	d ɔ́ k l ɛ r
dol	d óː ʋ
dol	d ɔ̀ː l
dol	d ɔ́ː ʋ
dolg	d ɔ́ː ʋ k
dolgovaloven	d ɔ ʋ ɡ ɔ ʋ a l ɔ́ː ʋ ə n
dolgočasen	d ɔ ʋ ɡ ɔ t͡ʃ àː s ə n
dolgočasnejši	d ɔ l ɡ ɔ t͡ʃ àː s n ɛ j ʃ i
dolina	d ɔ l ìː n a
dolžina	d ɔ ʋ ʒ ìː n a
dom	d óː m
doma	d ɔ m áː
domišljija	d ɔ m i ʃ l j íː j a
domov	d ɔ m ɔ̀ː ʋ
domov	d ɔ m ɔ́ː ʋ
domovina	d ɔ m ɔ ʋ ìː n a
donava	d óː n a ʋ a
dopoldan	d ɔ p ɔ́ː ʋ d a n
dotakniti	d ɔ t a k n ìː t i
dotakniti	d ɔ t a k n íː t i
dotakniti	d ɔ t àː k n i t i
dovolj	d ɔ ʋ ɔ́ l
dovoljenje	d ɔ ʋ ɔ l j ɛ̀ː n j ɛ
dovršen	d ɔ ʋ ə́ r ʃ ə n
doživeti	d ɔ ʒ i ʋ èː t i
drag	d r áː k
drago	d r áː ɡ ɔ
dragulj	d r a ɡ ùː l
dragulj	d r a ɡ úː l
dražji	d r áː ʒ j i
drek	d r ɛ́ k
dren	d r ɛ́ n
dreti	d r èː t i
drevo	d r ɛ ʋ óː
drka	d ə́ r k a
drkaj	d ə́ r k a j
drkajmo	d ə́ r k a j m ɔ
drkajo	d ə́ r k a j ɔ
drkajta	d ə́ r k a j t a
drkajte	d ə́ r k a j t ɛ
drkajva	d ə́ r k a j ʋ a
drkam	d ə́ r k a m
drkamo	d ə́ r k a m ɔ
drkanje	d ə́ r k a n j ɛ
drkata	d ə́ r k a t a
drkate	d ə́ r k a t ɛ
drkati	d ə́ r k a t i
drkava	d ə́ r k a ʋ a
drkaš	d ə́ r k a ʃ
droben	d r ɔ̀ː b ə n
drobiž	d r ɔ b ìː ʃ
drobnjak	d r ɔ b n j àː k
drog	d r óː k
dromedar	d r ɔ m ɛ d àː r
dromlja	d r óː m l j a
drozd	d r óː s t
drozg	d r óː s k
drseti	d ə r s èː t i
drug	d r úː k
drugi	d r ùː ɡ i
drugi	d r úː ɡ i
drugoten	d r u ɡ ɔ̀ː t ə n
družba	d r úː ʒ b a
družina	d r u ʒ ìː n a
drva	d ə r ʋ á
drva	d ə̀ r ʋ a
država	d ə r ʒ áː ʋ a
ducat	d ùː t͡s a t
ducat	d úː t͡s a t
duda	d ùː d a
duda	d úː d a
dude	d ùː d ɛ
dude	d úː d ɛ
duh	d úː x
dunaj	d ùː n a j
dunajski	d ùː n a j s k i
duša	d ùː ʃ a
dušik	d u ʃ íː k
dva	d ʋ áː
dvajset	d ʋ áː j s ɛ t
dvanajst	d ʋ a n áː j s t
dve	d ʋ éː
dvigniti	d ʋ ìː ɡ n i t i
dvojina	d ʋ ɔ j ìː n a
dvojka	d ʋ óː j k a
dvojček	d ʋ òː j t͡ʃ ə k
dvojček	d ʋ óː j t͡ʃ ə k
dvom	d ʋ óː m
dvom	d ʋ ɔ́ m
dvomiti	d ʋ òː m i t i
dvomiti	d ʋ óː m i t i
dvomiti	d ʋ ɔ m ìː t i
dvomiti	d ʋ ɔ m íː t i
dvopičje	d ʋ óː p íː t͡ʃ j ɛ
dvovidski	d ʋ óː ʋ íː t s k i
dvoživka	d ʋ ɔ ʒ íː ʋ k a
džamija	d͡ʒ àː m i j a
džez	d͡ʒ éː s
džihad	d͡ʒ i x áː t
džihad	d͡ʒ íː x a t
džungla	d͡ʒ úː n ɡ l a
eden	ɛ̀ː d ə n
ednina	ɛ d n ìː n a
edvard	éː d ʋ a r t
egipt	ɛ ɡ íː p t
ejakulacija	ɛ j a k u l àː t͡s i j a
ekologija	ɛ k ɔ l ɔ ɡ íː j a
ekonomija	ɛ k ɔ n ɔ m íː j a
ekonomist	ɛ k ɔ n ɔ m íː s t
ekosistem	éː k ɔ s i s t éː m
eksodus	éː k s ɔ d u s
elektromagnetski	ɛ l éː k t r ɔ m a ɡ n éː t s k i
elektron	ɛ l éː k t r ɔ n
elektron	ɛ l ɛ k t r òː n
en	ɛ́ n
ena	ɛ̀ː n a
enaindvajset	ɛ̀ː n a i n d ʋ áː j s ɛ t
enaindvajset	ɛ́ː n a i n d ʋ áː j s ɛ t
enajst	ɛ n àː j s t
enakonočje	ɛ n a k ɔ n óː t͡ʃ j ɛ
enačaj	ɛ n a t͡ʃ áː j
enačba	ɛ n áː d͡ʒ b a
energija	ɛ n ɛ r ɡ íː j a
enkrat	ɛ n k r á t
enkrat	ɛ̀ː n k r a t
enota	ɛ n ɔ̀ː t a
entomologija	ɛ n t ɔ m ɔ l ɔ ɡ íː j a
epicenter	ɛ p i t͡s èː n t ə r
epicenter	ɛ p i t͡s éː n t ə r
epicenter	ɛ p i t͡s ɛ̀ː n t ə r
epicenter	ɛ p i t͡s ɛ́ː n t ə r
epir	ɛ p íː r
epistemologija	ɛ p i s t ɛ m ɔ l ɔ ɡ ìː j a
erbij	ɛ̀ː r b i j
erekcija	ɛ r èː k t͡s i j a
erik	ɛ́ː r i k
eritreja	ɛ r i t r ɛ́ː j a
erotičen	ɛ r òː t i t͡ʃ ə n
eržen	ɛ r ʒ éː n
esej	ɛ s ɛ́ː j
estonec	ɛ s t óː n ə t͡s
estonija	ɛ s t òː n i j a
estonka	ɛ s t óː n k a
estonski	ɛ s t óː n s k i
estonsko	ɛ s t óː n s k ɔ
estonščina	ɛ s t óː n ʃ t͡ʃ i n a
etimologija	ɛ t i m ɔ l ɔ ɡ íː j a
etiopija	ɛ t i j òː p i j a
eto	éː t ɔ
eto	ɛ́ t ɔ
evo	éː ʋ ɔ
evo	ɛ́ ʋ ɔ
evropa	ɛ ʋ r óː p a
evropij	ɛ ʋ r òː p i j
fagot	f a ɡ óː t
fakulteta	f a k u l t éː t a
falzet	f a l z éː t
fant	f á n t
fazan	f a z áː n
februar	f éː b r u a r
felicijan	f ɛ l i t͡s i j áː n
feniks	f éː n i k s
fermij	f ɛ̀ː r m i j
figa	f ìː ɡ a
file	f i l éː
filipini	f i l i p íː n i
filozof	f i l ɔ z óː f
fin	f íː n
finec	f íː n ə t͡s
finka	f íː n k a
finska	f íː n s k a
finski	f íː n s k i
finsko	f íː n s k ɔ
finščina	f íː n ʃ t͡ʃ i n a
fizika	f ìː z i k a
fižol	f i ʒ ɔ́ ʋ
flavta	f l áː ʋ t a
fluor	f l úː ɔ r
fonetika	f ɔ n èː t i k a
fosfor	f óː s f ɔ r
fotograf	f ɔ t ɔ ɡ r áː f
fotografija	f ɔ t ɔ ɡ r a f íː j a
franc	f r á n t͡s
francij	f r àː n t͡s i j
francija	f r àː n t͡s i j a
francoski	f r a n t͡s óː s k i
francosko	f r a n t͡s óː s k ɔ
francoz	f r a n t͡s óː s
francozinja	f r a n t͡s óː z i n j a
francoščina	f r a n t͡s óː ʃ t͡ʃ i n a
frekvenca	f r ɛ k ʋ éː n t͡s a
friz	f r íː s
fukajoč	f u k a j òː t͡ʃ
fukajoč	f u k a j óː t͡ʃ
fukati	f úː k a t i
funt	f úː n t
gadolinij	ɡ a d ɔ l ìː n i j
galeb	ɡ a l éː p
galicija	ɡ a l ìː t͡s i j a
galij	ɡ àː l i j
gambija	ɡ àː m b i j a
gams	ɡ àː m s
gams	ɡ á m s
gana	ɡ áː n a
gaziti	ɡ àː z i t i
gejzir	ɡ ɛ j z ìː r
gejzir	ɡ ɛ j z íː r
general	ɡ ɛ n ɛ r áː l
genij	ɡ èː n i j
genitiv	ɡ éː n i t i ʋ
genocid	ɡ ɛ n ɔ t͡s íː t
geodezija	ɡ ɛ ɔ d ɛ z íː j a
geografija	ɡ ɛ ɔ ɡ r a f íː j a
geologija	ɡ ɛ ɔ l ɔ ɡ íː j a
gepard	ɡ éː p a r t
germanij	ɡ ɛ r m àː n i j
geslo	ɡ ɛ̀ː s l ɔ
gibanje	ɡ ìː b a n j ɛ
gimnazija	ɡ i m n àː z i j a
gladilka	ɡ l a d íː l k a
glagol	ɡ l àː ɡ ɔ l
glagolica	ɡ l a ɡ óː l i t͡s a
glagolnik	ɡ l àː ɡ ɔ l n i k
glagolski	ɡ l àː ɡ ɔ l s k i
glas	ɡ l áː s
glasba	ɡ l áː z b a
glasben	ɡ l áː z b ɛ n
glasbenik	ɡ l áː z b ɛ n i k
glasen	ɡ l àː s ə n
glasnejši	ɡ l a s n ɛ́ː j ʃ i
glasoslovje	ɡ l a s ɔ s l ɔ́ː ʋ j ɛ
glava	ɡ l àː ʋ a
glaven	ɡ l àː ʋ ə n
glaven	ɡ l áː ʋ ə n
glavnik	ɡ l a ʋ n ìː k
gledališče	ɡ l ɛ d a l ìː ʃ t͡ʃ ɛ
gledati	ɡ l èː d a t i
gleženj	ɡ l èː ʒ ə n
glina	ɡ l ìː n a
globlji	ɡ l óː b l j i
globok	ɡ l ɔ b ɔ́ k
glodalec	ɡ l ɔ d áː l ə t͡s
glog	ɡ l óː k
glog	ɡ l ɔ́ k
gluh	ɡ l úː x
glup	ɡ l úː p
glušji	ɡ l úː ʃ j i
gnati	ɡ n àː t i
gnesti	ɡ n ɛ̀ː s t i
gnil	ɡ n íː ʋ
gniti	ɡ n ìː t i
gnoj	ɡ n óː j
gnosticizem	ɡ n ɔ s t i t͡s ìː z ə m
gnostičen	ɡ n òː s t i t͡ʃ ə n
goba	ɡ òː b a
god	ɡ óː t
godba	ɡ óː d b a
gol	ɡ óː l
gol	ɡ ɔ́ ʋ
gol	ɡ ɔ́ː ʋ
golob	ɡ ɔ l óː p
golobica	ɡ ɔ l ɔ b ìː t͡s a
golobrad	ɡ ɔ l ɔ b r á t
golobrad	ɡ ɔ l ɔ b r áː t
golt	ɡ ɔ́ː ʋ t
gonoreja	ɡ ɔ n ɔ r ɛ́ː j a
gor	ɡ ɔ̀ː r
gora	ɡ ɔ̀ː r a
goreti	ɡ ɔ r èː t i
gorica	ɡ ɔ r ìː t͡s a
gorivo	ɡ ɔ r ìː ʋ ɔ
gorčica	ɡ óː r t͡ʃ i t͡s a
gorčica	ɡ ɔ r t͡ʃ ìː t͡s a
gos	ɡ óː s
gosenica	ɡ ɔ s éː n i t͡s a
gospa	ɡ ɔ s p àː
gospod	ɡ ɔ s p óː t
gospodar	ɡ ɔ s p ɔ d àː r
gospodična	ɡ ɔ s p ɔ d íː t͡ʃ n a
gost	ɡ óː s t
gost	ɡ ɔ́ s t
gosti	ɡ òː s t i
gostitelj	ɡ ɔ s t íː t ɛ l
govedina	ɡ ɔ ʋ éː d i n a
govedo	ɡ ɔ ʋ éː d ɔ
govno	ɡ ɔ̀ː ʋ n ɔ
govor	ɡ ɔ́ː ʋ ɔ r
govorec	ɡ ɔ ʋ óː r ə t͡s
govoriti	ɡ ɔ ʋ ɔ r ìː t i
govoriti	ɡ ɔ ʋ ɔ r íː t i
gozd	ɡ óː s t
gozd	ɡ ɔ́ s t
gozdarstvo	ɡ ɔ z d áː r s t ʋ ɔ
grablje	ɡ r àː b l j ɛ
grad	ɡ r áː t
gradec	ɡ r áː d ə t͡s
grah	ɡ r á x
granica	ɡ r áː n i t͡s a
grapa	ɡ r àː p a
gravitacija	ɡ r a ʋ i t àː t͡s i j a
gravitacijski	ɡ r a ʋ i t a t͡s íː j s k i
grb	ɡ ə́ r p
grba	ɡ ə̀ r b a
grd	ɡ ə́ r t
grebsti	ɡ r ɛ̀ː p s t i
gregorič	ɡ r èː ɡ ɔ r i t͡ʃ
greh	ɡ r èː x
grenak	ɡ r ɛ n áː k
grenek	ɡ r ɛ̀ː n ə k
grenivka	ɡ r ɛ n íː ʋ k a
grenlandija	ɡ r éː n l áː n d i j a
greti	ɡ r èː t i
grešiti	ɡ r ɛ ʃ ìː t i
grešiti	ɡ r ɛ ʃ íː t i
gripa	ɡ r ìː p a
gristi	ɡ r ìː s t i
griva	ɡ r ìː ʋ a
griža	ɡ r íː ʒ a
grji	ɡ ə́ r j i
grk	ɡ ə́ r k
grkinja	ɡ ə́ r k i n j a
grlica	ɡ ə̀ r l i t͡s a
grlo	ɡ ə̀ r l ɔ
grm	ɡ ə́ r m
grob	ɡ r ɔ́ p
grof	ɡ r ɔ́ f
grofica	ɡ r ɔ f ìː t͡s a
grofija	ɡ r ɔ f íː j a
grom	ɡ r ɔ́ m
gros	ɡ r óː
grozdje	ɡ r òː z d j ɛ
groziti	ɡ r ɔ z ìː t i
groziti	ɡ r ɔ z íː t i
grozljiv	ɡ r ɔ z l j ìː ʋ
grozljivejši	ɡ r ɔ z l j ìː ʋ ɛ j ʃ i
grozljivka	ɡ r ɔ z l j íː ʋ k a
gruzija	ɡ r úː z i j a
gruzijski	ɡ r úː z i j s k i
gruzinski	ɡ r u z íː n s k i
grča	ɡ ə̀ r t͡ʃ a
grčija	ɡ ə́ r t͡ʃ i j a
grši	ɡ ə́ r ʃ i
grški	ɡ ə́ r ʃ k i
grško	ɡ ə́ r ʃ k ɔ
grščina	ɡ ə́ r ʃ t͡ʃ i n a
guba	ɡ ùː b a
gubiti	ɡ u b ìː t i
gubiti	ɡ u b íː t i
gumb	ɡ úː m p
gvajana	ɡ ʋ a j áː n a
gvineja	ɡ ʋ i n ɛ́ː j a
haag	x áː k
habakuk	x a b a k úː k
hadron	x a d r óː n
hafnij	x àː f n i j
haitijski	x a íː t i j s k i
halucinacija	x a l u t͡s i n àː t͡s i j a
harfa	x áː r f a
harmonika	x a r m òː n i k a
hasidizem	x a s i d íː z ə m
hašiš	x áː ʃ i ʃ
heksagon	x ɛ k s a ɡ óː n
hektoliter	x éː k t ɔ l ìː t ə r
helij	x èː l i j
hematologija	x ɛ m a t ɔ l ɔ ɡ íː j a
heraldika	x ɛ r àː l d i k a
herbivor	x ɛ r b i ʋ óː r
hercegovina	x ɛ r t͡s ɛ ɡ ɔ ʋ ìː n a
hermelin	x ɛ r m ɛ l íː n
herodot	x ɛ r óː d ɔ t
heteroseksualnost	x ɛ t ɛ r ɔ s ɛ k s u áː l n ɔ s t
heziod	x ɛ z i j óː t
hiba	x ìː b a
hidrat	x i d r áː t
hidrolog	x i d r ɔ l óː k
hidrologija	x i d r ɔ l ɔ ɡ íː j a
hidžra	x íː d͡ʒ r a
hijena	x i j éː n a
hinavski	x i n áː ʋ s k i
hip	x íː p
historičen	x i s t òː r i t͡ʃ ə n
hitreje	x i t r ɛ̀ː j ɛ
hitrejše	x i t r ɛ̀ː j ʃ ɛ
hitro	x ìː t r ɔ
hitrost	x i t r óː s t
hiša	x ìː ʃ a
hišen	x íː ʃ ə n
hladen	x l áː d ə n
hladilnik	x l a d íː l n i k
hlače	x l àː t͡ʃ ɛ
hleb	x l éː p
hleb	x l ɛ́ p
hlev	x l èː ʋ
hlev	x l éː ʋ
hmelj	x m éː l
hmelj	x m ɛ́ l
hobotnica	x ɔ b óː t n i t͡s a
hoditi	x ɔ d ìː t i
hoditi	x ɔ d íː t i
holandski	x ɔ l áː n t s k i
holm	x òː l m
holm	x óː l m
holmij	x òː l m i j
homoseksualec	x ɔ m ɔ s ɛ k s u áː l ə t͡s
homoseksualen	x ɔ m ɔ s ɛ k s u áː l ə n
homoseksualnost	x ɔ m ɔ s ɛ k s u áː l n ɔ s t
horvat	x ɔ́ː r ʋ a t
hosta	x óː s t a
hostnik	x óː s t n i k
hoteti	x ɔ t èː t i
hrana	x r àː n a
hraniti	x r a n ìː t i
hraniti	x r a n íː t i
hraniti	x r àː n i t i
hrast	x r àː s t
hrbet	x ə r b ə́ t
hrbet	x ə̀ r b ə t
hrbtenjača	x ə r p t ɛ n j àː t͡ʃ a
hren	x r ɛ́ n
hrib	x r ìː p
hripav	x r ìː p a ʋ
hropsti	x r ɔ̀ː p s t i
hrošč	x r ɔ́ ʃ t͡ʃ
hrup	x r úː p
hrupen	x r ùː p ə n
hrupen	x r úː p ə n
hruška	x r úː ʃ k a
hrvaška	x ə r ʋ áː ʃ k a
hrvaški	x ə r ʋ áː ʃ k i
hrvaščina	x ə r ʋ áː ʃ t͡ʃ i n a
hrček	x ə́ r t͡ʃ ə k
hud	x úː t
hudič	x u d ìː t͡ʃ
hujši	x úː j ʃ i
hurija	x ùː r i j a
huriska	x u r íː s k a
husit	x u s íː t
hvala	x ʋ àː l a
hvaliti	x ʋ a l ìː t i
hvaliti	x ʋ a l íː t i
hvaliti	x ʋ àː l i t i
hči	x t͡ʃ íː
idila	i d íː l a
igla	íː ɡ l a
iglica	íː ɡ l i t͡s a
iglokožec	i ɡ l ɔ k óː ʒ ə t͡s
igo	i ɡ óː
igra	íː ɡ r a
igralec	i ɡ r áː l ə t͡s
igrati	i ɡ r àː t i
igrača	i ɡ r àː t͡ʃ a
ime	i m éː
imenovalnik	i m ɛ n ɔ ʋ áː l n i k
imenovati	i m ɛ n ɔ ʋ àː t i
imeti	i m èː t i
in	i n
indij	ìː n d i j
indija	ìː n d i j a
indijec	íː n d i j ə t͡s
indijka	ìː n d i j k a
indijski	ìː n d i j s k i
indonezija	i n d ɔ n èː z i j a
informatik	i n f ɔ r m àː t i k
ingver	ìː n ɡ ʋ ɛ r
ingver	íː n ɡ ʋ ɛ r
insekt	i n s éː k t
instrumental	i n s t r u m ɛ n t áː l
instrumental	íː n s t r u m ɛ n t a l
instrumentalen	i n s t r u m ɛ n t áː l ə n
invazija	i n ʋ a z íː j a
inštitut	i n ʃ t i t úː t
irak	i r áː k
irec	íː r ə t͡s
iridij	i r ìː d i j
irka	íː r k a
ironija	i r ɔ n íː j a
irska	íː r s k a
irski	íː r s k i
irsko	íː r s k ɔ
irščina	íː r ʃ t͡ʃ i n a
iskati	i s k àː t i
iskra	ìː s k r a
islam	íː s l a m
islandija	i s l àː n d i j a
islandski	i s l áː n t s k i
istanbul	íː s t a n b u l
isti	íː s t i
istra	íː s t r a
italija	i t àː l i j a
italijan	i t a l i j á n
italijan	i t a l i j áː n
italijanka	i t a l i j áː n k a
italijanski	i t a l i j áː n s k i
italijansko	i t a l i j áː n s k ɔ
italijanščina	i t a l i j áː n ʃ t͡ʃ i n a
iterbij	i t ɛ̀ː r b i j
iti	ìː t i
iti	íː t i
itrij	ìː t r i j
ivan	íː ʋ a n
iz	i s
izbira	i z b íː r a
izboljšava	i z b ɔ l ʃ áː ʋ a
izbrati	i z b r àː t i
izdajalec	i z d a j áː l ə t͡s
izdati	i z d àː t i
izglagolski	i z ɡ l àː ɡ ɔ l s k i
izgovoriti	i z ɡ ɔ ʋ ɔ r ìː t i
izgovoriti	i z ɡ ɔ ʋ ɔ r íː t i
izgovorjava	i z ɡ ɔ ʋ ɔ r j áː ʋ a
izgubiti	i z ɡ u b ìː t i
izgubiti	i z ɡ u b íː t i
izključiti	i s k l j ùː t͡ʃ i t i
izklopiti	i s k l òː p i t i
izklopiti	i s k l óː p i t i
izklopiti	i s k l ɔ p ìː t i
izklopiti	i s k l ɔ p íː t i
izkrcanje	íː s k ə r t͡s àː n j ɛ
izložba	i z l óː ʒ b a
izmena	i z m ɛ́ː n a
izmolsti	i z m ɔ̀ː ʋ s t i
izpeljanka	i s p ɛ l j àː n k a
izpeljati	i s p ɛ l j àː t i
izposoditi	i s p ɔ s òː d i t i
izposoditi	i s p ɔ s ɔ d ìː t i
izposoditi	i s p ɔ s ɔ d íː t i
izpuščaj	i s p u ʃ t͡ʃ áː j
izrael	íː z r a ɛ l
izraz	i z r á s
izsiljevalski	i s s i l j ɛ ʋ áː l s k i
izsiljevalski	i s s i l j ɛ ʋ áː ʋ s k i
izuti	i z ùː t i
izvijač	i z ʋ i j àː t͡ʃ
izvir	i z ʋ íː r
ja	j àː
ja	j áː
jablana	j àː b l a n a
jablana	j áː b l a n a
jabolko	j àː b ɔ ʋ k ɔ
jadro	j àː d r ɔ
jadro	j áː d r ɔ
jagnje	j àː ɡ n j ɛ
jagnjec	j àː ɡ n j ɛ t͡s
jagnjec	j áː ɡ n j ɛ t͡s
jagnjetina	j a ɡ n j ɛ t ìː n a
jagnjetina	j àː ɡ n j ɛ t i n a
jagoda	j àː ɡ ɔ d a
jahati	j àː x a t i
jahati	j áː x a t i
jajce	j àː j t͡s ɛ
jajčevec	j àː j t͡ʃ ɛ ʋ ə t͡s
jajčevec	j áː j t͡ʃ ɛ ʋ ə t͡s
jajčnik	j áː j t͡ʃ n i k
jak	j áː k
jakac	j áː k a t͡s
jama	j àː m a
jamajka	j a m áː j k a
janez	j àː n ɛ s
janež	j àː n ɛ ʃ
jantar	j àː n t a r
jantar	j áː n t a r
januar	j áː n u a r
janšizem	j a n ʃ i z ɛ m
japonska	j a p óː n s k a
jarek	j àː r ə k
jarek	j áː r ə k
jarem	j àː r ə m
jasen	j àː s ə n
jasnejši	j a s n ɛ́ː j ʃ i
jasnejši	j àː s n ɛ j ʃ i
jasniti	j a s n ìː t i
jasniti	j a s n íː t i
jaspis	j áː s p i s
jaspisen	j áː s p i s ə n
jastreb	j áː s t r ɛ p
javiti	j àː ʋ i t i
javor	j àː ʋ ɔ r
jaz	j á s
jazbec	j áː z b ə t͡s
jazon	j áː z ɔ n
je	j èː
je	j ɛ́
jebati	j éː b a t i
jebati	j ɛ́ː b a t i
jedec	j éː d ə t͡s
jegulja	j ɛ ɡ ùː l j a
jeklo	j ɛ̀ː k l ɔ
jelen	j ɛ̀ː l ɛ n
jelena	j ɛ l éː n a
jelka	j èː l k a
jelša	j èː ʋ ʃ a
jemati	j ɛ m àː t i
jemen	j èː m ə n
jerebica	j ɛ r ɛ b ìː t͡s a
jeremija	j ɛ r ɛ m íː j a
jeruzalem	j ɛ r úː z a l ɛ m
jesen	j ɛ s éː n
jesen	j ɛ̀ː s ɛ n
jesti	j èː s t i
jeti	j èː t i
jetika	j èː t i k a
jetra	j èː t r a
jeza	j èː z a
jezen	j èː z ə n
jezero	j éː z ɛ r ɔ
jezik	j ɛ̀ː z i k
jezikoslovec	j ɛ z i k ɔ s l ɔ́ː ʋ ə t͡s
jezikoslovje	j ɛ z i k ɔ s l ɔ́ː ʋ j ɛ
jeznejši	j èː z n ɛ j ʃ i
jezus	j éː z u s
ječmen	j ɛ̀ː t͡ʃ m ɛ n
jež	j èː ʃ
jež	j éː ʃ
ježevec	j èː ʒ ɛ ʋ ə t͡s
ježevec	j éː ʒ ɛ ʋ ə t͡s
jod	j óː t
joga	j óː ɡ a
jogurt	j óː ɡ u r t
jokati	j òː k a t i
jokati	j ɔ k àː t i
jordanija	j ɔ r d àː n i j a
jordanski	j ɔ r d áː n s k i
jože	j óː ʒ ɛ
jožef	j óː ʒ ɛ f
judovstvo	j ùː d ɔ ʋ s t ʋ ɔ
jug	j ú k
jug	j úː k
jugoslavija	j u ɡ ɔ s l àː ʋ i j a
juha	j ùː x a
julij	j ùː l i j
junij	j ùː n i j
jupiter	j úː p i t ə r
jur	j ùː r
jurij	j ùː r i j
jutri	j úː t r i
jutro	j ùː t r ɔ
juvan	j úː ʋ a n
južen	j ùː ʒ ə n
južina	j ùː ʒ i n a
južnejši	j ùː ʒ n ɛ j ʃ i
južnoameriški	j u ʒ n ɔ a m ɛ́ː r i ʃ k i
južnoslovanski	j u ʒ n ɔ s l ɔ ʋ áː n s k i
kad	k á t
kadar	k á d a r
kadilo	k a d ìː l ɔ
kaditi	k a d ìː t i
kaditi	k a d íː t i
kadmij	k àː d m i j
kaj	k àː j
kaj	k á j
kajak	k áː j a k
kako	k a k òː
kako	k a k óː
kakor	k á k ɔ r
kakovost	k a k ɔ̀ː ʋ ɔ s t
kakšen	k àː k ʃ ə n
kakšen	k áː k ʃ ə n
kalcij	k àː l t͡s i j
kalifornij	k a l i f òː r n i j
kalifornija	k a l i f òː r n i j a
kalij	k àː l i j
kaliti	k a l ìː t i
kaliti	k a l íː t i
kamela	k a m éː l a
kamen	k àː m ə n
kamerun	k áː m ɛ r u n
kamin	k a m íː n
kamion	k a m i j óː n
kanada	k áː n a d a
kanjon	k áː n j ɔ n
kapati	k àː p a t i
kapetan	k a p éː t a n
kapetanka	k a p éː t a n k a
kapitalist	k a p i t a l íː s t
kapitalizem	k a p i t a l ìː z ə m
kaplja	k àː p l j a
kapsula	k áː p s u l a
karamela	k a r a m éː l a
kardinal	k a r d i n áː l
karel	k àː r ə l
karta	k áː r t a
kartagina	k a r t áː ɡ i n a
katalonija	k a t a l òː n i j a
katalonski	k a t a l óː n s k i
katalonščina	k a t a l óː n ʃ t͡ʃ i n a
katedrala	k a t ɛ d r áː l a
kategorialen	k a t ɛ ɡ ɔ r i j áː l ə n
kategorija	k a t ɛ ɡ ɔ r íː j a
kateter	k a t èː t ə r
kava	k àː ʋ a
kavarna	k a ʋ áː r n a
kavka	k áː ʋ k a
kavkaz	k a ʋ k áː s
kavsati	k áː ʋ s a t i
kavčič	k áː ʋ t͡ʃ i t͡ʃ
kazahstan	k áː z a x s t a n
kazalec	k a z áː l ə t͡s
kazati	k a z àː t i
kazati	k àː z a t i
kazen	k áː z ə n
kaznovati	k a z n ɔ ʋ àː t i
kača	k àː t͡ʃ a
kašelj	k àː ʃ ə l
kašljati	k áː ʃ l j a t i
kašča	k àː ʃ t͡ʃ a
kdaj	ɡ d àː j
kdaj	ɡ d á j
kdaj	ɡ d áː j
kdo	ɡ d òː
kdo	ɡ d óː
kdor	ɡ d óː r
kdor	ɡ d ɔ́ r
kelih	k èː l i x
kelt	k éː l t
kemija	k ɛ m íː j a
kenguru	k ɛ n ɡ u r úː
kenija	k èː n i j a
kenta	k éː n t a
ker	k ɛ r
kern	k ɛ́ː r n
kersnik	k ɛ r s n ìː k
ki	k i
kikiriki	k i k i r i k íː
kilometer	k i l ɔ m èː t ə r
kinin	k i n íː n
kino	k íː n ɔ
kip	k íː p
kirij	k i r ìː j
kis	k íː s
kisel	k ìː s ə ʋ
kisik	k i s íː k
kislina	k i s l ìː n a
kit	k íː t
kita	k ìː t a
kitajec	k i t áː j ə t͡s
kitajka	k i t áː j k a
kitajska	k i t áː j s k a
kitajski	k i t áː j s k i
kitajščina	k i t áː j ʃ t͡ʃ i n a
kitara	k i t áː r a
kje	k j èː
kje	k j éː
kjer	k j éː r
kladivce	k l a d ìː ʋ t͡s ɛ
kladivce	k l a d íː ʋ t͡s ɛ
kladivce	k l àː d i ʋ t͡s ɛ
kladivo	k l a d ìː ʋ ɔ
kladivo	k l àː d i ʋ ɔ
klarinet	k l a r i n éː t
klas	k l áː s
klasičen	k l àː s i t͡ʃ ə n
klasti	k l àː s t i
klati	k l àː t i
klavir	k l a ʋ íː r
klen	k l è n
klen	k l éː n
klen	k l ɛ̀ n
kleopatra	k l ɛ óː p a t r a
klepati	k l ɛ p àː t i
klepec	k l ɛ̀ː p ə t͡s
klečati	k l ɛ t͡ʃ àː t i
klešče	k l èː ʃ t͡ʃ ɛ
klic	k l íː t͡s
klicaj	k l i t͡s áː j
klicati	k l ìː t͡s a t i
klima	k l ìː m a
klima	k l íː m a
klitoris	k l íː t ɔ r i s
kljukica	k l j ùː k i t͡s a
kljun	k l j úː n
kljunaš	k l j u n àː ʃ
ključ	k l j ùː t͡ʃ
ključavnica	k l j u t͡ʃ áː ʋ n i t͡s a
ključiti	k l j ùː t͡ʃ i t i
klobasa	k l ɔ b àː s a
klobuk	k l ɔ b ùː k
klobučar	k l ɔ b u t͡ʃ àː r
klofuta	k l ɔ f ùː t a
klokan	k l óː k a n
klop	k l óː p
klop	k l ɔ́ p
klopotača	k l ɔ p ɔ t àː t͡ʃ a
klor	k l óː r
klorofil	k l ɔ r ɔ f íː l
klovn	k l ɔ̀ː ʋ n
klošar	k l óː ʃ a r
klošar	k l ɔ ʃ àː r
klošč	k l ɔ́ ʃ t͡ʃ
kmalu	k m áː l u
kmet	k m ɛ́ t
kmetija	k m ɛ t íː j a
kneginja	k n éː ɡ i n j a
knez	k n éː s
knjiga	k n j ìː ɡ a
knjigarna	k n j i ɡ áː r n a
književnost	k n j i ʒ éː ʋ n ɔ s t
ko	k ɔ
kobalt	k óː b a l t
kobarid	k ɔ b a r íː t
kobila	k ɔ b ìː l a
kobilica	k ɔ b ìː l i t͡s a
kocka	k óː t͡s k a
kockati	k óː t͡s k a t i
koder	k òː d ə r
kokalj	k òː k a l
kokolj	k òː k ɔ l
kokot	k ɔ k óː t
kokoš	k ɔ k óː ʃ
kola	k óː l a
kola	k ɔ̀ː l a
kolcanje	k ɔ̀ː u̯ t͡s a n j ɛ
kolcanje	k ɔ́ː u̯ t͡s a n j ɛ
koledar	k ɔ l ɛ d àː r
koledž	k óː l ɛ t ʃ
koleno	k ɔ l èː n ɔ
kolesariti	k ɔ l ɛ s àː r i t i
kolidž	k óː l i t ʃ
koliko	k òː l i k ɔ
koliko	k óː l i k ɔ
količina	k ɔ l i t͡ʃ ìː n a
kolo	k óː l ɔ
kolo	k ɔ l óː
komaj	k óː m a j
komar	k ɔ m àː r
komarček	k ɔ m àː r t͡ʃ ə k
komarček	k ɔ m áː r t͡ʃ ə k
komet	k ɔ m éː t
komolec	k ɔ m óː l ə t͡s
komori	k ɔ m óː r i
kompas	k óː m p a s
kompas	k ɔ m p áː s
komunizem	k ɔ m u n ìː z ə m
kondom	k ɔ n d óː m
konec	k ɔ̀ː n ə t͡s
konj	k ɔ́ n
konkreten	k ɔ n k r éː t ə n
konkretno	k ɔ n k r éː t n ɔ
kontinent	k ɔ n t i n ɛ́ n t
kontrabas	k óː n t r a b áː s
končati	k ɔ n t͡ʃ àː t i
končen	k ɔ̀ː n t͡ʃ ə n
končno	k ɔ̀ː n t͡ʃ n ɔ
kop	k óː p
kopalnica	k ɔ p áː l n i t͡s a
kopati	k òː p a t i
kopati	k ɔ p àː t i
kopel	k òː p ɛ ʋ
kopel	k ɔ p éː l
koper	k òː p ə r
koper	k ɔ̀ː p ə r
kopito	k ɔ p ìː t ɔ
kopje	k òː p j ɛ
kopno	k óː p n ɔ
kopno	k ɔ̀ː p n ɔ
kopno	k ɔ́ː p n ɔ
korak	k ɔ r áː k
koreja	k ɔ r ɛ́ː j a
koren	k ɔ r éː n
korenina	k ɔ r ɛ n ìː n a
korenje	k ɔ r éː n j ɛ
korenje	k ɔ r ɛ̀ː n j ɛ
korošec	k ɔ r óː ʃ ə t͡s
koroška	k ɔ r óː ʃ k a
koruza	k ɔ r ùː z a
kos	k óː s
kosilo	k ɔ s ìː l ɔ
kosinus	k óː s i n u s
kosinus	k óː z i n u s
kosinus	k ɔ́ s íː n u s
kositer	k ɔ s ìː t ə r
kositi	k òː s i t i
kositi	k ɔ s ìː t i
kositi	k ɔ s íː t i
kosmulja	k ɔ s m ùː l j a
kost	k óː s t
kostanj	k ɔ̀ː s t a n
kostnica	k óː s t n i t͡s a
kot	k òː t
kot	k ɔ t
kovanec	k ɔ ʋ àː n ə t͡s
kovati	k ɔ ʋ àː t i
kovač	k ɔ ʋ àː t͡ʃ
kovinski	k ɔ ʋ íː n s k i
kovnica	k ɔ́ː ʋ n i t͡s a
koza	k ɔ̀ː z a
kozarec	k ɔ z áː r ə t͡s
kozel	k ɔ̀ː z ə ʋ
kozmologija	k ɔ z m ɔ l ɔ ɡ íː j a
kozorog	k ɔ z ɔ r óː k
kočija	k ɔ t͡ʃ íː j a
koš	k ɔ́ ʃ
košara	k ɔ ʃ áː r a
košarka	k ɔ ʃ áː r k a
koža	k òː ʒ a
kraj	k r á j
krajina	k r àː j i n a
krajina	k r áː j i n a
krajšava	k r a j ʃ áː ʋ a
krajši	k r áː j ʃ i
kralj	k r àː l
kraljestvo	k r a l j éː s t ʋ ɔ
kraljevina	k r a l j ɛ ʋ ìː n a
kraljica	k r a l j ìː t͡s a
krap	k r á p
kras	k r á s
kras	k r áː s
krastača	k r a s t àː t͡ʃ a
krasti	k r àː s t i
kratek	k r àː t ə k
krater	k r àː t ɛ r
kratica	k r a t ìː t͡s a
kratkovaloven	k r a t k ɔ ʋ a l ɔ́ː ʋ ə n
krava	k r àː ʋ a
kravžati	k r áː ʋ ʒ a t i
kreda	k r éː d a
krema	k r éː m a
krempelj	k r èː m p ə l
kreniti	k r ɛ n ìː t i
kreniti	k r ɛ n íː t i
kres	k r éː s
kreta	k r éː t a
kri	k r íː
krik	k r íː k
krilo	k r ìː l ɔ
kripton	k r íː p t ɔ n
kristal	k r i s t áː l
kristalizacija	k r i s t a l i z àː t͡s i j a
kristjan	k r i s t j áː n
kristus	k r íː s t u s
kriti	k r ìː t i
krivda	k r íː ʋ d a
krivoverec	k r i ʋ ɔ ʋ éː r ə t͡s
križ	k r ìː ʃ
križanje	k r ìː ʒ a n j ɛ
križanje	k r íː ʒ a n j ɛ
križanka	k r íː ʒ a n k a
krma	k ə̀ r m a
krog	k r óː k
krog	k r ɔ k
krogla	k r óː ɡ l a
krojač	k r ɔ j àː t͡ʃ
krokar	k r óː k a r
krom	k r óː m
krom	k r ɔ́ m
krompir	k r ɔ m p ìː r
krompir	k r ɔ m p íː r
krona	k r óː n a
kronati	k r óː n a t i
krst	k ə́ r s t
krsta	k ə̀ r s t a
krt	k ə́ r t
kruh	k r ú x
krut	k r úː t
krutejši	k r ùː t ɛ j ʃ i
krutejši	k r úː t ɛ j ʃ i
krvaveti	k ə r ʋ a ʋ èː t i
krzno	k ə́ r z n ɔ
krč	k ə̀ r t͡ʃ
krč	k ə́ r t͡ʃ
krščanstvo	k ə r ʃ t͡ʃ áː n s t ʋ ɔ
ksenofobija	k s ɛ n ɔ f ɔ b íː j a
ksenon	k s éː n ɔ n
ksilofon	k s i l ɔ f óː n
kuba	k úː b a
kuga	k ùː ɡ a
kuhar	k úː x a r
kuhati	k ùː x a t i
kuhinja	k ùː x i n j a
kukavica	k ùː k a ʋ i t͡s a
kuna	k ùː n a
kunec	k ùː n ə t͡s
kunec	k úː n ə t͡s
kup	k ú p
kupa	k ùː p a
kupiti	k u p ìː t i
kupiti	k u p íː t i
kupiti	k ùː p i t i
kupovati	k u p ɔ ʋ àː t i
kura	k ùː r a
kurba	k úː r b a
kurdščina	k úː r t ʃ t͡ʃ i n a
kurec	k úː r ə t͡s
kurva	k úː r ʋ a
kuščar	k ùː ʃ t͡ʃ a r
kuščar	k úː ʃ t͡ʃ a r
kuža	k úː ʒ a
kvadrat	k ʋ a d r áː t
kvar	k ʋ áː r
kvark	k ʋ áː r k
kvartet	k ʋ a r t éː t
kvas	k ʋ áː s
labod	l a b óː t
ladja	l àː d j a
lagati	l a ɡ àː t i
lahek	l àː x ə k
lahko	l a x k óː
lajati	l áː j a t i
lama	l àː m a
lani	l àː n i
lantan	l a n t áː n
las	l áː s
last	l áː s t
lasten	l àː s t ə n
lastnina	l a s t n ìː n a
lastnost	l a s t n óː s t
lastovica	l àː s t ɔ ʋ i t͡s a
lastovka	l àː s t ɔ ʋ k a
latinica	l a t íː n i t͡s a
latinski	l a t íː n s k i
latinščina	l a t íː n ʃ t͡ʃ i n a
latvija	l àː t ʋ i j a
latvijec	l àː t ʋ i j ə t͡s
latvijka	l àː t ʋ i j k a
latvijski	l àː t ʋ i j s k i
latvijsko	l àː t ʋ i j s k ɔ
latvijščina	l àː t ʋ i j ʃ t͡ʃ i n a
lavrencij	l a ʋ r èː n t͡s i j
lačen	l àː t͡ʃ ə n
laž	l áː ʃ
lažji	l áː ʒ j i
lažnivec	l a ʒ n íː ʋ ə t͡s
le	l ɛ́
led	l éː t
ledenik	l ɛ d ɛ n ìː k
legendaren	l ɛ ɡ ɛ n d áː r ə n
leha	l èː x a
lek	l éː k
lemež	l éː m ɛ ʃ
lemež	l ɛ̀ː m ɛ ʃ
len	l éː n
len	l ɛ́ n
lenivec	l ɛ n íː ʋ ə t͡s
leon	l éː ɔ n
lep	l éː p
lepiti	l èː p i t i
lepiti	l ɛ p ìː t i
lepiti	l ɛ p íː t i
lepota	l ɛ p ɔ̀ː t a
lepši	l éː p ʃ i
les	l éː s
leska	l èː s k a
lesketati	l ɛ s k ɛ t àː t i
lesti	l èː s t i
lestvica	l èː s t ʋ i t͡s a
let	l ɛ́ t
letališče	l ɛ t a l ìː ʃ t͡ʃ ɛ
letalo	l ɛ t àː l ɔ
leten	l éː t ə n
leteti	l ɛ t èː t i
leto	l èː t ɔ
lev	l ɛ́ ʋ
levinja	l ɛ ʋ ìː n j a
levinja	l ɛ̀ː ʋ i n j a
levinja	l ɛ́ː ʋ i n j a
lezbijka	l èː z b i j k a
leči	l èː t͡ʃ i
lešnik	l èː ʃ n i k
ležaj	l ɛ ʒ áː j
ležati	l ɛ ʒ àː t i
libanon	l íː b a n ɔ n
liberija	l i b ɛ̀ː r i j a
libidinozen	l i b i d i n óː z ə n
libido	l íː b i d ɔ
libija	l ìː b i j a
lice	l ìː t͡s ɛ
lice	l íː t͡s ɛ
liga	l ìː ɡ a
lijak	l i j àː k
likalnik	l i k áː l n i k
likati	l íː k a t i
limona	l i m óː n a
limonada	l i m ɔ n áː d a
lipa	l ìː p a
lipovec	l ìː p ɔ ʋ ə t͡s
lira	l íː r a
lisica	l i s ìː t͡s a
lisička	l i s ìː t͡ʃ k a
list	l íː s t
liter	l ìː t ə r
literatura	l i t ɛ r a t úː r a
liti	l ìː t i
litij	l ìː t i j
litovec	l ìː t ɔ ʋ ə t͡s
litovka	l ìː t ɔ ʋ k a
litovski	l íː t ɔ ʋ s k i
litovsko	l íː t ɔ ʋ s k ɔ
litovščina	l ìː t ɔ ʋ ʃ t͡ʃ i n a
liturgija	l i t u r ɡ íː j a
litva	l íː t ʋ a
lizati	l i z àː t i
lizati	l ìː z a t i
lizbona	l i z b óː n a
ličinka	l i t͡ʃ íː n k a
ličnica	l íː t͡ʃ n i t͡s a
lišaj	l i ʃ áː j
ljubezen	l j u b éː z ə n
ljubeč	l j u b ɛ́ t͡ʃ
ljubit	l j ùː b i t
ljubiti	l j u b ìː t i
ljubiti	l j u b íː t i
ljubiti	l j ùː b i t i
ljubiti	l j úː b i t i
ljubljana	l j u b l j àː n a
ljubljenje	l j ùː b l j ɛ n j ɛ
ljubljenje	l j úː b l j ɛ n j ɛ
ljubosumen	l j u b ɔ s ùː m ə n
ljubosumnejši	l j u b ɔ s ùː m n ɛ j ʃ i
ljubosumnost	l j u b ɔ s ùː m n ɔ s t
ljudski	l j úː t s k i
lobanja	l ɔ b àː n j a
log	l óː k
lok	l óː k
lokacija	l ɔ k àː t͡s i j a
lokativ	l óː k a t i ʋ
lokomotiva	l ɔ k ɔ m ɔ t íː ʋ a
lom	l ɔ́ m
lombardija	l ɔ m b a r d íː j a
lomiti	l ɔ m ìː t i
lomiti	l ɔ m íː t i
lonec	l ɔ̀ː n ə t͡s
lopata	l ɔ p àː t a
lopov	l óː p ɔ ʋ
lopov	l ɔ́ː p ɔ ʋ
los	l óː s
losos	l óː s ɔ s
lotos	l óː t ɔ s
lovec	l ɔ̀ː ʋ ə t͡s
loviti	l ɔ ʋ ìː t i
loviti	l ɔ ʋ íː t i
lovka	l ɔ́ː ʋ k a
ločevati	l ɔ t͡ʃ ɛ ʋ àː t i
ločiti	l òː t͡ʃ i t i
ločiti	l ɔ t͡ʃ ìː t i
ločiti	l ɔ t͡ʃ íː t i
lubenica	l úː b ɛ n i t͡s a
lubje	l ùː b j ɛ
lug	l ùː k
lug	l úː k
luka	l ùː k a
luknja	l úː k n j a
luksemburg	l úː k s ɛ m b u r k
luksemburški	l u k s ɛ m b úː r ʃ k i
luksemburški	l úː k s ɛ m b u r ʃ k i
lulček	l úː l t͡ʃ ə k
luna	l ùː n a
lunaren	l u n áː r ə n
luska	l ùː s k a
lutecij	l u t èː t͡s i j
luteranec	l u t ɛ r áː n ə t͡s
lutnja	l úː t n j a
luč	l ùː t͡ʃ
luč	l úː t͡ʃ
m	ɛ m
macesen	m a t͡s ɛ̀ː s ə n
madžar	m a d͡ʒ áː r
madžarka	m a d͡ʒ áː r k a
madžarska	m a d͡ʒ áː r s k a
madžarski	m a d͡ʒ áː r s k i
madžarsko	m a d͡ʒ áː r s k ɔ
madžarščina	m a d͡ʒ áː r ʃ t͡ʃ i n a
mafija	m àː f i j a
magnezij	m a ɡ n éː z i j
mah	m áː x
maj	m àː j
maja	m àː j a
majati	m a j àː t i
majati	m àː j a t i
majhen	m áː j x ə n
majoneza	m a j ɔ n éː z a
majorka	m a j óː r k a
mak	m á k
mak	m áː k
makedonec	m a k ɛ d óː n ə t͡s
makedonija	m a k ɛ d òː n i j a
makedonka	m a k ɛ d óː n k a
makedonski	m a k ɛ d óː n s k i
makedonščina	m a k ɛ d óː n ʃ t͡ʃ i n a
maklen	m a k l ɛ́ n
malarija	m a l àː r i j a
maldivi	m a l d íː ʋ i
malezija	m a l èː z i j a
malina	m a l ìː n a
malo	m àː l ɔ
malta	m áː l t a
malte	m áː l t ɛ
malteški	m a l t éː ʃ k i
malteško	m a l t éː ʃ k ɔ
malteščina	m a l t éː ʃ t͡ʃ i n a
maltežan	m a l t ɛ ʒ á n
maltežan	m a l t ɛ ʒ áː n
maltežanka	m a l t ɛ ʒ áː n k a
malti	m áː l t i
malto	m áː l t ɔ
mamilo	m a m ìː l ɔ
mamut	m áː m u t
mandolina	m a n d ɔ l íː n a
mangan	m a n ɡ áː n
manjkati	m áː n k a t i
manjšalnica	m a n ʃ áː l n i t͡s a
manjši	m áː n ʃ i
marec	m àː r ə t͡s
marelica	m a r éː l i t͡s a
marija	m a r íː j a
marjan	m áː r j a n
marko	m àː r k ɔ
maroko	m a r óː k ɔ
mars	m áː r s
masa	m áː s a
maslo	m àː s l ɔ
masturbacija	m a s t u r b àː t͡s i j a
masturbirati	m a s t u r b íː r a t i
matej	m a t ɛ́ː j
matematika	m a t ɛ m àː t i k a
materen	m áː t ɛ r ə n
maternica	m áː t ɛ r n i t͡s a
mati	m àː t i
matica	m áː t i t͡s a
mavec	m àː ʋ ə t͡s
mavretanija	m a ʋ r ɛ t àː n i j a
mavrica	m áː ʋ r i t͡s a
mačeha	m àː t͡ʃ ɛ x a
maček	m àː t͡ʃ ə k
mačka	m áː t͡ʃ k a
maša	m àː ʃ a
me	m éː
med	m éː t
med	m ɛ t
meden	m ɛ d éː n
medenica	m ɛ d ɛ n ìː t͡s a
medicina	m ɛ d i t͡s íː n a
medved	m ɛ̀ː d ʋ ɛ t
medvedka	m ɛ d ʋ éː t k a
megavat	m éː ɡ a ʋ áː t
megla	m ə ɡ l á
megla	m ə̀ ɡ l a
meglica	m ə ɡ l ìː t͡s a
meh	m éː x
mehaničen	m ɛ x àː n i t͡ʃ ə n
mehek	m ɛ̀ː x ə k
mehika	m éː x i k a
mehkužec	m ɛ x k úː ʒ ə t͡s
mehur	m ɛ x ùː r
meja	m ɛ̀ː j a
mejak	m ɛ j àː k
mejiti	m ɛ j ìː t i
mejiti	m ɛ j íː t i
meka	m èː k a
melancana	m ɛ l a n t͡s áː n a
melodija	m ɛ l ɔ d íː j a
mendelevij	m ɛ n d ɛ l èː ʋ i j
menih	m ə n ìː x
menih	m ɛ n ìː x
meniti	m èː n i t i
meniti	m ɛ n ìː t i
meniti	m ɛ n íː t i
menjati	m èː n j a t i
menjati	m ɛ n j àː t i
meriti	m èː r i t i
merjasec	m ɛ r j àː s ə t͡s
merkur	m ɛ r k úː r
mesar	m ɛ s àː r
mesec	m éː s ə t͡s
mesija	m ɛ s íː j a
meso	m ɛ s óː
mesojedec	m ɛ s ɔ j éː d ə t͡s
mesti	m èː s t i
mesti	m ɛ̀ː s t i
mestnik	m éː s t n i k
mesto	m èː s t ɔ
met	m ɛ́ t
meta	m éː t a
metafizika	m ɛ t a f ìː z i k a
metati	m ɛ t àː t i
metež	m éː t ɛ ʃ
meti	m èː t i
metla	m ɛ̀ː t l a
metulj	m ɛ t ùː l
mezeg	m ə z ə́ k
mezeg	m ə̀ z ə k
mezinec	m ɛ z íː n ə t͡s
mezon	m ɛ z óː n
meč	m ɛ́ t͡ʃ
mečji	m éː t͡ʃ j i
mešati	m èː ʃ a t i
mešati	m ɛ ʃ àː t i
mi	m íː
miha	m ìː x a
mihael	m íː x a ɛ l
mihaela	m íː x a ɛ l a
mil	m íː l
milijon	m i l i j óː n
milimeter	m i l i m èː t ə r
milisekunda	m íː l i s ɛ k úː n d a
militi	m ìː l i t i
militi	m íː l i t i
miličnica	m i l íː t͡ʃ n i t͡s a
miličnik	m i l íː t͡ʃ n i k
milo	m ìː l ɔ
mina	m íː n a
mineralogija	m i n ɛ r a l ɔ ɡ íː j a
miniti	m i n ìː t i
miniti	m i n íː t i
minuta	m i n úː t a
mir	m íː r
mirta	m ìː r t a
misel	m íː s ə ʋ
misliti	m ìː s l i t i
miti	m ìː t i
mitologija	m i t ɔ l ɔ ɡ íː j a
mitološki	m i t ɔ l óː ʃ k i
miza	m ìː z a
mizantropija	m i z a n t r ɔ p íː j a
miš	m í ʃ
mišica	m íː ʃ i t͡s a
mišičen	m íː ʃ i t͡ʃ ə n
mišjak	m íː ʃ j a k
miška	m íː ʃ k a
mjanmar	m j a n m áː r
mlad	m l áː t
mladina	m l a d ìː n a
mladič	m l a d í t͡ʃ
mladost	m l a d óː s t
mlajši	m l áː j ʃ i
mleko	m l èː k ɔ
mlesti	m l èː s t i
mleti	m l èː t i
mlečen	m l èː t͡ʃ ə n
mlin	m l íː n
množina	m n ɔ ʒ ìː n a
moder	m òː d ə r
modernizirati	m ɔ d ɛ r n i z íː r a t i
modnik	m óː d n i k
modo	m òː d ɔ
modo	m óː d ɔ
modrec	m óː d r ə t͡s
modrejši	m òː d r ɛ j ʃ i
modrejši	m ɔ d r ɛ́ː j ʃ i
modrost	m òː d r ɔ s t
modrost	m ɔ d r óː s t
mogoče	m ɔ ɡ òː t͡ʃ ɛ
mohamed	m òː x a m ɛ t
mohar	m ɔ̀ː x a r
moj	m òː j
mojzes	m óː j z ɛ s
moka	m òː k a
moker	m òː k ə r
moldavija	m ɔ l d àː ʋ i j a
molekula	m ɔ l éː k u l a
molibden	m ɔ l i b d éː n
molitev	m ɔ l íː t ə ʋ
moliti	m ɔ l ìː t i
moliti	m ɔ l íː t i
molsti	m ɔ̀ː ʋ s t i
molčati	m ɔ ʋ t͡ʃ àː t i
monako	m ɔ n áː k ɔ
monom	m ɔ n óː m
monoteizem	m ɔ n ɔ t ɛ ìː z ə m
morati	m óː r a t i
moravec	m ɔ r àː ʋ ə t͡s
morda	m ɔ r d á
moriti	m ɔ r ìː t i
moriti	m ɔ r íː t i
morje	m óː r j ɛ
morje	m ɔ r j éː
mornarica	m ɔ r n áː r i t͡s a
mornarka	m ɔ r n àː r k a
morski	m ɔ̀ː r s k i
moskva	m óː s k ʋ a
most	m óː s t
motika	m ɔ t íː k a
motor	m óː t ɔ r
moč	m óː t͡ʃ
moča	m òː t͡ʃ a
močerad	m ɔ t͡ʃ ɛ r á t
moči	m ɔ̀ː t͡ʃ i
močvirje	m ɔ t͡ʃ ʋ íː r j ɛ
mošeja	m ɔ ʃ ɛ́ː j a
moški	m ɔ̀ː ʃ k i
mošt	m ɔ́ ʃ t
mož	m óː ʃ
možen	m òː ʒ ə n
možgani	m ɔ ʒ ɡ áː n i
možnar	m òː ʒ n a r
možnost	m òː ʒ n ɔ s t
mravlja	m r àː ʋ l j a
mravlja	m r áː ʋ l j a
mraz	m r á s
mreti	m r èː t i
mreža	m r èː ʒ a
mrhovina	m ə r x ɔ ʋ ìː n a
mrkev	m ə̀ r k ə ʋ
mrkva	m ə̀ r k ʋ a
mrož	m r óː ʃ
mrtev	m ə̀ r t ə ʋ
muditi	m u d ìː t i
muditi	m u d íː t i
muflon	m u f l óː n
muha	m ùː x a
mujezin	m u j ɛ z íː n
mula	m ùː l a
mulj	m úː l
mungo	m úː n ɡ ɔ
murva	m úː r ʋ a
muskularen	m u s k u l áː r ə n
musliman	m u s l i m áː n
muslimanka	m u s l i m áː n k a
muslimanski	m u s l i m áː n s k i
muzej	m u z ɛ́ː j
muzikalen	m u z i k áː l ə n
muzikologija	m u z i k ɔ l ɔ ɡ íː j a
mušnica	m úː ʃ n i t͡s a
na	n a
nad	n a t
nadlegovati	n a d l ɛ ɡ ɔ ʋ àː t i
nadporočnica	n a t p ɔ r óː t͡ʃ n i t͡s a
nadporočnik	n a t p ɔ r óː t͡ʃ n i k
nadzorovati	n a d z ɔ r ɔ ʋ àː t i
naenkrat	n a ɛ̀ː n k r a t
nafta	n áː f t a
nag	n áː k
nagel	n àː ɡ ə ʋ
nagelj	n àː ɡ ə l
naglas	n a ɡ l á s
naglejši	n àː ɡ l ɛ j ʃ i
najabsurdnejši	n á j a p s úː r d n ɛ j ʃ i
najbednejši	n á j b èː d n ɛ j ʃ i
najbelejši	n á j b ɛ l ɛ́ː j ʃ i
najbetežnejši	n á j b ɛ t èː ʒ n ɛ j ʃ i
najbliže	n á j b l íː ʒ ɛ
najbližje	n á j b l íː ʒ j ɛ
najbogatejši	n á j b ɔ ɡ a t ɛ́ː j ʃ i
najbolj	n á j b ɔ l
najbolje	n á j b óː l j ɛ
najboljše	n á j b óː l ʃ ɛ
najboljši	n á j b óː l ʃ i
najbradatejši	n á j b r a d àː t ɛ j ʃ i
najbrihtnejši	n á j b r ìː x t n ɛ j ʃ i
najbudnejši	n á j b ùː d n ɛ j ʃ i
najdalj	n á j d á l
najdaljši	n á j d áː l ʃ i
najdebelejši	n á j d ɛ b ɛ l ɛ́ː j ʃ i
najdejavnejši	n á j d ɛ j àː ʋ n ɛ j ʃ i
najdejavnejši	n á j d ɛ j áː ʋ n ɛ j ʃ i
najdolgočasnejši	n á j d ɔ l ɡ ɔ t͡ʃ àː s n ɛ j ʃ i
najdražji	n á j d r áː ʒ j i
najglasnejši	n á j ɡ l a s n ɛ́ː j ʃ i
najglušji	n á j ɡ l úː ʃ j i
najgrji	n á j ɡ ə́ r j i
najgrozljivejši	n á j ɡ r ɔ z l j ìː ʋ ɛ j ʃ i
najgrši	n á j ɡ ə́ r ʃ i
najhitreje	n á j x i t r ɛ̀ː j ɛ
najhitrejše	n á j x i t r ɛ̀ː j ʃ ɛ
najhujši	n á j x úː j ʃ i
najin	n áː j i n
najjasnejši	n á j j a s n ɛ́ː j ʃ i
najjasnejši	n á j j àː s n ɛ j ʃ i
najjeznejši	n á j j èː z n ɛ j ʃ i
najkrajši	n á j k r áː j ʃ i
najkrutejši	n á j k r ùː t ɛ j ʃ i
najkrutejši	n á j k r úː t ɛ j ʃ i
najlažji	n á j l áː ʒ j i
najlepši	n á j l éː p ʃ i
najljubosumnejši	n á j l j u b ɔ s ùː m n ɛ j ʃ i
najmanjši	n á j m áː n ʃ i
najmečji	n á j m éː t͡ʃ j i
najmlajši	n á j m l áː j ʃ i
najmodrejši	n á j m òː d r ɛ j ʃ i
najmodrejši	n á j m ɔ d r ɛ́ː j ʃ i
najnaglejši	n á j n àː ɡ l ɛ j ʃ i
najnaravnejši	n á j n a r àː ʋ n ɛ j ʃ i
najnepotrpežljivejši	n á j n ɛ́ p ɔ t ə r p ɛ ʒ l j ìː ʋ ɛ j ʃ i
najneumnejši	n á j n ɛ ùː m n ɛ j ʃ i
najnevarnejši	n á j n ɛ ʋ àː r n ɛ j ʃ i
najobčutljivejši	n á j ɔ p t͡ʃ u t l j ìː ʋ ɛ j ʃ i
najodličnejši	n á j ɔ d l ìː t͡ʃ n ɛ j ʃ i
najokusnejši	n á j ɔ k ùː s n ɛ j ʃ i
najosnovnejši	n á j ɔ s n ɔ́ː ʋ n ɛ j ʃ i
najočitnejši	n á j ɔ t͡ʃ ìː t n ɛ j ʃ i
najožji	n á j óː ʒ j i
najpestrejši	n á j p èː s t r ɛ j ʃ i
najplodnejši	n á j p l òː d n ɛ j ʃ i
najpodlejši	n á j p ɔ̀ː d l ɛ j ʃ i
najpodobnejši	n á j p ɔ d òː b n ɛ j ʃ i
najpodrobnejši	n á j p ɔ d r óː b n ɛ j ʃ i
najpogosteje	n á j p ɔ ɡ óː s t ɛ j ɛ
najpogostejše	n á j p ɔ ɡ óː s t ɛ j ʃ ɛ
najpogumnejši	n á j p ɔ ɡ ùː m n ɛ j ʃ i
najpolnejši	n á j p ɔ̀ː l n ɛ j ʃ i
najpomembnejši	n á j p ɔ m èː m b n ɛ j ʃ i
najpomembnejši	n á j p ɔ m éː m b n ɛ j ʃ i
najpotrebnejši	n á j p ɔ t r èː b n ɛ j ʃ i
najpotrpežljivejši	n á j p ɔ t ə r p ɛ ʒ l j ìː ʋ ɛ j ʃ i
najpočasneje	n á j p ɔ t͡ʃ a s n ɛ́ː j ɛ
najpočasneje	n á j p ɔ t͡ʃ àː s n ɛ j ɛ
najpravilneje	n á j p r a ʋ íː l n ɛ j ɛ
najpravilnejše	n á j p r a ʋ íː l n ɛ j ʃ ɛ
najpridnejši	n á j p r ìː d n ɛ j ʃ i
najprijaznejši	n á j p r i j àː z n ɛ j ʃ i
najpustejši	n á j p u s t ɛ́ː j ʃ i
najpustejši	n á j p ùː s t ɛ j ʃ i
najranejši	n á j r àː n ɛ j ʃ i
najravnejši	n á j r àː ʋ n ɛ j ʃ i
najrazličnejši	n á j r a z l ìː t͡ʃ n ɛ j ʃ i
najredkejši	n á j r èː t k ɛ j ʃ i
najredkejši	n á j r ɛ t k ɛ́ː j ʃ i
najresničnejši	n á j r ɛ s n ìː t͡ʃ n ɛ j ʃ i
najresničnejši	n á j r ɛ s n íː t͡ʃ n ɛ j ʃ i
najrevnejši	n á j r èː ʋ n ɛ j ʃ i
najskrivnejši	n á j s k r íː ʋ n ɛ j ʃ i
najskrivnostnejši	n á j s k r i ʋ n óː s t n ɛ j ʃ i
najskromnejši	n á j s k r ɔ̀ː m n ɛ j ʃ i
najslabše	n á j s l áː p ʃ ɛ
najslabši	n á j s l áː p ʃ i
najsladejši	n á j s l a d ɛ́ː j ʃ i
najslajši	n á j s l áː j ʃ i
najsmelejši	n á j s m èː l ɛ j ʃ i
najsodobnejši	n á j s ɔ d ɔ̀ː b n ɛ j ʃ i
najsončnejši	n á j s óː n t͡ʃ n ɛ j ʃ i
najsplošnejši	n á j s p l ɔ̀ː ʃ n ɛ j ʃ i
najspodobnejši	n á j s p ɔ d òː b n ɛ j ʃ i
najsrečnejše	n á j s r èː t͡ʃ n ɛ j ʃ ɛ
najsrečnejše	n á j s r ɛ t͡ʃ n ɛ́ː j ʃ ɛ
najsrečnejši	n á j s r èː t͡ʃ n ɛ j ʃ i
najsrečnejši	n á j s r ɛ t͡ʃ n ɛ́ː j ʃ i
najstarejši	n á j s t a r ɛ́ː j ʃ i
najstrastnejši	n á j s t r àː s t n ɛ j ʃ i
najsvobodnejši	n á j s ʋ ɔ b ɔ̀ː d n ɛ j ʃ i
najtežji	n á j t éː ʒ j i
najti	n àː j t i
najtrši	n á j t ə́ r ʃ i
najusodnejši	n á j u s òː d n ɛ j ʃ i
najustreznejši	n á j u s t r èː z n ɛ j ʃ i
najvarnejši	n á j ʋ àː r n ɛ j ʃ i
največ	n á j ʋ ɛ t͡ʃ
največ	n á j ʋ ɛ́ t͡ʃ
največji	n á j ʋ éː t͡ʃ j i
najvišji	n á j ʋ íː ʃ j i
najzanimivejši	n á j z a n i m ìː ʋ ɛ j ʃ i
najznačilnejši	n á j z n a t͡ʃ íː l n ɛ j ʃ i
najzrelejši	n á j z r èː l ɛ j ʃ i
najzrelejši	n á j z r ɛ l ɛ́ː j ʃ i
najživahnejši	n á j ʒ i ʋ àː x n ɛ j ʃ i
naključje	n a k l j úː t͡ʃ j ɛ
namenilnik	n a m ɛ n íː l n i k
namera	n a m éː r a
namibija	n a m ìː b i j a
namigovati	n a m i ɡ ɔ ʋ àː t i
nanašati	n a n áː ʃ a t i
nanositi	n a n ɔ s ìː t i
nanositi	n a n ɔ s íː t i
napad	n a p á t
napaka	n a p áː k a
napačen	n a p áː t͡ʃ ə n
napačen	n áː p a t͡ʃ ə n
napisati	n a p i s àː t i
napisati	n a p ìː s a t i
naprava	n a p r áː ʋ a
narava	n a r áː ʋ a
naraven	n a r àː ʋ ə n
naravnejši	n a r àː ʋ n ɛ j ʃ i
naravnost	n a r àː ʋ n ɔ s t
narediti	n a r ɛ d ìː t i
narediti	n a r ɛ d íː t i
narečje	n a r éː t͡ʃ j ɛ
narod	n àː r ɔ t
naslednji	n a s l éː d n j i
nasmeh	n a s m éː x
nasmeh	n a s m ɛ́ x
nasmehniti	n a s m èː x n i t i
nastati	n a s t àː t i
nasvidenje	n a s ʋ íː d ɛ n j ɛ
nataša	n a t áː ʃ a
natrij	n àː t r i j
navada	n a ʋ áː d a
navdih	n a ʋ d íː x
nazaj	n a z àː j
načelo	n a t͡ʃ ɛ̀ː l ɔ
načeti	n a t͡ʃ èː t i
načrt	n a t͡ʃ ə́ r t
naš	n á ʃ
ne	n ɛ
ne	n ɛ́
neapelj	n ɛ àː p ə l
nebesa	n ɛ b èː s a
nebo	n ɛ b óː
nebotičnik	n ɛ b ɔ t íː t͡ʃ n i k
nedelja	n ɛ d èː l j a
nedoločnik	n ɛ́ d ɔ l òː t͡ʃ n i k
nedoločnik	n ɛ́ d ɔ l óː t͡ʃ n i k
nedovršen	n ɛ́ d ɔ ʋ ə́ r ʃ ə n
nehati	n éː x a t i
nehemija	n ɛ x ɛ m íː j a
nekaj	n èː k a j
nekaj	n éː k a j
nekam	n èː k a m
nekdo	n éː ɡ d ɔ
nekdo	n ɛ ɡ d òː
nekdo	n ɛ ɡ d óː
nekje	n ɛ k j èː
nekje	n ɛ k j éː
nekrofilija	n ɛ k r ɔ f i l íː j a
nekropola	n ɛ k r óː p ɔ l a
nem	n éː m
nemec	n èː m ə t͡s
nemka	n èː m k a
nemogoč	n ɛ́ m ɔ ɡ òː t͡ʃ
nemčija	n éː m t͡ʃ i j a
nemški	n èː m ʃ k i
nemško	n èː m ʃ k ɔ
nemščina	n èː m ʃ t͡ʃ i n a
neodim	n ɛ ɔ d íː m
neodvisen	n ɛ́ ɔ d ʋ ìː s ə n
neon	n éː ɔ n
neposreden	n ɛ́ p ɔ s r éː d ə n
neposredno	n ɛ́ p ɔ s r éː d n ɔ
nepotrpežljiv	n ɛ́ p ɔ t ə r p ɛ ʒ l j ìː ʋ
nepotrpežljiv	n ɛ́ p ɔ t ə r p ɛ ʒ l j íː ʋ
nepotrpežljivejši	n ɛ́ p ɔ t ə r p ɛ ʒ l j ìː ʋ ɛ j ʃ i
nepredvidljiv	n ɛ́ p r ɛ d ʋ i d l j ìː ʋ
nepredvidljiv	n ɛ́ p r ɛ d ʋ i d l j íː ʋ
neptun	n ɛ p t úː n
neptunij	n ɛ p t ùː n i j
nesti	n ɛ̀ː s t i
netopir	n ɛ t ɔ p ìː r
netopir	n ɛ t ɔ p íː r
neumen	n ɛ ùː m ə n
neumnejši	n ɛ ùː m n ɛ j ʃ i
nevaren	n ɛ ʋ àː r ə n
nevarnejši	n ɛ ʋ àː r n ɛ j ʃ i
nevihta	n ɛ ʋ íː x t a
nečak	n ɛ t͡ʃ àː k
nečakinja	n ɛ t͡ʃ àː k i n j a
nihče	n i x t͡ʃ ɛ́
nihče	n íː x t͡ʃ ɛ
nikelj	n ìː k ə l
nikolaj	n i k ɔ l áː j
nikoli	n i k óː l i
niobij	n i j òː b i j
nit	n í t
nizek	n ìː z ə k
nizozemec	n i z ɔ z éː m ə t͡s
nizozemka	n i z ɔ z éː m k a
nizozemska	n i z ɔ z éː m s k a
nizozemski	n i z ɔ z éː m s k i
nizozemsko	n i z ɔ z éː m s k ɔ
nizozemščina	n i z ɔ z éː m ʃ t͡ʃ i n a
nič	n í t͡ʃ
niša	n ìː ʃ a
niša	n íː ʃ a
njegov	n j ɛ ɡ ɔ̀ː ʋ
njegov	n j ɛ ɡ ɔ́ ʋ
njen	n j èː n
njihov	n j ìː x ɔ ʋ
njihov	n j íː x ɔ ʋ
njun	n j ùː n
nlp	n ə l ə p ə́
nobelij	n ɔ b èː l i j
nocoj	n ɔ t͡s òː j
noga	n ɔ̀ː ɡ a
nogavica	n ɔ ɡ a ʋ ìː t͡s a
nogomet	n ɔ ɡ ɔ m ɛ́ t
noht	n óː x t
noj	n óː j
noj	n ɔ́ j
nominativ	n óː m i n a t i ʋ
nor	n ɔ́ r
norveška	n ɔ r ʋ éː ʃ k a
norveški	n ɔ r ʋ éː ʃ k i
norveško	n ɔ r ʋ éː ʃ k ɔ
norveščina	n ɔ r ʋ éː ʃ t͡ʃ i n a
norvežan	n ɔ r ʋ ɛ ʒ á n
norvežan	n ɔ r ʋ ɛ ʒ áː n
norvežanka	n ɔ r ʋ ɛ ʒ áː n k a
nos	n óː s
nosilec	n ɔ s íː l ə t͡s
nositi	n ɔ s ìː t i
nositi	n ɔ s íː t i
nosorog	n ɔ s ɔ r óː k
nota	n óː t a
noter	n òː t ɛ r
noter	n óː t ɛ r
notri	n òː t r i
notri	n óː t r i
nov	n ɔ́ ʋ
novak	n ɔ ʋ àː k
november	n ɔ ʋ ɛ̀ː m b ə r
novina	n ɔ ʋ ìː n a
novinec	n ɔ ʋ íː n ə t͡s
noč	n óː t͡ʃ
nož	n ɔ́ ʃ
nuna	n ùː n a
o	ɔ
obed	ɔ b ɛ́ t
obesiti	ɔ b èː s i t i
obiskati	ɔ b i s k àː t i
obiskovati	ɔ b i s k ɔ ʋ àː t i
objaviti	ɔ b j àː ʋ i t i
objem	ɔ b j ɛ́ m
objeti	ɔ b j èː t i
oblak	ɔ b l áː k
oblast	ɔ b l áː s t
obleka	ɔ b l éː k a
oblika	ɔ b l íː k a
oblikosloven	ɔ b l i k ɔ s l ɔ́ː ʋ ə n
oblikoslovje	ɔ b l i k ɔ s l ɔ́ː ʋ j ɛ
obljuba	ɔ b l j úː b a
obljubiti	ɔ b l j u b ìː t i
obljubiti	ɔ b l j u b íː t i
obljubiti	ɔ b l j ùː b i t i
obljubiti	ɔ b l j úː b i t i
obmodek	ɔ b m óː d ə k
oboa	óː b ɔ a
obramba	ɔ b r áː m b a
obraniti	ɔ b r a n ìː t i
obraniti	ɔ b r a n íː t i
obraz	ɔ b r á s
obrazen	ɔ b r áː z ə n
obrazilo	ɔ b r a z ìː l ɔ
obrezovanje	ɔ b r ɛ z ɔ ʋ àː n j ɛ
obrv	ɔ b ə́ r ʋ
obsedenost	ɔ p s éː d ɛ n ɔ s t
obsečnica	ɔ p s éː t͡ʃ n i t͡s a
obuti	ɔ b ùː t i
občinstvo	ɔ p t͡ʃ íː n s t ʋ ɔ
občutljiv	ɔ p t͡ʃ u t l j ìː ʋ
občutljiv	ɔ p t͡ʃ u t l j íː ʋ
občutljivejši	ɔ p t͡ʃ u t l j ìː ʋ ɛ j ʃ i
od	ɔ t
oddajnik	ɔ d d áː j n i k
odeja	ɔ d ɛ́ː j a
oder	òː d ə r
odgovor	ɔ d ɡ ɔ́ː ʋ ɔ r
odgovoriti	ɔ d ɡ ɔ ʋ ɔ r ìː t i
odgovoriti	ɔ d ɡ ɔ ʋ ɔ r íː t i
oditi	ɔ d ìː t i
odjaviti	ɔ d j àː ʋ i t i
odličen	ɔ d l ìː t͡ʃ ə n
odličnejši	ɔ d l ìː t͡ʃ n ɛ j ʃ i
odločba	ɔ d l óː d͡ʒ b a
odnos	ɔ d n ɔ́ s
odpreti	ɔ t p r èː t i
odprt	ɔ t p ə́ r t
odrešenik	ɔ d r ɛ ʃ ɛ n ìː k
odvisen	ɔ d ʋ ìː s ə n
odvreti	ɔ d ʋ r èː t i
ogel	òː ɡ ə ʋ
ogel	óː ɡ ə ʋ
ogenj	ɔ̀ː ɡ ə n
oglas	ɔ ɡ l á s
ogledalo	ɔ ɡ l ɛ d àː l ɔ
ogljik	ɔ ɡ l j íː k
ognjenik	ɔ ɡ n j ɛ n ìː k
ogor	óː ɡ ɔ r
ogor	ɔ ɡ óː r
ograja	ɔ ɡ r àː j a
ograja	ɔ ɡ r áː j a
ogroziti	ɔ ɡ r ɔ z ìː t i
ogroziti	ɔ ɡ r ɔ z íː t i
ogrožati	ɔ ɡ r òː ʒ a t i
ogrska	òː ɡ ə r s k a
ogrska	óː ɡ ə r s k a
oje	ɔ j éː
okarina	ɔ k a r íː n a
oklepaj	ɔ k l ɛ p áː j
okno	ɔ̀ː k n ɔ
oko	ɔ k óː
okopati	ɔ k òː p a t i
okopati	ɔ k ɔ p àː t i
okopavati	ɔ k ɔ p áː ʋ a t i
okostje	ɔ k óː s t j ɛ
okrogel	ɔ k r òː ɡ ə ʋ
oktober	ɔ k t òː b ə r
okus	ɔ k úː s
okusen	ɔ k ùː s ə n
okusen	ɔ k úː s ə n
okusnejši	ɔ k ùː s n ɛ j ʃ i
ol	óː l
ol	óː ʋ
olje	òː l j ɛ
oltar	ɔ l t àː r
oman	óː m a n
on	ɔ́ n
ona	ɔ̀ː n a
one	ɔ̀ː n ɛ
oni	ɔ̀ː n i
ono	ɔ̀ː n ɔ
opat	ɔ p áː t
opatija	ɔ p a t íː j a
opatinja	ɔ p áː t i n j a
opazovati	ɔ p a z ɔ ʋ àː t i
opeka	ɔ p éː k a
opeklina	ɔ p ɛ k l ìː n a
opereta	ɔ p ɛ r éː t a
opica	óː p i t͡s a
opomba	ɔ p óː m b a
oporoka	ɔ p ɔ r óː k a
oprostite	ɔ p r ɔ s t íː t ɛ
optika	òː p t i k a
optičen	òː p t i t͡ʃ ə n
opuščaj	ɔ p u ʃ t͡ʃ áː j
orakelj	ɔ r àː k ə l
oranža	ɔ r áː n ʒ a
oranžen	ɔ r áː n ʒ ə n
oreh	ɔ̀ː r ɛ x
orel	ɔ̀ː r ə ʋ
organizacija	ɔ r ɡ a n i z àː t͡s i j a
orgazem	ɔ r ɡ àː z ə m
orgazmičen	ɔ r ɡ àː z m i t͡ʃ ə n
orgiastičen	ɔ r ɡ i àː s t i t͡ʃ ə n
orgija	òː r ɡ i j a
orgle	óː r ɡ l ɛ
orhideja	ɔ r x i d ɛ́ː j a
orjak	ɔ r j àː k
orlič	ɔ r l í t͡ʃ
orodje	ɔ r óː d j ɛ
orodnik	ɔ r óː d n i k
os	óː s
osa	ɔ̀ː s a
oseba	ɔ s éː b a
oseben	ɔ s éː b ə n
osebnost	ɔ s éː b n ɔ s t
osel	ɔ̀ː s ə ʋ
osem	òː s ə m
osemdeset	òː s ə m d ɛ s ɛ t
osemnajst	òː s ə m n a j s t
osemnajst	ɔ s ə m n àː j s t
osmij	òː s m i j
osnoven	ɔ s n ɔ́ː ʋ ə n
osnovnejši	ɔ s n ɔ́ː ʋ n ɛ j ʃ i
osončje	ɔ s óː n t͡ʃ j ɛ
ost	óː s t
oster	òː s t ə r
ostriga	ɔ s t r ìː ɡ a
ostriga	ɔ s t r íː ɡ a
ostrivec	ɔ s t r íː ʋ ə t͡s
otava	ɔ t àː ʋ a
oteti	ɔ t èː t i
otok	ɔ̀ː t ɔ k
otomanski	ɔ t ɔ m áː n s k i
otrok	ɔ t r ɔ́ k
otroče	ɔ t r ɔ t͡ʃ ɛ́
otročji	ɔ t r òː t͡ʃ j i
otrpniti	ɔ t ə̀ r p n i t i
otvoriti	ɔ t ʋ òː r i t i
otvoriti	ɔ t ʋ óː r i t i
ovca	ɔ̀ː ʋ t͡s a
oven	ɔ̀ː ʋ ə n
oves	ɔ̀ː ʋ ə s
ovratnik	ɔ ʋ r áː t n i k
ovčar	ɔ ʋ t͡ʃ àː r
ozek	òː z ə k
oziroma	ɔ z íː r ɔ m a
oznaka	ɔ z n áː k a
oče	ɔ̀ː t͡ʃ ɛ
očim	òː t͡ʃ i m
očim	óː t͡ʃ i m
očiten	ɔ t͡ʃ ìː t ə n
očitnejši	ɔ t͡ʃ ìː t n ɛ j ʃ i
ošiliti	ɔ ʃ ìː l i t i
ožemati	ɔ ʒ éː m a t i
ožeti	ɔ ʒ èː t i
ožji	óː ʒ j i
pa	p a
padalo	p a d àː l ɔ
padati	p àː d a t i
padati	p áː d a t i
padec	p áː d ə t͡s
paglavec	p àː ɡ l a ʋ ə t͡s
pajek	p áː j ə k
paladij	p a l àː d i j
paladin	p a l a d íː n
palača	p a l àː t͡ʃ a
palec	p áː l ə t͡s
paleolitik	p a l ɛ ɔ l ìː t i k
palestina	p a l ɛ s t íː n a
palimpsest	p a l i m p s éː s t
palindrom	p a l i n d r óː m
palma	p áː l m a
palčnik	p áː ʋ t͡ʃ n i k
pamet	p àː m ɛ t
panj	p áː n
papagaj	p a p a ɡ áː j
papež	p áː p ɛ ʃ
papiga	p áː p i ɡ a
papir	p a p íː r
par	p àː r
paradižnik	p a r a d íː ʒ n i k
paradoks	p a r a d óː k s
paranoja	p a r a n óː j a
parfum	p a r f úː m
pariz	p a r íː s
past	p áː s t
pasti	p àː s t i
pastir	p a s t ìː r
patologija	p a t ɔ l ɔ ɡ íː j a
patološki	p a t ɔ l óː ʃ k i
pav	p áː ʋ
pavel	p áː ʋ ə l
pazduha	p áː z d u x a
pedagogika	p ɛ d a ɡ òː ɡ i k a
pegatka	p ɛ ɡ áː t k a
pehati	p éː x a t i
pehati	p ə x àː t i
pek	p èː k
pek	p éː k
pekel	p ə k ə́ ʋ
pekel	p ə̀ k ə ʋ
peljati	p ɛ l j àː t i
pena	p èː n a
penis	p éː n i s
pepel	p ɛ p éː ʋ
pepelka	p ɛ p éː l k a
pero	p ɛ r óː
peron	p ɛ r óː n
perut	p ɛ r úː t
perutnina	p ɛ r u t n ìː n a
perverzija	p ɛ r ʋ ɛ r z íː j a
perverzija	p ɛ r ʋ ɛ̀ː r z i j a
pes	p ə́ s
pesek	p èː s ə k
pesem	p éː s ə m
pesnik	p éː s n i k
pest	p éː s t
pester	p èː s t ə r
pestič	p ɛ s t í t͡ʃ
pestrejši	p èː s t r ɛ j ʃ i
pet	p éː t
peta	p ɛ̀ː t a
petdeset	p éː d d ɛ s ɛ t
petek	p èː t ə k
petelin	p ɛ t ɛ̀ː l i n
peter	p èː t ə r
peteršilj	p ɛ t ɛ r ʃ í l
peteršilj	p ɛ t ɛ r ʃ íː l
peti	p èː t i
peti	p ɛ̀ː t i
petnajst	p éː t n a j s t
petnajst	p ɛ t n àː j s t
pevec	p èː ʋ ə t͡s
peč	p éː t͡ʃ
pečat	p ɛ t͡ʃ áː t
peči	p ɛ̀ː t͡ʃ i
phati	p x àː t i
pi	p íː
pianist	p i j a n íː s t
pica	p ìː t͡s a
pica	p íː t͡s a
pihati	p ìː x a t i
pijavka	p i j áː ʋ k a
pijača	p i j àː t͡ʃ a
pikapolonica	p i k a p ɔ l óː n i t͡s a
pila	p ìː l a
pingvin	p i n ɡ ʋ íː n
pipa	p ìː p a
pira	p ìː r a
piramida	p i r a m íː d a
pisarna	p i s áː r n a
pisatelj	p i s áː t ɛ l
pisati	p i s àː t i
pisati	p ìː s a t i
pismo	p ìː s m ɔ
pistacija	p i s t àː t͡s i j a
pita	p ìː t a
pitagora	p i t àː ɡ ɔ r a
piti	p ìː t i
piton	p i t óː n
pivo	p ìː ʋ ɔ
pizda	p ìː z d a
pizda	p íː z d a
piščanec	p i ʃ t͡ʃ àː n ə t͡s
plamen	p l àː m ɛ n
planet	p l a n éː t
platana	p l a t áː n a
platina	p l áː t i n a
platno	p l àː t n ɔ
plavati	p l áː ʋ a t i
plaz	p l áː s
plačati	p l a t͡ʃ àː t i
plačati	p l àː t͡ʃ a t i
plašč	p l àː ʃ t͡ʃ
plaža	p l àː ʒ a
ples	p l éː s
plesati	p l èː s a t i
plesati	p l ɛ s àː t i
plesen	p l éː s ə n
plesti	p l ɛ̀ː s t i
pleti	p l èː t i
pleva	p l èː ʋ a
pljuča	p l j ùː t͡ʃ a
pljučnica	p l j úː t͡ʃ n i t͡s a
plod	p l óː t
ploden	p l òː d ə n
plodnejši	p l òː d n ɛ j ʃ i
pločevinka	p l ɔ t͡ʃ ɛ ʋ íː n k a
plug	p l ú k
plug	p l úː k
pluta	p l ùː t a
pluti	p l ùː t i
pluton	p l úː t ɔ n
plutonij	p l u t òː n i j
po	p ɔ
pobrati	p ɔ b r àː t i
poceni	p ɔ t͡s èː n i
pod	p ɔ́ t
podaljšati	p ɔ d áː l ʃ a t i
podaljšava	p ɔ d a l ʃ áː ʋ a
podel	p ɔ̀ː d ə ʋ
podgana	p ɔ d ɡ àː n a
podkev	p ɔ̀ː t k ə ʋ
podkovati	p ɔ t k ɔ ʋ àː t i
podla	p ɔ̀ː d l a
podlasica	p ɔ d l àː s i t͡s a
podlejši	p ɔ̀ː d l ɛ j ʃ i
podleči	p ɔ d l èː t͡ʃ i
podmornica	p ɔ d m óː r n i t͡s a
podnebje	p ɔ d n éː b j ɛ
podoba	p ɔ d óː b a
podoben	p ɔ d òː b ə n
podobnejši	p ɔ d òː b n ɛ j ʃ i
podpičje	p ɔ́ t p íː t͡ʃ j ɛ
podroben	p ɔ d r óː b ə n
podrobnejši	p ɔ d r óː b n ɛ j ʃ i
podrobnost	p ɔ d r óː b n ɔ s t
pofukan	p ɔ f úː k a n
pofukati	p ɔ f úː k a t i
pogača	p ɔ ɡ àː t͡ʃ a
pogodba	p ɔ ɡ óː d b a
pogoj	p ɔ ɡ ɔ́ j
pogojnik	p ɔ ɡ óː j n i k
pogoltniti	p ɔ ɡ ɔ̀ː ʋ t n i t i
pogosteje	p ɔ ɡ óː s t ɛ j ɛ
pogostejše	p ɔ ɡ óː s t ɛ j ʃ ɛ
pogosto	p ɔ ɡ óː s t ɔ
pogovarjati	p ɔ ɡ ɔ ʋ áː r j a t i
pogovor	p ɔ ɡ ɔ́ː ʋ ɔ r
pogovoren	p ɔ ɡ ɔ́ː ʋ ɔ r ə n
pogovoriti	p ɔ ɡ ɔ ʋ ɔ r ìː t i
pogovoriti	p ɔ ɡ ɔ ʋ ɔ r íː t i
pogrešati	p ɔ ɡ r èː ʃ a t i
pogum	p ɔ ɡ úː m
pogumen	p ɔ ɡ ùː m ə n
pogumnejši	p ɔ ɡ ùː m n ɛ j ʃ i
pohištvo	p ɔ x íː ʃ t ʋ ɔ
pohorje	p óː x ɔ r j ɛ
pojasniti	p ɔ j a s n ìː t i
pojasniti	p ɔ j a s n íː t i
pojasniti	p ɔ j àː s n i t i
pojasniti	p ɔ j áː s n i t i
pojutrišnjem	p ɔ j úː t r i ʃ n j ɛ m
pokazati	p ɔ k a z àː t i
pokazati	p ɔ k àː z a t i
poker	p òː k ə r
poklekniti	p ɔ k l èː k n i t i
poklekniti	p ɔ k l ɛ k n ìː t i
poklekniti	p ɔ k l ɛ k n íː t i
poklic	p ɔ k l íː t͡s
poklicati	p ɔ k l ìː t͡s a t i
pokol	p ɔ k ɔ́ l
pokop	p ɔ k ɔ́ p
pokopališče	p ɔ k ɔ p a l ìː ʃ t͡ʃ ɛ
pokrov	p ɔ k r ɔ́ ʋ
polbrat	p ɔ́ː ʋ b r á t
poldan	p ɔ́ː ʋ d a n
polenovka	p ɔ l èː n ɔ ʋ k a
poletje	p ɔ l éː t j ɛ
polh	p ɔ̀ː ʋ x
polh	p ɔ́ː ʋ x
polica	p ɔ l ìː t͡s a
policist	p ɔ l i t͡s íː s t
policistka	p ɔ l i t͡s íː s t k a
politeizem	p ɔ l i t ɛ ìː z ə m
polizati	p ɔ l i z àː t i
polizati	p ɔ l ìː z a t i
poljak	p ɔ l j àː k
poljakinja	p ɔ l j àː k i n j a
poljanšek	p ɔ l j àː n ʃ ə k
polje	p óː l j ɛ
polje	p ɔ l j éː
poljedelstvo	p ɔ l j ɛ d éː l s t ʋ ɔ
poljska	p óː l s k a
poljski	p óː l s k i
poljsko	p óː l s k ɔ
poljub	p ɔ l j úː p
poljubiti	p ɔ l j u b ìː t i
poljubiti	p ɔ l j u b íː t i
poljubiti	p ɔ l j ùː b i t i
poljubiti	p ɔ l j úː b i t i
poljščina	p óː l ʃ t͡ʃ i n a
polkovnica	p ɔ l k ɔ́ː ʋ n i t͡s a
polmer	p ɔ l m éː r
polmer	p ɔ ʋ m éː r
poln	p ɔ́ː ʋ n
polnejši	p ɔ̀ː ʋ n ɛ j ʃ i
polnoč	p ɔ́ː ʋ n ɔ t͡ʃ
polonij	p ɔ l òː n i j
polotok	p óː l ɔ t ɔ k
polotok	p ɔ l ɔ t ɔ́ k
polovica	p ɔ l ɔ ʋ ìː t͡s a
položaj	p ɔ l ɔ ʒ áː j
polzeti	p ɔ ʋ z èː t i
polž	p ɔ̀ː ʋ ʃ
polž	p ɔ́ː ʋ ʃ
pomagati	p ɔ m a ɡ àː t i
pomagati	p ɔ m àː ɡ a t i
pomaranča	p ɔ m a r áː n t͡ʃ a
pomemben	p ɔ m èː m b ə n
pomemben	p ɔ m éː m b ə n
pomembnejši	p ɔ m èː m b n ɛ j ʃ i
pomembnejši	p ɔ m éː m b n ɛ j ʃ i
pomembnost	p ɔ m èː m b n ɔ s t
pomembnost	p ɔ m éː m b n ɔ s t
pomen	p ɔ m ɛ́ n
pomenoslovje	p ɔ m ɛ n ɔ s l ɔ́ː ʋ j ɛ
pomenski	p ɔ m éː n s k i
pomlad	p ɔ m l áː t
pomniti	p óː m n i t i
pomoč	p ɔ m óː t͡ʃ
pomočnik	p ɔ m ɔ t͡ʃ n ìː k
ponarediti	p ɔ n a r ɛ d ìː t i
ponarediti	p ɔ n a r ɛ d íː t i
ponedeljek	p ɔ n ɛ d éː l j ə k
ponos	p ɔ n ɔ́ s
popačenka	p ɔ p áː t͡ʃ ɛ n k a
popek	p óː p ə k
poper	p ɔ̀ː p ə r
poplava	p ɔ p l áː ʋ a
popoldan	p ɔ p ɔ́ː ʋ d a n
popolnoma	p ɔ p ɔ́ː ʋ n ɔ m a
por	p óː r
por	p ɔ́ r
porcelan	p ɔ r t͡s ɛ l áː n
pornograf	p ɔ r n ɔ ɡ r áː f
pornografija	p ɔ r n ɔ ɡ r a f íː j a
pornografski	p ɔ r n ɔ ɡ r áː f s k i
porod	p ɔ r ɔ́ t
porod	p ɔ̀ː r ɔ t
poročen	p ɔ r óː t͡ʃ ə n
poročen	p ɔ r ɔ t͡ʃ ɛ́ n
poročilo	p ɔ r ɔ t͡ʃ ìː l ɔ
poročnica	p ɔ r óː t͡ʃ n i t͡s a
poročnik	p ɔ r óː t͡ʃ n i k
portoriko	p ɔ r t ɔ r íː k ɔ
portret	p ɔ r t r éː t
portugalec	p ɔ r t u ɡ áː l ə t͡s
portugalka	p ɔ r t u ɡ áː l k a
portugalska	p ɔ r t u ɡ áː l s k a
portugalski	p ɔ r t u ɡ áː l s k i
portugalsko	p ɔ r t u ɡ áː l s k ɔ
portugalščina	p ɔ r t u ɡ áː l ʃ t͡ʃ i n a
posameznik	p ɔ s áː m ɛ z n i k
posebej	p ɔ s éː b ɛ j
posel	p ɔ̀ː s ə ʋ
poskusiti	p ɔ s k ùː s i t i
poskušati	p ɔ s k ùː ʃ a t i
poslati	p ɔ s l àː t i
poslušati	p ɔ s l u ʃ àː t i
poslušati	p ɔ s l ùː ʃ a t i
posoditi	p ɔ s òː d i t i
posoditi	p ɔ s ɔ d ìː t i
posoditi	p ɔ s ɔ d íː t i
posodobiti	p ɔ s ɔ d ɔ̀ː b i t i
posodobiti	p ɔ s ɔ d ɔ́ː b i t i
pospešek	p ɔ s p éː ʃ ə k
post	p ɔ́ s t
postaja	p ɔ s t áː j a
postati	p ɔ s t àː t i
postelja	p òː s t ɛ l j a
posteljica	p òː s t ɛ l j i t͡s a
postrv	p ɔ s t ə́ r ʋ
pot	p òː t
pot	p óː t
potegovati	p ɔ t ɛ ɡ ɔ ʋ àː t i
potem	p ɔ t éː m
potem	p ɔ t ɛ́ m
potok	p ɔ̀ː t ɔ k
potreben	p ɔ t r èː b ə n
potrebnejši	p ɔ t r èː b n ɛ j ʃ i
potrebovati	p ɔ t r ɛ b ɔ ʋ àː t i
potres	p ɔ t r ɛ́ s
potrpežljiv	p ɔ t ə r p ɛ ʒ l j ìː ʋ
potrpežljiv	p ɔ t ə r p ɛ ʒ l j íː ʋ
potrpežljivejši	p ɔ t ə r p ɛ ʒ l j ìː ʋ ɛ j ʃ i
potrpežljivost	p ɔ t ə r p ɛ ʒ l j ìː ʋ ɔ s t
poudariti	p ɔ u d àː r i t i
povednik	p ɔ ʋ éː d n i k
povratnik	p ɔ ʋ r áː t n i k
površina	p ɔ ʋ ə r ʃ ìː n a
pozabiti	p ɔ z a b ìː t i
pozabiti	p ɔ z a b íː t i
pozabiti	p ɔ z àː b i t i
pozavna	p ɔ z áː ʋ n a
pozdrav	p ɔ z d r á ʋ
pozen	p ɔ̀ː z ə n
pozitron	p ɔ z i t r óː n
poznati	p ɔ z n àː t i
pozno	p ɔ̀ː z n ɔ
pozornost	p ɔ z òː r n ɔ s t
počasi	p ɔ t͡ʃ áː s i
počasneje	p ɔ t͡ʃ a s n ɛ́ː j ɛ
počasneje	p ɔ t͡ʃ àː s n ɛ j ɛ
počasno	p ɔ t͡ʃ àː s n ɔ
počitek	p ɔ t͡ʃ íː t ə k
počiti	p òː t͡ʃ i t i
počiti	p ɔ t͡ʃ ìː t i
počivati	p ɔ t͡ʃ ìː ʋ a t i
požar	p ɔ ʒ áː r
prababica	p r áː b àː b i t͡s a
praded	p r áː d éː t
praded	p r áː d ɛ́ t
praga	p r àː ɡ a
pragermanščina	p r áː ɡ ɛ r m áː n ʃ t͡ʃ i n a
prah	p r áː x
prakrt	p r áː k ə r t
praporščak	p r a p ɔ r ʃ t͡ʃ àː k
praporščakinja	p r a p ɔ r ʃ t͡ʃ àː k i n j a
praprot	p r àː p r ɔ t
prase	p r a s ɛ́
prase	p r àː s ɛ
praslovanski	p r áː s l ɔ ʋ áː n s k i
praslovanščina	p r áː s l ɔ ʋ áː n ʃ t͡ʃ i n a
prati	p r àː t i
pravica	p r a ʋ ìː t͡s a
pravilen	p r a ʋ íː l ə n
pravilneje	p r a ʋ íː l n ɛ j ɛ
pravilnejše	p r a ʋ íː l n ɛ j ʃ ɛ
pravilno	p r a ʋ íː l n ɔ
pravičen	p r a ʋ ìː t͡ʃ ə n
pravičen	p r a ʋ íː t͡ʃ ə n
pravičnost	p r a ʋ ìː t͡ʃ n ɔ s t
pravičnost	p r a ʋ íː t͡ʃ n ɔ s t
pravkar	p r á ʋ k a r
pravo	p r áː ʋ ɔ
pravopis	p r a ʋ ɔ p íː s
prazen	p r àː z ə n
prazeodim	p r a z ɛ ɔ d íː m
prazniti	p r a z n ìː t i
prazniti	p r a z n íː t i
prazniti	p r àː z n i t i
prašati	p r a ʃ àː t i
prašati	p r àː ʃ a t i
prašič	p r àː ʃ i t͡ʃ
prašnik	p r áː ʃ n i k
praštevilo	p r áː ʃ t ɛ ʋ ìː l ɔ
pražiti	p r àː ʒ i t i
prebava	p r ɛ b áː ʋ a
prebiti	p r ɛ b ìː t i
prebivalec	p r ɛ b i ʋ áː l ə t͡s
pred	p r ɛ t
predal	p r ɛ d áː l
predhodnik	p r ɛ d x óː d n i k
predlagati	p r ɛ d l áː ɡ a t i
predlog	p r ɛ̀ː d l ɔ k
predmet	p r ɛ̀ː d m ɛ t
prednik	p r éː d n i k
predpona	p r ɛ t p óː n a
predpreteklik	p r ɛ́ t p r ɛ t ɛ̀ː k l i k
predsednik	p r ɛ t s éː d n i k
predvideti	p r ɛ d ʋ ìː d ɛ t i
predvidljiv	p r ɛ d ʋ i d l j ìː ʋ
predvidljiv	p r ɛ d ʋ i d l j íː ʋ
predvidljivost	p r ɛ d ʋ i d l j ìː ʋ ɔ s t
prehlad	p r ɛ x l á t
preja	p r ɛ̀ː j a
preja	p r ɛ́ː j a
prekletstvo	p r ɛ k l éː t s t ʋ ɔ
premena	p r ɛ m éː n a
premeniti	p r ɛ m ɛ n ìː t i
premeniti	p r ɛ m ɛ n íː t i
preobrat	p r ɛ ɔ b r à t
prepelica	p r ɛ p ɛ l ìː t͡s a
preproga	p r ɛ p r òː ɡ a
preproga	p r ɛ p r óː ɡ a
prepucij	p r ɛ p ùː t͡s i j
prepustnica	p r ɛ p úː s t n i t͡s a
presenetiti	p r ɛ s ɛ n èː t i t i
presenetiti	p r ɛ s ɛ n éː t i t i
presenečenje	p r ɛ s ɛ n éː t͡ʃ ɛ n j ɛ
presredek	p r ɛ s r éː d ə k
presti	p r èː s t i
presti	p r ɛ̀ː s t i
prestol	p r ɛ̀ː s t ɔ l
prestolnica	p r ɛ s t óː l n i t͡s a
preteklik	p r ɛ t ɛ̀ː k l i k
prevajalec	p r ɛ ʋ a j áː l ə t͡s
prevesti	p r ɛ ʋ èː s t i
prevesti	p r ɛ ʋ ɛ̀ː s t i
prevod	p r ɛ ʋ ɔ́ t
prevod	p r ɛ̀ː ʋ ɔ t
prevodnik	p r ɛ ʋ óː d n i k
preživeti	p r ɛ ʒ i ʋ èː t i
prga	p ə̀ r ɡ a
prha	p ə̀ r x a
pri	p r i
priden	p r ìː d ə n
pridevnik	p r i d éː ʋ n i k
pridevniški	p r i d éː ʋ n i ʃ k i
pridnejši	p r ìː d n ɛ j ʃ i
prihajati	p r i x áː j a t i
prihodnji	p r i x óː d n j i
prihodnjik	p r i x óː d n j i k
prihodnost	p r i x óː d n ɔ s t
priimek	p r i íː m ə k
prijatelj	p r i j áː t ɛ l
prijateljica	p r i j áː t ɛ l j i t͡s a
prijateljski	p r i j áː t ɛ l s k i
prijateljstvo	p r i j áː t ɛ l s t ʋ ɔ
prijaviti	p r i j àː ʋ i t i
prijazen	p r i j àː z ə n
prijaznejši	p r i j àː z n ɛ j ʃ i
prijeten	p r i j èː t ə n
priložnost	p r i l òː ʒ n ɔ s t
primer	p r i m éː r
primež	p r ìː m ɛ ʃ
primež	p r íː m ɛ ʃ
princ	p r íː n t͡s
princesa	p r i n t͡s éː s a
pripeti	p r i p èː t i
pripona	p r i p óː n a
priponski	p r i p óː n s k i
prisega	p r i s éː ɡ a
prislov	p r i s l ɔ́ ʋ
prisotnost	p r i s ɔ̀ː t n ɔ s t
prispevek	p r i s p éː ʋ ə k
pristati	p r i s t àː t i
priti	p r ìː t i
pritisk	p r i t íː s k
priznati	p r i z n àː t i
priznavati	p r i z n áː ʋ a t i
priča	p r ìː t͡ʃ a
pričakovati	p r i t͡ʃ a k ɔ ʋ àː t i
prižnica	p r ìː ʒ n i t͡s a
prižnica	p r íː ʒ n i t͡s a
profesor	p r ɔ f éː s ɔ r
programje	p r ɔ ɡ r áː m j ɛ
programski	p r ɔ ɡ r áː m s k i
prometij	p r ɔ m èː t i j
prosim	p r òː s i m
prositi	p r ɔ s ìː t i
prositi	p r ɔ s íː t i
prost	p r ɔ́ s t
prostata	p r óː s t a t a
prostitucija	p r ɔ s t i t ùː t͡s i j a
prostor	p r ɔ̀ː s t ɔ r
prostornina	p r ɔ s t ɔ r n ìː n a
prostorski	p r ɔ s t òː r s k i
prostorski	p r ɔ s t óː r s k i
protaktinij	p r ɔ t a k t ìː n i j
protipomenka	p r óː t i p ɔ m éː n k a
prst	p ə́ r s t
prstan	p ə̀ r s t a n
prstanec	p ə̀ r s t a n ə t͡s
prt	p ə́ r t
prtljaga	p ə r t l j áː ɡ a
prvak	p ə r ʋ àː k
prvi	p ə́ r ʋ i
prvoten	p ə r ʋ ɔ̀ː t ə n
psalmi	p s áː l m i
psica	p s ìː t͡s a
ptica	p t ìː t͡s a
ptič	p t í t͡ʃ
puhati	p ùː x a t i
puhati	p úː x a t i
pulzar	p úː l z a r
puma	p ùː m a
punt	p ú n t
puran	p u r áː n
pust	p úː s t
pustejši	p u s t ɛ́ː j ʃ i
pustejši	p ùː s t ɛ j ʃ i
pustinja	p u s t ìː n j a
pustiti	p u s t ìː t i
pustiti	p u s t íː t i
puška	p úː ʃ k a
puščati	p ùː ʃ t͡ʃ a t i
puščava	p u ʃ t͡ʃ áː ʋ a
pšenica	p ʃ ɛ n ìː t͡s a
raba	r àː b a
rabarbara	r a b àː r b a r a
rabiti	r a b ìː t i
rabiti	r a b íː t i
rabiti	r àː b i t i
raca	r àː t͡s a
rad	r á t
rad	r áː t
radar	r àː d a r
radar	r áː d a r
radij	r àː d i j
radij	r áː d i j
radirka	r a d íː r k a
radon	r a d óː n
radon	r áː d ɔ n
radost	r àː d ɔ s t
radoveden	r a d ɔ ʋ èː d ə n
radovednost	r a d ɔ ʋ èː d n ɔ s t
rakun	r a k úː n
ralo	r àː l ɔ
rama	r àː m a
ramovš	r a m ɔ́ː ʋ ʃ
ran	r áː n
rana	r àː n a
ranejši	r àː n ɛ j ʃ i
rasa	r àː s a
rast	r áː s t
rasti	r àː s t i
rastlina	r a s t l ìː n a
rastlinojedec	r a s t l i n ɔ j éː d ə t͡s
raven	r àː ʋ ə n
ravnejši	r àː ʋ n ɛ j ʃ i
ravnik	r áː ʋ n i k
ravnost	r àː ʋ n ɔ s t
ravnotežje	r a ʋ n ɔ t éː ʒ j ɛ
razglednica	r a z ɡ l éː d n i t͡s a
razgovor	r a z ɡ ɔ́ː ʋ ɔ r
razlika	r a z l íː k a
različen	r a z l ìː t͡ʃ ə n
različnejši	r a z l ìː t͡ʃ n ɛ j ʃ i
razpelo	r a s p èː l ɔ
razpelo	r a s p ɛ̀ː l ɔ
razred	r àː z r ɛ t
razumeti	r a z u m èː t i
razvoj	r a z ʋ ɔ́ j
računalnik	r a t͡ʃ u n áː l n i k
rdeč	ə r d ɛ́ t͡ʃ
rebro	r ɛ̀ː b r ɔ
recikliranje	r ɛ t͡s i k l íː r a n j ɛ
red	r éː t
redar	r ɛ d àː r
redek	r èː d ə k
redkejši	r èː t k ɛ j ʃ i
redkejši	r ɛ t k ɛ́ː j ʃ i
redkev	r ɛ̀ː t k ə ʋ
redko	r èː t k ɔ
regrat	r èː ɡ r a t
rek	r éː k
rek	r ɛ́ k
reka	r èː k a
rektalen	r ɛ k t áː l ə n
relativnost	r éː l a t i ʋ n ɔ s t
relativnost	r ɛ l a t íː ʋ n ɔ s t
religija	r ɛ l ìː ɡ i j a
relikvija	r ɛ l ìː k ʋ i j a
renesansa	r ɛ n ɛ s áː n s a
renij	r èː n i j
rep	r éː p
rep	r ɛ́ p
repatica	r ɛ p a t ìː t͡s a
republika	r ɛ p ùː b l i k a
resnica	r ɛ s n ìː t͡s a
resnik	r éː s n i k
resničen	r ɛ s n ìː t͡ʃ ə n
resničen	r ɛ s n íː t͡ʃ ə n
resničnejši	r ɛ s n ìː t͡ʃ n ɛ j ʃ i
resničnejši	r ɛ s n íː t͡ʃ n ɛ j ʃ i
restavracija	r ɛ s t a ʋ r àː t͡s i j a
reven	r èː ʋ ə n
revija	r ɛ ʋ íː j a
revnejši	r èː ʋ n ɛ j ʃ i
revolucija	r ɛ ʋ ɔ l ùː t͡s i j a
rezati	r èː z a t i
rezilo	r ɛ z ìː l ɔ
rezultat	r ɛ z u l t áː t
reč	r éː t͡ʃ
reči	r ɛ̀ː t͡ʃ i
rešeto	r ɛ ʃ ɛ̀ː t ɔ
reši	r èː ʃ i
rešitev	r ɛ ʃ íː t ə ʋ
rešiti	r èː ʃ i t i
rešiti	r ɛ ʃ ìː t i
rešiti	r ɛ ʃ íː t i
riba	r ìː b a
ribariti	r i b àː r i t i
ribi	r ìː b i
rigler	r ìː ɡ l ɛ r
rijavec	r ìː j a ʋ ə t͡s
rilec	r íː l ə t͡s
rim	r ìː m
rima	r ìː m a
rima	r íː m a
ris	r íː s
risati	r íː s a t i
risba	r íː z b a
rit	r í t
riti	r ìː t i
riž	r íː ʃ
rjav	ə r j á ʋ
rjuha	ə r j ùː x a
rjuti	ə r j ùː t i
rob	r óː p
robidnica	r ɔ b íː d n i t͡s a
robot	r ɔ b óː t
rodij	r òː d i j
rodilnik	r ɔ d íː l n i k
roditi	r ɔ d ìː t i
roditi	r ɔ d íː t i
rog	r óː k
rojen	r ɔ̀ː j ɛ n
rojstvo	r ɔ̀ː j s t ʋ ɔ
roka	r ɔ̀ː k a
rokavica	r ɔ k a ʋ ìː t͡s a
rokomet	r ɔ k ɔ m ɛ́ t
roman	r ɔ m áː n
romb	r óː m p
romun	r ɔ m úː n
romunija	r ɔ m ùː n i j a
romunka	r ɔ m úː n k a
romunski	r ɔ m úː n s k i
romunsko	r ɔ m úː n s k ɔ
romunščina	r ɔ m úː n ʃ t͡ʃ i n a
ropar	r óː p a r
rosa	r ɔ̀ː s a
rosomah	r ɔ s ɔ m áː x
rotovž	r óː t ɔ ʋ ʃ
rovka	r ɔ́ː ʋ k a
rozman	r óː z m a n
roža	r óː ʒ a
roževina	r ɔ ʒ ɛ ʋ ìː n a
rožmarin	r óː ʒ m a r i n
rožmarin	r ɔ ʒ m a r íː n
rubidij	r u b ìː d i j
ruda	r ùː d a
rudar	r u d àː r
rudnik	r úː d n i k
rumen	r u m ɛ́ n
rumenjak	r u m ɛ n j àː k
runo	r ùː n ɔ
runo	r úː n ɔ
rus	r úː s
rusija	r úː s i j a
rusinja	r úː s i n j a
ruski	r úː s k i
rusko	r úː s k ɔ
rutenij	r u t èː n i j
ruti	r ùː t i
ruvati	r u ʋ àː t i
ruvati	r ùː ʋ a t i
ruvati	r úː ʋ a t i
ruščina	r úː ʃ t͡ʃ i n a
rvati	ə r ʋ àː t i
rž	ə́ r ʃ
s	s
sablja	s áː b l j a
sabotaža	s a b ɔ t áː ʒ a
sad	s áː t
sadež	s áː d ɛ ʃ
sadje	s àː d j ɛ
sadovnjak	s a d ɔ ʋ n j àː k
saksofon	s a k s ɔ f óː n
sam	s áː m
samarij	s a m àː r i j
samec	s àː m ə t͡s
samoglasnik	s a m ɔ ɡ l áː s n i k
samomnožinski	s a m óː m n ɔ ʒ íː n s k i
samomor	s a m ɔ m ɔ́ r
samorog	s a m ɔ r óː k
samostalnik	s a m ɔ s t áː l n i k
samostalniški	s a m ɔ s t áː l n i ʃ k i
samostan	s a m ɔ s t áː n
samota	s a m ɔ̀ː t a
samozadovoljevanje	s áː m ɔ z a d ɔ ʋ ɔ l j ɛ ʋ àː n j ɛ
samozadovoljevati	s áː m ɔ z a d ɔ ʋ ɔ l j ɛ ʋ àː t i
samum	s a m úː m
sanjati	s àː n j a t i
sanje	s àː n j ɛ
sanskrt	s a n s k ə́ r t
sapnik	s áː p n i k
sardinija	s a r d ìː n i j a
satelit	s a t ɛ l íː t
saturn	s a t ùː r n
scenarij	s t͡s ɛ n àː r i j
sedanjik	s ə d àː n j i k
sedanjik	s ə d áː n j i k
sedanjik	s ɛ d àː n j i k
sedanjik	s ɛ d áː n j i k
sedem	s èː d ə m
sedemdeset	s èː d ə m d ɛ s ɛ t
sedemnajst	s èː d ə m n a j s t
sedemnajst	s ɛ d ə m n àː j s t
sedeti	s ɛ d èː t i
sedlo	s ɛ̀ː d l ɔ
sef	s éː f
sejati	s ɛ j àː t i
sejšeli	s ɛ j ʃ éː l i
sekalec	s ɛ k áː l ə t͡s
sekira	s ɛ k ìː r a
seks	s éː k s
seksati	s éː k s a t i
seksologija	s ɛ k s ɔ l ɔ ɡ ìː j a
seksualen	s ɛ k s u áː l ə n
seksualnost	s ɛ k s u áː l n ɔ s t
sekunda	s ɛ k úː n d a
sel	s ə́ l
sel	s ə́ ʋ
selen	s ɛ l éː n
sem	s ə́ m
seme	s èː m ɛ
semenovod	s ɛ m ɛ n ɔ ʋ ɔ́ t
semenski	s èː m ɛ n s k i
semenski	s ɛ m éː n s k i
senca	s éː n t͡s a
sendvič	s éː n d ʋ i t͡ʃ
seno	s ɛ n óː
senožet	s ɛ n ɔ ʒ éː t
senožet	s ɛ n ɔ̀ː ʒ ɛ t
september	s ɛ p t ɛ̀ː m b ə r
sesalec	s ə s áː l ə t͡s
sesalec	s ɛ s áː l ə t͡s
sesati	s ə s àː t i
sesati	s ɛ s àː t i
sesti	s èː s t i
sestra	s ɛ̀ː s t r a
sestrična	s ɛ s t r íː t͡ʃ n a
seveda	s ɛ ʋ éː d a
sever	s èː ʋ ɛ r
severen	s èː ʋ ɛ r ə n
severnejši	s èː ʋ ɛ r n ɛ j ʃ i
seznam	s ə z n á m
seznam	s ə z n áː m
seznam	s ɛ z n á m
seznam	s ɛ z n áː m
sezuti	s ə z ùː t i
sezuti	s ɛ z ùː t i
seč	s éː t͡ʃ
seči	s èː t͡ʃ i
sečnica	s éː t͡ʃ n i t͡s a
sečničen	s éː t͡ʃ n i t͡ʃ ə n
shizofrenija	s x i z ɔ f r ɛ n íː j a
si	s i
si	s í
sibirija	s i b ìː r i j a
sicilija	s i t͡s ìː l i j a
sidro	s ìː d r ɔ
sidro	s íː d r ɔ
sila	s ìː l a
silicij	s i l ìː t͡s i j
simbol	s i m b óː l
simboličen	s i m b òː l i t͡ʃ ə n
simetrija	s i m ɛ t r íː j a
sin	s íː n
sinhron	s i n x r óː n
sinhrono	s i n x r óː n ɔ
sinica	s i n ìː t͡s a
sinonim	s i n ɔ n íː m
sinoči	s i n óː t͡ʃ i
sir	s í r
sirija	s ìː r i j a
sirilo	s i r ìː l ɔ
siriti	s ìː r i t i
siriščnik	s i r íː ʃ t͡ʃ n i k
sirotka	s ìː r ɔ t k a
sistem	s i s t éː m
sit	s í t
siv	s íː ʋ
skakač	s k a k àː t͡ʃ
skala	s k àː l a
skandij	s k àː n d i j
skladnja	s k l àː d n j a
sklanjatev	s k l a n j áː t ə ʋ
skleda	s k l èː d a
sklon	s k l ɔ́ n
skodelica	s k ɔ d éː l i t͡s a
skoraj	s k ɔ̀ː r a j
skoraj	s k ɔ́ː r a j
skorbut	s k ɔ r b úː t
skorja	s k òː r j a
skorja	s k óː r j a
skočiti	s k ɔ t͡ʃ ìː t i
skočiti	s k ɔ t͡ʃ íː t i
skriti	s k r ìː t i
skrivati	s k r ìː ʋ a t i
skriven	s k r íː ʋ ə n
skrivnejši	s k r íː ʋ n ɛ j ʃ i
skrivnost	s k r i ʋ n óː s t
skrivnosten	s k r i ʋ n óː s t ə n
skrivnostnejši	s k r i ʋ n óː s t n ɛ j ʃ i
skromen	s k r ɔ̀ː m ə n
skromnejši	s k r ɔ̀ː m n ɛ j ʃ i
skrotum	s k r óː t u m
skupaj	s k úː p a j
skupina	s k u p ìː n a
skupnost	s k ùː p n ɔ s t
skupnost	s k úː p n ɔ s t
skusiti	s k ùː s i t i
skuša	s k ùː ʃ a
slab	s l á p
slabo	s l a b óː
slabše	s l áː p ʃ ɛ
slabši	s l áː p ʃ i
slad	s l áː t
sladejši	s l a d ɛ́ː j ʃ i
sladek	s l àː d ə k
sladkor	s l àː t k ɔ r
sladoled	s l a d ɔ l éː t
slajši	s l áː j ʃ i
slamica	s l àː m i t͡s a
slan	s l áː n
slanina	s l a n ìː n a
slap	s l áː p
slava	s l àː ʋ a
slavec	s l àː ʋ ə t͡s
slaven	s l àː ʋ ə n
slaščičarna	s l a ʃ t͡ʃ i t͡ʃ áː r n a
slediti	s l ɛ d ìː t i
slediti	s l ɛ d íː t i
slep	s l éː p
slezenovec	s l ɛ z éː n ɔ ʋ ə t͡s
sleči	s l èː t͡ʃ i
slika	s l íː k a
slikar	s l i k àː r
slikati	s l íː k a t i
slina	s l ìː n a
sliva	s l ìː ʋ a
slivovka	s l ìː ʋ ɔ ʋ k a
slišati	s l ìː ʃ a t i
sljuda	s l j ùː d a
sloka	s l òː k a
sloka	s l óː k a
slon	s l ɔ́ n
slonica	s l ɔ n ìː t͡s a
slonica	s l ɔ̀ː n i t͡s a
slonovina	s l ɔ n ɔ ʋ ìː n a
slop	s l ɔ́ p
slovak	s l ɔ ʋ àː k
slovakinja	s l ɔ ʋ àː k i n j a
slovan	s l ɔ ʋ áː n
slovanka	s l ɔ ʋ áː n k a
slovanski	s l ɔ ʋ áː n s k i
slovar	s l ɔ ʋ àː r
slovaška	s l ɔ ʋ áː ʃ k a
slovaški	s l ɔ ʋ áː ʃ k i
slovaško	s l ɔ ʋ áː ʃ k ɔ
slovaščina	s l ɔ ʋ áː ʃ t͡ʃ i n a
slovenec	s l ɔ ʋ èː n ə t͡s
slovenija	s l ɔ ʋ èː n i j a
slovenka	s l ɔ ʋ èː n k a
slovenski	s l ɔ ʋ èː n s k i
slovensko	s l ɔ ʋ èː n s k ɔ
slovenščina	s l ɔ ʋ èː n ʃ t͡ʃ i n a
sloveti	s l ɔ ʋ èː t i
slovnica	s l ɔ́ː ʋ n i t͡s a
slovničen	s l ɔ́ː ʋ n i t͡ʃ ə n
slovo	s l ɔ ʋ óː
sluti	s l ùː t i
slušati	s l ùː ʃ a t i
služba	s l úː ʒ b a
smeh	s m éː x
smejati	s m ɛ j àː t i
smel	s m éː ʋ
smelejši	s m èː l ɛ j ʃ i
smer	s m éː r
smet	s m éː t
smetana	s m èː t a n a
smeti	s m èː t i
smisel	s m íː s ə ʋ
smo	s m ɔ́
smodnik	s m ɔ d n ìː k
smola	s m ɔ̀ː l a
smreka	s m r èː k a
smrt	s m ə́ r t
smrtonosen	s m ə r t ɔ n ɔ̀ː s ə n
smučati	s m úː t͡ʃ a t i
snaha	s n àː x a
sneg	s n éː k
sneguljčica	s n ɛ ɡ úː l t͡ʃ i t͡s a
sneti	s n èː t i
snežak	s n ɛ ʒ àː k
snežinka	s n ɛ ʒ íː n k a
snežiti	s n ɛ ʒ ìː t i
snežiti	s n ɛ ʒ íː t i
snovati	s n ɔ ʋ àː t i
snuti	s n ùː t i
so	s ɔ́
soba	s ɔ̀ː b a
sobana	s ɔ b àː n a
sobota	s ɔ b òː t a
socializem	s ɔ t͡s i j a l ìː z ə m
socvetje	s ɔ t͡s ʋ éː t j ɛ
sod	s óː t
sodnik	s ɔ d n ìː k
sodoben	s ɔ d ɔ̀ː b ə n
sodobnejši	s ɔ d ɔ̀ː b n ɛ j ʃ i
sok	s óː k
sokol	s ɔ̀ː k ɔ l
sokrat	s óː k r a t
sol	s óː ʋ
solaren	s ɔ l áː r ə n
solza	s ɔ̀ː ʋ z a
sonatina	s ɔ n a t íː n a
sonce	s óː n t͡s ɛ
sonet	s ɔ n éː t
sončen	s óː n t͡ʃ ə n
sončnejši	s óː n t͡ʃ n ɛ j ʃ i
sončnica	s óː n t͡ʃ n i t͡s a
sončnik	s óː n t͡ʃ n i k
sopomenka	s ɔ́ p ɔ m éː n k a
soprog	s ɔ p r óː k
sorojenec	s ɔ́ r ɔ j ɛ̀ː n ə t͡s
sosed	s òː s ɛ t
sosed	s ɔ̀ː s ɛ t
sova	s ɔ̀ː ʋ a
sovraštvo	s ɔ ʋ r áː ʃ t ʋ ɔ
sovražiti	s ɔ ʋ r a ʒ ìː t i
sovražiti	s ɔ ʋ r a ʒ íː t i
sovražiti	s ɔ ʋ r àː ʒ i t i
sovražiti	s ɔ ʋ r áː ʒ i t i
sovražnik	s ɔ ʋ r áː ʒ n i k
soča	s òː t͡ʃ a
spalnica	s p áː l n i t͡s a
spam	s p ɛ́ː m
spati	s p àː t i
spem	s p ɛ́ː m
sperma	s p ɛ́ː r m a
spet	s p éː t
speti	s p èː t i
splošen	s p l ɔ̀ː ʃ ə n
splošnejši	s p l ɔ̀ː ʃ n ɛ j ʃ i
spodaj	s p ɔ̀ː d a j
spodoben	s p ɔ d òː b ə n
spodobnejši	s p ɔ d òː b n ɛ j ʃ i
spogledovati	s p ɔ ɡ l ɛ d ɔ ʋ àː t i
spojina	s p ɔ j ìː n a
spol	s p ɔ́ l
spolovilo	s p ɔ l ɔ ʋ ìː l ɔ
spomin	s p ɔ m íː n
spominjati	s p ɔ m ìː n j a t i
spominčica	s p ɔ m íː n t͡ʃ i t͡s a
spomniti	s p óː m n i t i
sporočilo	s p ɔ r ɔ t͡ʃ ìː l ɔ
sposoditi	s p ɔ s òː d i t i
sposoditi	s p ɔ s ɔ d ìː t i
sposoditi	s p ɔ s ɔ d íː t i
spoznati	s p ɔ z n àː t i
spregatev	s p r ɛ ɡ áː t ə ʋ
sprememba	s p r ɛ m éː m b a
spremeniti	s p r ɛ m ɛ n ìː t i
spremeniti	s p r ɛ m ɛ n íː t i
spretnost	s p r èː t n ɔ s t
sprevodnik	s p r ɛ ʋ óː d n i k
spustiti	s p u s t ìː t i
spustiti	s p u s t íː t i
srajca	s r àː j t͡s a
sraka	s r àː k a
sranje	s r àː n j ɛ
sranje	s r áː n j ɛ
srati	s r àː t i
srb	s ə́ r p
srbija	s ə́ r b i j a
srbkinja	s ə́ r p k i n j a
srbohrvaški	s ə r b ɔ x ə r ʋ áː ʃ k i
srbohrvaščina	s ə r b ɔ x ə r ʋ áː ʃ t͡ʃ i n a
srbski	s ə́ r p s k i
srbščina	s ə́ r p ʃ t͡ʃ i n a
srce	s ə r t͡s éː
srebrn	s r ɛ b ə́ r n
srebrnina	s r ɛ b ə r n ìː n a
srebro	s r ɛ b r óː
sreda	s r éː d a
sredinec	s r ɛ d íː n ə t͡s
središče	s r ɛ d ìː ʃ t͡ʃ ɛ
srednjevaloven	s r ɛ d n j ɛ ʋ a l ɔ́ː ʋ ə n
srednjeveški	s r ɛ d n j ɛ ʋ éː ʃ k i
srednji	s r éː d n j i
sreča	s r èː t͡ʃ a
srečati	s r éː t͡ʃ a t i
srečen	s r èː t͡ʃ ə n
srečneje	s r èː t͡ʃ n ɛ j ɛ
srečneje	s r ɛ t͡ʃ n ɛ́ː j ɛ
srečnejše	s r èː t͡ʃ n ɛ j ʃ ɛ
srečnejše	s r ɛ t͡ʃ n ɛ́ː j ʃ ɛ
srečnejši	s r èː t͡ʃ n ɛ j ʃ i
srečnejši	s r ɛ t͡ʃ n ɛ́ː j ʃ i
srečno	s r èː t͡ʃ n ɔ
srna	s ə̀ r n a
srp	s ə́ r p
sršen	s ə r ʃ éː n
sršen	s ə r ʃ ɛ́ n
sršen	s ə̀ r ʃ ɛ n
sta	s t á
stanje	s t àː n j ɛ
stanovati	s t a n ɔ ʋ àː t i
star	s t á r
starec	s t áː r ə t͡s
starejši	s t a r ɛ́ː j ʃ i
starka	s t áː r k a
starodaven	s t a r ɔ d àː ʋ ə n
starost	s t a r óː s t
starost	s t àː r ɔ s t
stati	s t àː t i
stavba	s t áː ʋ b a
stavek	s t áː ʋ ə k
staviti	s t àː ʋ i t i
ste	s t ɛ́
stegno	s t ɛ̀ː ɡ n ɔ
steklenica	s t ɛ k l ɛ n ìː t͡s a
steklo	s t ɛ̀ː k l ɔ
stena	s t èː n a
stetoskop	s t ɛ t ɔ s k óː p
stetoskop	s t ɛ t ɔ s k ɔ́ p
steza	s t ə z á
steza	s t ə̀ z a
stikalo	s t i k àː l ɔ
sto	s t óː
stol	s t ɔ́ ʋ
stoletje	s t ɔ l éː t j ɛ
stolp	s t ɔ́ l p
stopalo	s t ɔ p àː l ɔ
stopiti	s t òː p i t i
stopiti	s t ɔ p ìː t i
stopiti	s t ɔ p íː t i
stopnišče	s t ɔ p n ìː ʃ t͡ʃ ɛ
stotnica	s t óː t n i t͡s a
stotnik	s t óː t n i k
stožec	s t òː ʒ ə t͡s
stožec	s t ɔ̀ː ʒ ə t͡s
strah	s t r áː x
stran	s t r áː n
stranišče	s t r a n ìː ʃ t͡ʃ ɛ
stranka	s t r áː n k a
strast	s t r áː s t
strasten	s t r àː s t ə n
strastnejši	s t r àː s t n ɛ j ʃ i
strategija	s t r a t ɛ ɡ íː j a
streha	s t r èː x a
strela	s t r èː l a
streči	s t r èː t͡ʃ i
strešica	s t r èː ʃ i t͡s a
strgati	s t ə̀ r ɡ a t i
stric	s t r ìː t͡s
striči	s t r ìː t͡ʃ i
strog	s t r óː k
stroj	s t r ɔ́ j
strojen	s t r ɔ́ː j ə n
strojiti	s t r òː j i t i
strojiti	s t r óː j i t i
strojiti	s t r ɔ j ìː t i
strojiti	s t r ɔ j íː t i
stroncij	s t r òː n t͡s i j
strop	s t r ɔ́ p
struktura	s t r u k t úː r a
strukturalen	s t r u k t u r áː l ə n
strup	s t r úː p
strupen	s t r u p éː n
strupen	s t r úː p ə n
stvar	s t ʋ áː r
suh	s úː x
sum	s úː m
suspenzorij	s u s p ɛ n z òː r i j
suti	s ùː t i
suša	s ùː ʃ a
suženj	s ùː ʒ ə n
suženjstvo	s ùː ʒ ə n s t ʋ ɔ
sva	s ʋ á
svak	s ʋ àː k
svakinja	s ʋ àː k i n j a
svakinja	s ʋ áː k i n j a
svet	s ʋ éː t
svet	s ʋ ɛ́ t
svetel	s ʋ ə̀ t ə ʋ
svetel	s ʋ ɛ̀ː t ə ʋ
svetilnik	s ʋ ɛ t íː l n i k
svetloba	s ʋ ɛ t l ɔ̀ː b a
svetnik	s ʋ éː t n i k
svetnik	s ʋ ɛ t n ìː k
sveča	s ʋ èː t͡ʃ a
svila	s ʋ íː l a
sviloprejka	s ʋ i l ɔ p r ɛ́ː j k a
svinec	s ʋ ìː n ə t͡s
svinčnik	s ʋ ìː n t͡ʃ n i k
svizec	s ʋ íː z ə t͡s
svoboda	s ʋ ɔ b ɔ̀ː d a
svoboden	s ʋ ɔ b ɔ̀ː d ə n
svobodnejši	s ʋ ɔ b ɔ̀ː d n ɛ j ʃ i
svoj	s ʋ òː j
svojina	s ʋ ɔ j ìː n a
sydney	s íː d n i
ta	t áː
tadžikistan	t a d͡ʒ íː k i s t a n
tajska	t áː j s k a
tajvan	t áː j ʋ a n
tako	t a k óː
takoj	t a k óː j
takoj	t a k ɔ́ j
takrat	t a k r á t
talij	t àː l i j
tam	t á m
tanek	t àː n ə k
tantal	t áː n t a l
tanzanija	t a n z àː n i j a
tarča	t áː r t͡ʃ a
tast	t áː s t
tat	t á t
tavžent	t áː ʋ ʒ ɛ n t
tašča	t àː ʃ t͡ʃ a
taščica	t àː ʃ t͡ʃ i t͡s a
teden	t éː d ə n
tehnecij	t ɛ x n èː t͡s i j
tek	t éː k
tekač	t ɛ k àː t͡ʃ
tekoč	t ɛ k òː t͡ʃ
tekoč	t ɛ k óː t͡ʃ
tekočina	t ɛ k ɔ t͡ʃ ìː n a
teksas	t éː k s a s
tele	t ɛ̀ː l ɛ
telesen	t ɛ l éː s ə n
telo	t ɛ l óː
telovaditi	t ɛ l ɔ ʋ àː d i t i
telur	t ɛ l ùː r
telur	t ɛ l úː r
tema	t ə m á
temen	t ə m ə́ n
temen	t ə̀ m ə n
temniti	t ə m n ìː t i
temniti	t ə m n íː t i
tempelj	t ɛ̀ː m p ə l
temperatura	t ɛ m p ɛ r a t úː r a
temza	t éː m z a
tenis	t éː n i s
teoretik	t ɛ ɔ r èː t i k
teoretičen	t ɛ ɔ r èː t i t͡ʃ ə n
teorija	t ɛ ɔ r íː j a
tepsti	t ɛ̀ː p s t i
terarij	t ɛ r àː r i j
terbij	t ɛ̀ː r b i j
termit	t ɛ r m íː t
terorist	t ɛ r ɔ r íː s t
tesen	t ɛ̀ː s ə n
testo	t ɛ s t óː
teta	t ɛ̀ː t a
teti	t èː t i
tetoviranje	t ɛ t ɔ ʋ íː r a n j ɛ
tetovirati	t ɛ t ɔ ʋ íː r a t i
tečaj	t ɛ t͡ʃ áː j
teči	t ɛ̀ː t͡ʃ i
težek	t ɛ̀ː ʒ ə k
težji	t éː ʒ j i
ti	t íː
tiger	t ìː ɡ ə r
tih	t íː x
tikati	t ìː k a t i
tikati	t íː k a t i
timijan	t íː m i j a n
tip	t íː p
tipka	t íː p k a
tipkovnica	t i p k ɔ́ː ʋ n i t͡s a
tisa	t íː s a
tisoč	t íː s ɔ t͡ʃ
tisočletje	t i s ɔ t͡ʃ l éː t j ɛ
tisti	t íː s t i
titan	t i t áː n
tišina	t i ʃ ìː n a
tjulenj	t j ùː l ə n
tjulenj	t j úː l ə n
tkalec	t k áː l ə t͡s
tkati	t k àː t i
tkivo	t k ìː ʋ ɔ
tla	t l á
tlak	t l áː k
to	t óː
tod	t òː t
tod	t óː t
toda	t óː d a
toda	t ɔ d a
tog	t óː k
tok	t óː k
tok	t ɔ́ k
tokata	t ɔ k áː t a
tolkalo	t ɔ ʋ k àː l ɔ
tolmač	t ɔ l m àː t͡ʃ
tolpa	t ɔ̀ː l p a
tolči	t ɔ̀ː ʋ t͡ʃ i
tom	t óː m
tomahavk	t ɔ m a x áː ʋ k
tomaž	t ɔ m áː ʃ
top	t ɔ́ p
topel	t òː p ə ʋ
topel	t ɔ̀ː p ə ʋ
topiti	t ɔ p ìː t i
topiti	t ɔ p íː t i
toplota	t ɔ p l ɔ̀ː t a
topol	t ɔ̀ː p ɔ l
torba	t óː r b a
torek	t ɔ̀ː r ə k
torij	t òː r i j
tovariš	t ɔ ʋ áː r i ʃ
tožilnik	t ɔ ʒ íː l n i k
tradicija	t r a d ìː t͡s i j a
tradicionalen	t r a d i t͡s i ɔ n áː l ə n
trajekt	t r a j éː k t
trakulja	t r a k ùː l j a
tramvaj	t r a m ʋ áː j
tramvaj	t r áː m ʋ a j
transilvanija	t r a n s i l ʋ àː n i j a
trava	t r àː ʋ a
travnik	t r àː ʋ n i k
travnik	t r áː ʋ n i k
travojedec	t r a ʋ ɔ j éː d ə t͡s
trd	t ə́ r t
trdnjava	t ə r d n j áː ʋ a
trebuh	t r èː b u x
trener	t r ɛ n ɛ́ː r
trenutek	t r ɛ n úː t ə k
trepalnica	t r ɛ p áː l n i t͡s a
tresti	t r èː s t i
treti	t r èː t i
tretjak	t r ɛ t j àː k
trg	t ə́ r k
trgati	t ə̀ r ɡ a t i
trgovina	t ə r ɡ ɔ ʋ ìː n a
tri	t r íː
triangel	t r i j àː n ɡ ə l
trideset	t r íː d ɛ s ɛ t
trije	t r íː j ɛ
trikotnik	t r i k óː t n i k
trinajst	t r i n àː j s t
trinajst	t r íː n a j s t
trinko	t r íː n k ɔ
tris	t r íː s
trizob	t r i z óː p
trobenta	t r ɔ b éː n t a
trot	t r óː t
trošt	t r óː ʃ t
trpeti	t ə r p èː t i
trska	t ə̀ r s k a
trst	t ə́ r s t
trstenjak	t ə r s t ɛ n j àː k
truplo	t r ùː p l ɔ
trši	t ə́ r ʃ i
tu	t ú
tuberkuloza	t u b ɛ r k u l óː z a
tudi	t u d i
tudi	t úː d i
tukaj	t úː k a j
tulij	t ùː l i j
tuljava	t u l j áː ʋ a
tunizija	t u n ìː z i j a
turek	t ùː r ə k
turist	t u r íː s t
turizem	t u r ìː z ə m
turkinja	t ùː r k i n j a
turoben	t u r ɔ̀ː b ə n
turčija	t úː r t͡ʃ i j a
turški	t ùː r ʃ k i
turško	t ùː r ʃ k ɔ
turščina	t ùː r ʃ t͡ʃ i n a
tveganje	t ʋ èː ɡ a n j ɛ
tveganje	t ʋ éː ɡ a n j ɛ
tvegati	t ʋ èː ɡ a t i
tvegati	t ʋ éː ɡ a t i
tvoj	t ʋ òː j
tvorba	t ʋ óː r b a
tvoriti	t ʋ òː r i t i
tvoriti	t ʋ óː r i t i
ubiti	u b ìː t i
ubog	u b óː k
ud	úː t
udariti	u d àː r i t i
uganka	u ɡ áː n k a
ugrabitev	u ɡ r a b íː t ə ʋ
ugriz	u ɡ r íː s
ugrizniti	u ɡ r ìː z n i t i
uho	u x óː
ujec	ùː j ə t͡s
ujec	úː j ə t͡s
ujeda	u j èː d a
ujeda	u j éː d a
ujeti	u j èː t i
ukaz	u k á s
ukrajina	u k r a j ìː n a
ukrajinski	u k r a j íː n s k i
ukrasti	u k r àː s t i
ukvarjati	u k ʋ àː r j a t i
ulic	u l i t s
ulica	ùː l i t͡s a
ulice	u l i t͡s ɛ
ulici	u l i t͡s i
ulico	u l i t͡s ɔ
ulomek	u l óː m ə k
ultrakratkovaloven	úː l t r a k r a t k ɔ ʋ a l ɔ́ː ʋ ə n
umazan	u m áː z a n
umeti	u m èː t i
umetnik	u m éː t n i k
umiti	u m ìː t i
umivati	u m ìː ʋ a t i
umor	u m ɔ́ r
umoriti	u m ɔ r ìː t i
umoriti	u m ɔ r íː t i
umreti	u m r èː t i
uniforma	u n i f óː r m a
univerza	u n i ʋ ɛ́ː r z a
upanje	úː p a n j ɛ
upati	úː p a t i
uplinjač	u p l i n j àː t͡ʃ
upor	u p ɔ́ r
uporaba	u p ɔ r áː b a
uporabiti	u p ɔ r a b ìː t i
uporabiti	u p ɔ r a b íː t i
uporabiti	u p ɔ r àː b i t i
uporabljati	u p ɔ r àː b l j a t i
uporabnik	u p ɔ r áː b n i k
ura	ùː r a
ura	úː r a
uraden	u r áː d ə n
uran	u r áː n
urban	u r b á n
urban	u r b áː n
urnik	úː r n i k
urok	u r ɔ́ k
usluga	u s l úː ɡ a
usmrtitev	u s m ə r t íː t ə ʋ
usnje	ùː s n j ɛ
usoda	u s óː d a
usoden	u s òː d ə n
usoden	u s óː d ə n
usodnejši	u s òː d n ɛ j ʃ i
uspeh	u s p ɛ́ x
uspeti	u s p èː t i
usta	ùː s t a
ustava	u s t áː ʋ a
ustje	ùː s t j ɛ
ustje	úː s t j ɛ
ustnica	úː s t n i t͡s a
ustrezen	u s t r èː z ə n
ustreznejši	u s t r èː z n ɛ j ʃ i
ustreznik	u s t r èː z n i k
utrujati	u t r ùː j a t i
utrujen	u t r ùː j ɛ n
uvel	u ʋ èː ʋ
uvel	u ʋ ɛ́ ʋ
učenec	u t͡ʃ ɛ̀ː n ə t͡s
učinek	u t͡ʃ íː n ə k
učitelj	u t͡ʃ íː t ɛ l
učiteljica	u t͡ʃ íː t ɛ l j i t͡s a
učiti	u t͡ʃ ìː t i
učiti	u t͡ʃ íː t i
uš	úː ʃ
uživati	u ʒ ìː ʋ a t i
v	ʋ
vaditi	ʋ àː d i t i
vaga	ʋ áː ɡ a
vagina	ʋ a ɡ íː n a
vajin	ʋ áː j i n
val	ʋ áː l
valentin	ʋ a l ɛ n t íː n
valj	ʋ àː l
valj	ʋ áː l
vampir	ʋ a m p ìː r
vanadij	ʋ a n àː d i j
varen	ʋ àː r ə n
varnejši	ʋ àː r n ɛ j ʃ i
varuh	ʋ áː r u x
varšava	ʋ a r ʃ áː ʋ a
vas	ʋ áː s
vaterpolist	ʋ a t ɛ r p ɔ l íː s t
vaterpolo	ʋ àː t ɛ r p óː l ɔ
vaza	ʋ àː z a
vaš	ʋ á ʃ
vdihniti	ʋ d ìː x n i t i
vdova	ʋ d ɔ́ː ʋ a
ve	ʋ éː
veber	ʋ èː b ə r
vedeti	ʋ èː d ɛ t i
vedno	ʋ èː d n ɔ
vedro	ʋ ɛ̀ː d r ɔ
vegetarijanec	ʋ ɛ ɡ ɛ t a r i j áː n ə t͡s
veja	ʋ ɛ́ː j a
vejati	ʋ ɛ́ː j a t i
vejica	ʋ ɛ́ː j i t͡s a
vektor	ʋ èː k t ɔ r
velblod	ʋ ɛ l b l óː t
velelnik	ʋ ɛ l éː l n i k
velelnik	ʋ ɛ l éː ʋ n i k
veleposlanik	ʋ ɛ́ l ɛ p ɔ s l àː n i k
veleposlaništvo	ʋ ɛ́ l ɛ p ɔ s l àː n i ʃ t ʋ ɔ
velik	ʋ ɛ̀ː l i k
velikan	ʋ ɛ l i k áː n
veliko	ʋ ɛ l ìː k ɔ
veličina	ʋ ɛ l i t͡ʃ ìː n a
vendar	ʋ ə̀ n d a r
vendar	ʋ ə́ n d a r
venera	ʋ éː n ɛ r a
veniti	ʋ èː n i t i
vera	ʋ èː r a
veriga	ʋ ɛ r ìː ɡ a
verjeti	ʋ ɛ r j èː t i
ves	ʋ ə́ s
vesel	ʋ ɛ s éː ʋ
veselje	ʋ ɛ s ɛ̀ː l j ɛ
vesiti	ʋ èː s i t i
vest	ʋ éː s t
vesti	ʋ èː s t i
vesti	ʋ ɛ̀ː s t i
veter	ʋ éː t ə r
veti	ʋ èː t i
veverica	ʋ èː ʋ ɛ r i t͡s a
vez	ʋ éː s
vezati	ʋ èː z a t i
vezati	ʋ ɛ z àː t i
veznik	ʋ éː z n i k
več	ʋ ɛ́ t͡ʃ
večen	ʋ èː t͡ʃ ə n
večer	ʋ ɛ t͡ʃ éː r
večerja	ʋ ɛ t͡ʃ éː r j a
večji	ʋ éː t͡ʃ j i
vhod	ʋ x ɔ́ t
vi	ʋ íː
vice	ʋ ìː t͡s ɛ
vice	ʋ íː t͡s ɛ
vid	ʋ íː t
videti	ʋ ìː d ɛ t i
vidra	ʋ ìː d r a
vidra	ʋ íː d r a
vihar	ʋ i x áː r
vijak	ʋ i j àː k
vikati	ʋ ìː k a t i
vikati	ʋ íː k a t i
vila	ʋ íː l a
vile	ʋ ìː l ɛ
vilice	ʋ ìː l i t͡s ɛ
vino	ʋ ìː n ɔ
vinograd	ʋ i n òː ɡ r a t
violina	ʋ i j ɔ l íː n a
violončelo	ʋ i j ɔ l ɔ n t͡ʃ éː l ɔ
vir	ʋ íː r
visok	ʋ i s ɔ́ k
vitez	ʋ íː t ɛ s
viti	ʋ ìː t i
viti	ʋ íː t i
vizum	v iː z ʊ m
višji	ʋ íː ʃ j i
višnu	ʋ íː ʃ n u
vključiti	ʋ k l j ùː t͡ʃ i t i
vklopiti	ʋ k l òː p i t i
vklopiti	ʋ k l ɔ p ìː t i
vklopiti	ʋ k l ɔ p íː t i
vlada	ʋ l áː d a
vladati	ʋ l àː d a t i
vladati	ʋ l áː d a t i
vladavina	ʋ l a d a ʋ ìː n a
vlak	ʋ l áː k
vleči	ʋ l èː t͡ʃ i
vljudnost	ʋ l j ùː d n ɔ s t
vltava	ʋ ə́ l t a ʋ a
vnuk	ʋ n ùː k
vnuk	ʋ n úː k
vnukinja	ʋ n ùː k i n j a
vnukinja	ʋ n úː k i n j a
voda	ʋ ɔ̀ː d a
vodik	ʋ ɔ d íː k
voditi	ʋ ɔ d ìː t i
voditi	ʋ ɔ d íː t i
vodič	ʋ ɔ d í t͡ʃ
vodja	ʋ óː d j a
vodnar	ʋ ɔ d n àː r
vodnica	ʋ óː d n i t͡s a
vodnjak	ʋ ɔ d n j àː k
vodomec	ʋ ɔ d òː m ə t͡s
vodomec	ʋ ɔ d óː m ə t͡s
vogal	ʋ ɔ ɡ áː ʋ
vohun	ʋ ɔ x úː n
vohunski	ʋ ɔ x úː n s k i
vojak	ʋ ɔ j àː k
vojakinja	ʋ ɔ j àː k i n j a
vojna	ʋ ɔ̀ː j n a
vojska	ʋ ɔ̀ː j s k a
vojvoda	ʋ óː j ʋ ɔ d a
vojvodina	ʋ óː j ʋ ɔ d i n a
vojščak	ʋ ɔ j ʃ t͡ʃ àː k
vol	ʋ ɔ́ ʋ
volan	ʋ ɔ l áː n
volfram	ʋ óː l f r a m
volga	ʋ ɔ̀ː ʋ ɡ a
volja	ʋ òː l j a
volk	ʋ ɔ́ː ʋ k
volkodlak	ʋ ɔ ʋ k ɔ d l áː k
volna	ʋ ɔ̀ː ʋ n a
voluhar	ʋ ɔ l úː x a r
vosek	ʋ óː s ə k
vovk	ʋ ɔ́ː ʋ k
voz	ʋ óː s
vozel	ʋ ɔ̀ː z ə ʋ
voziti	ʋ ɔ z ìː t i
voziti	ʋ ɔ z íː t i
voščilo	ʋ ɔ ʃ t͡ʃ ìː l ɔ
voščiti	ʋ òː ʃ t͡ʃ i t i
voščiti	ʋ ɔ ʃ t͡ʃ ìː t i
voščiti	ʋ ɔ ʃ t͡ʃ íː t i
vožnja	ʋ ɔ̀ː ʒ n j a
vpiti	ʋ p ìː t i
vpliv	ʋ p l íː ʋ
vprašaj	ʋ p r a ʃ áː j
vprašanje	ʋ p r a ʃ áː n j ɛ
vprašati	ʋ p r a ʃ àː t i
vprašati	ʋ p r àː ʃ a t i
vrabec	ʋ r àː b ə t͡s
vran	ʋ r áː n
vrana	ʋ r àː n a
vranica	ʋ r àː n i t͡s a
vrat	ʋ r áː t
vrata	ʋ r àː t a
vratič	ʋ r a t í t͡ʃ
vraža	ʋ r àː ʒ a
vrba	ʋ ə̀ r b a
vrednost	ʋ r èː d n ɔ s t
vreme	ʋ r ɛ̀ː m ɛ
vretence	ʋ r ɛ t ɛ̀ː n t͡s ɛ
vreti	ʋ r èː t i
vreči	ʋ r èː t͡ʃ i
vroč	ʋ r óː t͡ʃ
vroč	ʋ r ɔ́ t͡ʃ
vrst	ʋ ə́ r s t
vrsta	ʋ ə̀ r s t a
vrsten	ʋ ə́ r s t ə n
vrstilen	ʋ ə r s t íː l ə n
vrstnost	ʋ ə́ r s t n ɔ s t
vrt	ʋ ə́ r t
vrtnica	ʋ ə́ r t n i t͡s a
vrč	ʋ ə́ r t͡ʃ
vrša	ʋ ə̀ r ʃ a
vršilec	ʋ ə r ʃ íː l ə t͡s
vsaj	ʋ s áː j
vsebina	ʋ s ɛ b ìː n a
vsejedec	ʋ s ɛ j éː d ə t͡s
vstaviti	ʋ s t àː ʋ i t i
vstopati	ʋ s t òː p a t i
vstopati	ʋ s t óː p a t i
vstopiti	ʋ s t òː p i t i
vstopiti	ʋ s t ɔ p ìː t i
vstopiti	ʋ s t ɔ p íː t i
vtis	ʋ t íː s
vulkan	ʋ u l k áː n
vurnik	ʋ úː r n i k
vzeti	ʋ z èː t i
vzhod	ʋ z x ɔ́ t
vzhoden	ʋ z x óː d ə n
vzhodnejši	ʋ z x óː d n ɛ j ʃ i
vzpon	ʋ s p ɔ́ n
včasih	ʋ t͡ʃ áː s i x
včeraj	ʋ t͡ʃ èː r a j
včlaniti	ʋ t͡ʃ l àː n i t i
včlaniti	ʋ t͡ʃ l áː n i t i
všeč	ʋ ʃ éː t͡ʃ
všečen	ʋ ʃ èː t͡ʃ ə n
všečnost	ʋ ʃ èː t͡ʃ n ɔ s t
vžigalica	ʋ ʒ i ɡ áː l i t͡s a
wikipedija	ʋ i k i p ɛ d íː j a
wikislovar	ʋ i k i s l ɔ ʋ àː r
z	s
za	z a
zabava	z a b áː ʋ a
zabavnik	z a b áː ʋ n i k
zadnji	z áː d n j i
zadnjica	z áː d n j i t͡s a
zadnjik	z áː d n j i k
zadnjičen	z áː d n j i t͡ʃ ə n
zadovoljevati	z a d ɔ ʋ ɔ l j ɛ ʋ àː t i
zadovoljiti	z a d ɔ ʋ ɔ l j ìː t i
zadovoljiti	z a d ɔ ʋ ɔ l j íː t i
zagnati	z a ɡ n àː t i
zahod	z a x ɔ́ t
zahoden	z a x óː d ə n
zahodnejši	z a x óː d n ɛ j ʃ i
zahteva	z a x t éː ʋ a
zaimek	z a íː m ə k
zaiti	z a ìː t i
zajec	z áː j ə t͡s
zajtrk	z àː j t ə r k
zajtrk	z áː j t ə r k
zajtrkovati	z a j t ə r k ɔ ʋ àː t i
zakaj	z a k àː j
zakaj	z a k áː j
zaklad	z a k l á t
zakleniti	z a k l ɛ n ìː t i
zakleniti	z a k l ɛ n íː t i
zakon	z àː k ɔ n
zakristija	z a k r i s t íː j a
zalar	z áː l a r
zaliv	z a l íː ʋ
zaljubiti	z a l j u b ìː t i
zaljubiti	z a l j u b íː t i
zaljubiti	z a l j ùː b i t i
zaljubiti	z a l j úː b i t i
zaman	z a m á n
zambija	z àː m b i j a
zamuditi	z a m u d ìː t i
zamuditi	z a m u d íː t i
zanimiv	z a n i m ìː ʋ
zanimiv	z a n i m íː ʋ
zanimivejši	z a n i m ìː ʋ ɛ j ʃ i
zapestje	z a p éː s t j ɛ
zapor	z a p ɔ́ r
zapornica	z a p óː r n i t͡s a
zapornik	z a p óː r n i k
zapreti	z a p r èː t i
zapustiti	z a p u s t ìː t i
zapustiti	z a p u s t íː t i
zarnik	z áː r n i k
zaseben	z a s éː b ə n
zaspan	z a s p àː n
zaspati	z a s p àː t i
zastava	z a s t áː ʋ a
zastavnica	z a s t áː ʋ n i t͡s a
zavesa	z a ʋ éː s a
zavreti	z a ʋ r èː t i
začetek	z a t͡ʃ éː t ə k
začeten	z a t͡ʃ éː t ə n
začeti	z a t͡ʃ èː t i
zaščita	z a ʃ t͡ʃ íː t a
zažgati	z a ʒ ɡ àː t i
zbežati	z b ɛ ʒ àː t i
zbirati	z b ìː r a t i
zbirati	z b íː r a t i
zbirka	z b íː r k a
zbrati	z b r àː t i
zdaj	z d á j
zdolgočasen	z d ɔ ʋ ɡ ɔ t͡ʃ áː s ɛ n
zdrav	z d r á ʋ
zdravica	z d r a ʋ ìː t͡s a
zdravilo	z d r a ʋ ìː l ɔ
zdravje	z d r áː ʋ j ɛ
zdravljica	z d r a ʋ l j ìː t͡s a
zdravnik	z d r a ʋ n ìː k
zdravo	z d r áː ʋ ɔ
zdravstvo	z d r áː ʋ s t ʋ ɔ
zebra	z èː b r a
zebra	z éː b r a
zebsti	z èː p s t i
zehati	z èː x a t i
zel	z éː ʋ
zel	z ə́ ʋ
zelen	z éː l ə n
zelen	z ɛ l ɛ́ n
zelena	z éː l ɛ n a
zelena	z ɛ́ː l ɛ n a
zelje	z èː l j ɛ
zelo	z ɛ l óː
zemlja	z ɛ̀ː m l j a
zemljepis	z ɛ m l j ɛ p íː s
zemljevid	z ɛ m l j ɛ ʋ íː t
zenica	z ɛ n ìː t͡s a
zet	z ɛ́ t
zgodaj	z ɡ óː d a j
zgodba	z ɡ óː d b a
zgodovina	z ɡ ɔ d ɔ ʋ ìː n a
zgodovinski	z ɡ ɔ d ɔ ʋ íː n s k i
zgoraj	z ɡ ɔ̀ː r a j
zgradba	z ɡ r áː d b a
zgrešiti	z ɡ r ɛ̀ː ʃ i t i
zibati	z i b àː t i
zibati	z ìː b a t i
zid	z íː t
zidati	z i d àː t i
zidati	z ìː d a t i
zima	z ìː m a
zjutraj	z j ùː t r a j
zlat	z l áː t
zlaten	z l a t èː n
zlaten	z l a t éː n
zlaten	z l àː t ə n
zlaten	z l áː t ə n
zlato	z l a t óː
zlemu	z l ɛ m ú
zlitina	z l ìː t i n a
zlitina	z l íː t i n a
zlo	z l ɔ́
zlog	z l ɔ́ k
zlomiti	z l ɔ m ìː t i
zlomiti	z l ɔ m íː t i
zlomljen	z l òː m l j ɛ n
zlonameren	z l ɔ n a m èː r ə n
zločin	z l ɔ t͡ʃ íː n
zmaga	z m áː ɡ a
zmagovalec	z m a ɡ ɔ ʋ áː l ə t͡s
zmaj	z m àː j
zmaj	z m á j
zmaj	z m áː j
zmeraj	z m éː r a j
znanje	z n áː n j ɛ
znanost	z n àː n ɔ s t
znanstven	z n áː n s t ʋ ɛ n
znati	z n àː t i
značilen	z n a t͡ʃ íː l ə n
značilnejši	z n a t͡ʃ íː l n ɛ j ʃ i
znoj	z n óː j
znoj	z n ɔ́ j
znotraj	z n òː t r a j
zob	z óː p
zober	z òː b ə r
zobozdravnik	z ɔ b ɔ z d r a ʋ n ìː k
zobozdravstvo	z ɔ b ɔ z d r áː ʋ s t ʋ ɔ
zona	t͡s óː n a
zona	z óː n a
zora	z óː r a
zora	z ɔ̀ː r a
zoreti	z ɔ r èː t i
zrak	z r á k
zrel	z r éː ʋ
zrel	z r ɛ́ ʋ
zrelejši	z r èː l ɛ j ʃ i
zrelejši	z r ɛ l ɛ́ː j ʃ i
zrklo	z ə̀ r k l ɔ
zssr	z ə s ə s ə r ə́
zunaj	z ùː n a j
zupan	z úː p a n
zupanc	z úː p a n t͡s
zvati	z ʋ àː t i
zver	z ʋ éː r
zverina	z ʋ ɛ r ìː n a
zvezda	z ʋ èː z d a
zvezek	z ʋ éː z ə k
zvečer	z ʋ ɛ t͡ʃ éː r
zvitek	z ʋ íː t ə k
zvok	z ʋ óː k
zvon	z ʋ óː n
zvonar	z ʋ ɔ n àː r
zvone	z ʋ óː n ɛ
zvonec	z ʋ ɔ̀ː n ə t͡s
č	t͡ʃ
čad	t͡ʃ áː t
čaj	t͡ʃ áː j
čakati	t͡ʃ àː k a t i
čao	t͡ʃ áː ɔ
čaplja	t͡ʃ áː p l j a
čarovnica	t͡ʃ a r ɔ́ː ʋ n i t͡s a
čarovnik	t͡ʃ a r ɔ́ː ʋ n i k
čas	t͡ʃ á s
časnik	t͡ʃ áː s n i k
časopis	t͡ʃ a s ɔ p íː s
čast	t͡ʃ áː s t
čaša	t͡ʃ àː ʃ a
če	t͡ʃ ɛ
čebela	t͡ʃ ə b éː l a
čebela	t͡ʃ ɛ b éː l a
čebula	t͡ʃ ə b ùː l a
čebula	t͡ʃ ɛ b ùː l a
čefur	t͡ʃ ɛ f ùː r
čeh	t͡ʃ éː x
čehinja	t͡ʃ éː x i n j a
ček	t͡ʃ éː k
čelo	t͡ʃ éː l ɔ
čelo	t͡ʃ ɛ̀ː l ɔ
čemaž	t͡ʃ èː m a ʃ
čemaž	t͡ʃ ɛ m áː ʃ
čembalo	t͡ʃ éː m b a l ɔ
čeprav	t͡ʃ ɛ p r á ʋ
česen	t͡ʃ ɛ̀ː s ə n
česmina	t͡ʃ ɛ s m ìː n a
četrtek	t͡ʃ ɛ t ə̀ r t ə k
četrtinka	t͡ʃ ɛ t ə r t íː n k a
čevelj	t͡ʃ éː ʋ ə l
čevljekljun	t͡ʃ éː ʋ l j ɛ k l j úː n
češka	t͡ʃ éː ʃ k a
češki	t͡ʃ éː ʃ k i
češko	t͡ʃ éː ʃ k ɔ
češkoslovaška	t͡ʃ éː ʃ k ɔ s l ɔ ʋ áː ʃ k a
češnja	t͡ʃ éː ʃ n j a
češplja	t͡ʃ éː ʃ p l j a
češčina	t͡ʃ éː ʃ t͡ʃ i n a
čifut	t͡ʃ ìː f u t
čigar	t͡ʃ íː ɡ a r
čigav	t͡ʃ i ɡ àː ʋ
čile	t͡ʃ íː l ɛ
čipka	t͡ʃ íː p k a
čist	t͡ʃ íː s t
čistiti	t͡ʃ ìː s t i t i
čistota	t͡ʃ i s t ɔ̀ː t a
čitati	t͡ʃ ìː t a t i
čitati	t͡ʃ íː t a t i
čivava	t͡ʃ i ʋ áː ʋ a
član	t͡ʃ l áː n
članek	t͡ʃ l áː n ə k
človek	t͡ʃ l ɔ̀ː ʋ ɛ k
človeški	t͡ʃ l ɔ ʋ èː ʃ k i
čmrlj	t͡ʃ m ə̀ r l
čokolada	t͡ʃ ɔ k ɔ l áː d a
čoln	t͡ʃ ɔ́ː ʋ n
čopič	t͡ʃ óː p i t͡ʃ
čopič	t͡ʃ ɔ́ː p i t͡ʃ
črevce	t͡ʃ r èː ʋ t͡s ɛ
črevo	t͡ʃ r ɛ ʋ óː
čriček	t͡ʃ r íː t͡ʃ ə k
črka	t͡ʃ ə̀ r k a
črkovati	t͡ʃ ə r k ɔ ʋ àː t i
črn	t͡ʃ ə̀ r n
črnilo	t͡ʃ ə r n ìː l ɔ
črnogorski	t͡ʃ ə r n ɔ ɡ óː r s k i
črv	t͡ʃ ə́ r ʋ
čustven	t͡ʃ úː s t ʋ ə n
čustvo	t͡ʃ úː s t ʋ ɔ
čut	t͡ʃ úː t
čuti	t͡ʃ ùː t i
čutiti	t͡ʃ u t ìː t i
čutiti	t͡ʃ u t íː t i
čutiti	t͡ʃ ùː t i t i
šah	ʃ áː x
šahovnica	ʃ a x ɔ́ː ʋ n i t͡s a
šakal	ʃ a k áː l
šal	ʃ áː l
šank	ʃ áː n k
šantati	ʃ a n t àː t i
šarenica	ʃ a r ɛ n ìː t͡s a
šarenica	ʃ áː r ɛ n i t͡s a
še	ʃ ɛ
še	ʃ ɛ́
šest	ʃ éː s t
šestdeset	ʃ éː z d d ɛ s ɛ t
šesti	ʃ ɛ̀ː s t i
šestnajst	ʃ éː s t n a j s t
šestnajst	ʃ ɛ s t n àː j s t
šiliti	ʃ ìː l i t i
šilček	ʃ íː l t͡ʃ ə k
šimpanz	ʃ i m p áː n s
širok	ʃ i r ɔ́ k
šiti	ʃ ìː t i
škarje	ʃ k áː r j ɛ
škatla	ʃ k áː t l a
škof	ʃ k ɔ́ f
škorec	ʃ k ɔ̀ː r ə t͡s
škorenj	ʃ k óː r ə n
škorpijon	ʃ k ɔ r p i j óː n
škotska	ʃ k óː t s k a
škripec	ʃ k r ìː p ə t͡s
škripec	ʃ k r íː p ə t͡s
škrjanec	ʃ k ə r j àː n ə t͡s
škržat	ʃ k ə r ʒ áː t
šoja	ʃ òː j a
šola	ʃ óː l a
španec	ʃ p áː n ə t͡s
španija	ʃ p àː n i j a
španka	ʃ p áː n k a
španski	ʃ p áː n s k i
špansko	ʃ p áː n s k ɔ
španščina	ʃ p áː n ʃ t͡ʃ i n a
špirit	ʃ p íː r i t
štacun	ʃ t a t͡s ùː n
štala	ʃ t àː l a
šteti	ʃ t èː t i
število	ʃ t ɛ ʋ ìː l ɔ
števnik	ʃ t éː ʋ n i k
štiri	ʃ t ìː r i
štirideset	ʃ t íː r i d ɛ s ɛ t
štirinajst	ʃ t i r i n àː j s t
štirinajst	ʃ t íː r i n a j s t
štirje	ʃ t ìː r j ɛ
štor	ʃ t óː r
štor	ʃ t ɔ́ r
štorklja	ʃ t óː r k l j a
študent	ʃ t u d ɛ́ n t
študirati	ʃ t u d íː r a t i
šum	ʃ úː m
šunka	ʃ úː n k a
šved	ʃ ʋ éː t
švedinja	ʃ ʋ éː d i n j a
švedska	ʃ ʋ éː t s k a
švedski	ʃ ʋ éː t s k i
švedsko	ʃ ʋ éː t s k ɔ
švedščina	ʃ ʋ éː t ʃ t͡ʃ i n a
švica	ʃ ʋ íː t͡s a
švicarski	ʃ ʋ íː t͡s a r s k i
ščegetavček	ʃ t͡ʃ ɛ ɡ ɛ t áː ʋ t͡ʃ ə k
ščet	ʃ t͡ʃ éː t
ščinkavec	ʃ t͡ʃ ìː n k a ʋ ə t͡s
ščir	ʃ t͡ʃ íː r
ščit	ʃ t͡ʃ íː t
ščuka	ʃ t͡ʃ ùː k a
ščurek	ʃ t͡ʃ ùː r ə k
ž	ʒ
žaba	ʒ àː b a
žafran	ʒ a f r áː n
žaga	ʒ áː ɡ a
žagati	ʒ áː ɡ a t i
žalost	ʒ àː l ɔ s t
žamet	ʒ àː m ɛ t
žara	ʒ àː r a
žarek	ʒ àː r ə k
žarek	ʒ áː r ə k
ždeti	ʒ d èː t i
že	ʒ éː
že	ʒ ɛ
že	ʒ ɛ́
žebelj	ʒ ɛ b ə́ l
žebelj	ʒ ɛ̀ː b ə l
želeti	ʒ ɛ l èː t i
železo	ʒ ɛ l èː z ɔ
želja	ʒ ɛ̀ː l j a
želod	ʒ ɛ̀ː l òː t
želodec	ʒ ɛ l óː d ə t͡s
želva	ʒ èː l ʋ a
žena	ʒ ɛ̀ː n a
ženska	ʒ èː n s k a
ženski	ʒ èː n s k i
žep	ʒ ɛ́ p
žepar	ʒ ɛ́ː p a r
žerjav	ʒ ɛ r j á ʋ
žetev	ʒ éː t ə ʋ
žeti	ʒ èː t i
žgati	ʒ ɡ àː t i
žica	ʒ ìː t͡s a
žila	ʒ ìː l a
žirafa	ʒ i r áː f a
žiti	ʒ ìː t i
živ	ʒ íː ʋ
živahen	ʒ i ʋ àː x ə n
živahnejši	ʒ i ʋ àː x n ɛ j ʃ i
žival	ʒ i ʋ áː ʋ
živeti	ʒ i ʋ èː t i
življenje	ʒ i ʋ l j ɛ̀ː n j ɛ
žleza	ʒ l èː z a
žoga	ʒ òː ɡ a
žoga	ʒ óː ɡ a
žolna	ʒ ɔ̀ː ʋ n a
žolt	ʒ ɔ́ː ʋ t
žolč	ʒ ɔ́ː ʋ t͡ʃ
žolčnik	ʒ ɔ́ː ʋ t͡ʃ n i k
žrebe	ʒ r ɛ b ɛ́
žrebec	ʒ r èː b ə t͡s
žrebica	ʒ r ɛ b ìː t͡s a
žreti	ʒ r èː t i
žrtvovati	ʒ ə r t ʋ ɔ ʋ àː t i
žuželka	ʒ u ʒ éː l k a
žveplo	ʒ ʋ ɛ̀ː p l ɔ
žvečiti	ʒ ʋ èː t͡ʃ i t i
