aachen	ɑː k eː n
abbe	² a b ɛ
abbot	a bː ɔ t
aboensisk	a b ʊ ɛ n s ɪ s k
abstinens	a bː s t ɪ n ɛ nː s
abstinensbesvär	a bː s t ɪ n ɛ nː s b e s v æː r
accent	a kː s a ŋː
accent	a kː s ɛ nː t
acetylsalicylsyra	a s ɛ t yː l s a l ɪ s yː l s yː r a
ackja	a k j a
ackusativ	a k ɵ s a t iː v
adde	² a d ɛ
adel	ɑː d ɛ l
adelssläkt	ɒ̀ː d ə l s ‿ s l ɛ kː t
adhd	ɑː d eː h oː d eː
adjektiv	a d j ɛ k t iː v
adjö	a j øː
adla	ɑː d l a
adlig	ɑ d l ɪ ɡ
advent	a d v ɛ n t
adventsljusstake	a d ² v ɛ n t s j ʉ̟ː s s t ɑː k ɛ
affrikata	a f r ɪ k ɑː t a
afse	² a f s ɛ
aftonfalk	a f t ɔ n f a l k
aggressiv	a ɡ r ɛ s iː v
agna	a ŋ n a
agneta	a ŋ ² n eː t a
agnosticism	a ɡ n ɔ s t ɪ s ɪ s m
agnostiker	a ɡː n ɔ sː t ɪ k ɛ rː
aioli	a j oː l ɪ
akaciames	a k ɑː s i j a m eː s
aktie	a k t s ɪ ɛ
aktiebolag	a k t s i ɛ b ʊ l ɑː ɡ
aktuell	a k t ɵ ɛ l
akut	a k ʉː t
al	ɑː l
albatross	a l b a t r ɔ s
albert	¹ a l b æ ʈ
albertina	a l b æ ² ʈ iː n a
albin	¹ a l b ɪ n
aldrig	a l d r i ɡ
alert	a l æ ʈ
alfabet	a l f a b eː t
alfågel	ɑː l f oː ɡ ɛ l
alförrädare	ɑː l f œ ɾ ɛː d a ɾ ɛ
alg	a l j
algerier	a l ɧ eː r ɪ ɛ r
algeriet	a l ɧ ɛ r iː ɛ t
algerisk	a l ɧ eː r ɪ s k
alkekung	a l k ɛ k ɵ ŋ
alkoholism	a l k ʊ h ʊ l ɪ s m
alkoholist	a l k ʊ h ʊ l ɪ s t
alla	a l a
allemansrätt	a lː ɛ m a n s r ɛ tː
allmän	a l m ɛ n
allmänbildning	a l m ɛ n b ɪ l d n ɪ ŋː
alltmer	a l t m eː r
alltså	a l t s ɔ
allvarlig	a l v ɑː r l ɪ ɡ
allé	a l eː
alpseglare	a l p s eː ɡ l a ɾ ɛ
altruism	a l t r ɵ ɪ s m
aluminium	a l ɵ m iː n ɪ ɵ m
amanda	a ² m a n d a
ambitiös	a m b i ɧ øː s
amerika	a m eː r ɪ k a
amma	² a m a
amper	a m p e r
ampere	a m p æː r
amurfalk	ɑː m ɵ r f a l k
ana	² ɑː n a
and	a n d
anden	a nː d ɛ n
andlig	a n d l ɪ ɡ
andra	a n d r a
andré	a n d r eː
anfalla	a n f a lː a
ange	a n j eː
anka	a ŋ k a
ankeborg	a ŋ k ɛ b ɔ r j
anklagelse	a n k l ɑː ɡ ɛ l s ɛ
anna	² a n a
annons	a n ɔ n s
annons	a n ɔ ŋ s
anod	a n oː d
anod	a n uː d
anomali	a n ʊ m a l iː
ansat	² a n s a t
ansatt	² a n s a t
ansikte	a nː s ɪ k t ə
antepenultima	a n t ɛ p ɛ n ɵ l t ɪ m a
antimon	a n t ɪ m oː n
antimon	a n t ɪ m uː n
antyda	a n t yː d a
apa	ɑː p a
apelsinjuice	a p ɛ l ² s iː n j uː s
apotek	a p ʊ t eː k
appellativ	² a p ɛ l a t i v
april	a p r iː l
april	a p r ɪ l
arbetslös	a r b eː t s l øː s
arbus	ɑ r b ʉː s
arg	a r j
argon	a r ɡ oː n
argt	a r j t
arkimedes	a r k ɪ m eː d ɛ s
arkitekt	a r k ɪ t ɛ k t
arkitekt	a r ɕ ɪ t ɛ k t
arrangemang	a r a n ɧ e m a ŋ
arrangera	a r a n ɧ eː r a
arsel	a r s ɛ l
arsenik	a r s ɛ n iː k
arton	² ɑː r t ɔ n
arv	a r v
aspig	² a s p ɪ ɡ
asturisk	a s t ʉ r ɪ s k a
asturiska	a s t ʉ r ɪ s k a
att	a t
att	a tː
att	ɔ
attack	a t a k
aubergin	ɔ b ɛ r ɕ iː n
aubergin	ɔ b ɛ r ɕ ɪ n
aubergine	ɔ b ɛ r ɕ iː n
aubergine	ɔ b ɛ r ɕ ɪ n
augusti	a ʊ̯ ɡ ɵ s t ɪ
aula	a ʊ̯ l a
av	ɑː v
avbrott	ɑː v b r ɔ t
avfärda	ɑː v f ɛ r d a
avi	a v iː
avlat	ɑː v l ɑː t
avlatskrämare	ɑː v l ɑː t s k r ɛː m a r ɛ
avled	² ɑː v l eː d
avokado	a v ʊ k ɑː d ʊ
avseende	ɑː v s eː ɛ n d ɛ
avsiktlig	ɑː v s i k t l iː
avsked	ɑː v ɧ eː d
avsky	ɑː v ɧ yː
avskyvärd	ɑː v ɧ ʏ v ɛ r d
aw	ɑː v eː
axel	¹ a k s ɛ l
ba	b ɑː
babbe	b a b ɛ
babylift	b ɛ ɪ b ʏ l ɪ f t
backsvala	b a k s v ɑː l a
bad	b ɑː d
bada	² b ɑː d a
badensisk	b a d ɛ n s ɪ s k
badstuga	² b ɑː d s t ʉː ɡ a
bagage	b a ɡ ɑː ɧ
bajen	b a j ɛ n
bajs	b a j s
bajsa	² b a j s a
bak	b ɑː k
bakbord	b aː k b uː r d
balkansångare	b a l k a n s ɔ ŋ a r ɛ
ball	b a lː
balle	b a l e
bamba	b a m b a
bambamat	² b a m b a m ɑː t
bambarast	² b a m b a r a s t
bambatant	² b a m b a t a n t
bana	b ɑː n a
banan	b a n ɑː n
banan	b ɑː n a n
bananskal	b a n ɑː n s k ɑː l
band	b a n d
bane	² b ɑː n ɛ
baneman	² b ɑː n ɛ m a n
bank	b a ŋː k
bar	b ɑː r
barcelona	b a ʂ ɛ ² l oː n a
barmhärtig	b a r m h ɛ ʈ ɪ ɡ
barn	b ɑː r n
barnbespisning	² b ɑː r n b ɛ s p iː s n ɪ ŋ
barnet	b ɑː r n ɛ t
barnhem	b ɑː r n h ɛ m
barnmorska	² b ɑː r n m ʊ r s k a
barriär	b a r ɪ æː r
barsk	b a ʂ k
bas	b ɑː s
basar	b a s ɑː r
basket	b ɑː s k ɛ t
bearbeta	b eː a r b eː t a
bebop	b iː b ɔ p
beckasin	b ɛ k a s iː n
beckasinsnäppa	b ɛ k a s iː n s n ɛ p a
bedrägeri	b ɛ d r ɛː ɡ ɛ r iː
begå	b ə ɡ oː
behov	b ɛ h uː v
beige	b eː ɧ
beige	b ɛː ɧ
bekant	b ə k a n t
belgien	b ɛ l ɡ ɪ ɛ n
ben	b eː n
berg	b ɛ r j
bergand	b ɛ ɾ j a n d
bergen	b ɛ r j ɛ n
bergens	b ɛ r j ɛ n s
berget	b ɛ r j ɛ t
bergets	b ɛ r j ɛ t s
bergs	b ɛ r j s
bergsångare	b ɛ r j s ɔ ŋ a r ɛ
bergtajgasångare	b ɛ r j t a j ɡ a s ɔ ŋ a r ɛ
bergtita	b ɛ ɾ j t iː t a
berguv	b ɛ r j ʉː v
berlin	b e r l iː n
bert	b æ ʈ
beryllium	b ɛ r ʏ l ɪ ɵ m
besk	b ɛ s k
besked	b ɛ ɧ eː d
bespisa	b e s p iː s a
bespisning	b ɛ s p iː s n ɪ ŋ
bestrida	b ɛ s t r iː d a
besvika	b ɛ s v iː k a
beta	b ɛ t ɑː
betala	b ɛ t ɑː l a
bete	b e t eː
bete	b eː t e
beteende	b ɛ t eː ɛ n d ɛ
betyda	b ɛ ¹ t yː d a
bikini	b ɪ k iː n ɪ
bil	b iː l
bilist	b ɪ l ɪ s t
biljard	b ɪ l j ɑː r d
biljon	b ɪ l j uː n
bill	b ɪ l
bilparkering	b iː l p a r k eː r ɪ ŋ
biologi	b ɪ ʊ l ʊ ɡ iː
birgitta	b ɪ r ² ɡ ɪ t a
biskop	b i s k ɔ p
bit	b iː t
bit	b ɪ t
bits	b iː t s
bits	b ɪ t s
bitvarg	² b iː t v a r j
biätare	b iː ɛ t a r ɛ
bjugg	b j ɵ ɡː
björn	b j øː r n
blad	¹ b l ɑː d
blandinaviska	b l a n d ɪ n ɑː v ɪ s k a
blandning	b l a n d n i ŋ
blankspola	² b l a ŋ k s p uː l a
bleck	b l ɛ k
blev	b l eː v
bli	b l iː
blida	b l iː d a
block	b l ɔ k
blod	b l uː d
blodröd	b l uː d r øː d
blodtörst	² b l uː d t œ ʂ ʈ
blodtörst	² b l uː d t ɵ ʂ ʈ
blodtörstig	² b l uː d t œ ʂ ʈ ɪ ɡ
blodtörstig	² b l uː d t ɵ ʂ ʈ ɪ ɡ
blogg	b l ɔ ɡː
blomma	b l ʊ m a
blomqvist	² b l ʊ m k v ɪ s t
blott	b l ɔ tː
bly	b l yː
blyg	b l yː ɡ
bläck	b l ɛ k
bläs	b l ɛ s
bläsand	b l ɛ s a n d
bläsgås	b l ɛ s ɡ oː s
blå	b l oː
blåbär	b l oː b ɛː r
blåkråka	b l oː k r oː k a
blåljus	b l oː j ʉː s
blåljuscentral	² b l oː j ʉː s ‿ s eː n t r ɑː l
blåljusfilter	b l oː j ʉː s f ɪ l t ɛ r
blåljusfordon	b l oː j ʉː s f uː r d uː n
blåljuspersonal	b l oː j ʉː s p ɛ ʂ ʊ n ɑː l
blåst	b l oː s t
blåst	b l ɔ s t
blåtand	² b l oː t a n d
blått	b l ɔ tː
boden	b uː d ɛ n
bodil	¹ b uː d ɪ l
boel	¹ b uː ɛ l
bog	b uː ɡ
bok	b uː k
boka	b uː k a
bokhandel	² b uː k h a n d ɛ l
bokstav	b uː k s t ɑː v
bokstav	b ʊ k s t ɑː v
bolaget	² b uː l ɑː ɡ ɛ t
bon	b uː n
bondska	² b ʊ n d s k a
boning	b uː n ɪ ŋ
bop	b ɔ p
bor	b oː r
bor	b uː r
bord	b uː ɖ
borde	b uː ɖ ə
bordsbön	b uː r d s b øː n
bordtennis	² b uː ɖ t ɛ n ɪ s
boren	b uː r ɛ n
bortaplan	² b ɔ r t a p l ɑː n
bortskänka	² b ɔ r t ɧ ɛ ŋ k ɛ s
bot	b uː t
bot	b ɔ t
bota	b uː t a
botar	b uː t a r
bra	b r ɑː
bra	b r ɒː
braig	² b r ɑː ɪ ɡ
brasklapp	² b r a s k l a p
bre	b r eː
brev	b r eː v
brevbärare	² b r eː v b æː r a r e
brinna	² b r ɪ n a
bris	b r iː s
brista	b r ɪ sː t a
bro	b r uː
bron	b r uː n
brons	b r uː n s
brons	b r ɔ n s
bronsibis	b r ɔ n s iː b ɪ s
bror	b r uː r
bros	b r uː s
broschyr	b r ʊ ɧ yː r
brun	¹ b r ʉː n
brunand	b ɾ ʉː n a n d
bruno	b r ʉː n ʊ
brunsenap	b r ʉː n s eː n a p
brunsångare	b r ʉː n s ɔ ŋ a r ɛ
brushane	b r ʉː s h ɑː n ɛ
brygd	b r ʏ ɡ d
bryggd	b r ʏ ɡ d
brylling	² b r ʏ l ɪ ŋ
bröd	b r øː d
bröt	b r øː t
bu	b ʉː
bud	b ʉ d
budgetpromenaden	² b ɵ d j ɛ t p r ʊ m ɛ n ɑː d ɛ n
bulle	² b ɵ l ɛ
burdus	b ɵ r d ʉː s
buren	² b ʉː r ɛ n
buren	¹ b ʉː r ɛ n
bus	b ʉː s
busig	b ʉː s ɪ ɡ
busksångare	b ɵ s k s ɔ ŋ a r ɛ
buss	b ɵ s
bussarong	b ɵ s a r ɔ ŋ
busstation	² b ɵ s ‿ s t a ɧ uː n
bygd	b ʏ ɡː d
bygga	b ʏ ɡː a
byling	² b yː l ɪ ŋ
byrå	b yː r ɔ
byrå	b ʏ r oː
byte	b a j t
byte	b a ɪ t
byte	b yː t ɛ
byxis	¹ b ʏ k s ɪ s
bäckna	² b ɛ k n a
bältdjur	b ɛ l t j ʉː r
bäng	b ɛ ŋ
bär	b ɛː r
bärs	b æ r s
bärs	b æː r s
bärsa	² b æ r s a
bävergäll	b ɛː v ɛ r j ɛ l
båda	b oː d a
båge	² b oː ɡ ɛ
bål	b oː l
bår	b oː r
båt	b oː t
böcker	¹ b ø kː ə r
bödel	b øː d ɛ l
bög	b øː ɡ
bögig	b øː ɡ ɪ ɡ
böra	b œ̞ r a
c	k
c	s
c	s eː
café	k a f eː
californium	k a l ɪ f oː r n ɪ ɵ m
calla	k oː l a
calle	² k a l ɛ
carina	k a ² r iː n a
carl	k ɑː r l
carpmes	k a ɾ p m eː s
centimeter	s ɛ n t ɪ m eː t ɛ r
centralort	² s ɛ n t r ɑː l ʊ r t
cesium	s eː s ɪ ɵ m
cettisångare	s ɛ t ɪ s ɔ ŋ a r ɛ
champagne	ɧ a m p a n j
champinjon	ɧ a m p ɪ n jː u n
chans	ɕ a n s
chans	ɕ a ŋ s
chans	ɧ a n s
chans	ɧ a ŋ s
chark	ɧ a r k
charkuteri	ɧ a r k ɵ t ɛ r iː
charlie	ɕ ɑː ɭ ɪ
charlotta	ɧ a r ² ɭ o t a
charlotte	ɧ a ɭ o t
charm	ɧ a r m
charmör	ɧ a r m ɶː r
chaufför	ɧ a f œː r
chaufför	ɧ ɔ f œː r
check	ɕ ɛ kː
cheddar	ɕ ɛ dː a r
chef	ɧ eː f
chef	ɧ ɛː f
chips	ɕ ɪ p s
choklad	ɧ ʊ k l ɑː d
cineast	s ɪ n e a s t
citron	s ɪ t r uː n
clown	k l a ʊ n
clownfisk	k l a ʊ n f ɪ s k
container	k ɔ n t ɛ j n ɛ r
cool	k uː l
cowboy	k a ʊ̯ b ɔ j
croissant	k r ʊ a s a ŋ
cup	k a p
cup	k ɵ p
cyberattack	s yː b ɛ r a t a k
cykel	s yː k e l
cykel	s ʏ k e l
dadel	¹ d a d ɛ l
dadel	¹ d ɑː d ɛ l
dag	d ɑː ɡ
dags	d a k s
dags	d ɑː ɡ s
dam	d ɑː m
damm	d a m
dammsnäppa	d a m s n ɛ p a
dan	d ɑː n
danmark	¹ d a n m a r k
dansk	d a n s k
danska	² d a n s k a
danskjävel	d a n s k j ɛː v ɛ l
dativ	d ɑː t iː v
dator	² d ɑː t ɔ r
dator	² d ɑː t ʊ r
de	d eː
de	d iː
de	d ɔ m
de	d ɪ
december	d ɛ s ɛ m b ɛ r
decennium	d ɛ s ɛ n ɪ ɵ m
decimeter	d ɛ s ɪ m eː t ɛ r
deg	d eː ɡ
dekameter	d ɛ k a m eː t ɛ r
dela	d eː l a
dem	d ɔ m
den	d ɛ nː
denne	d ɛ nː ɛ
derp	d ɚ p
derp	d ɝ p
design	d ɛ s a j n
designa	d ɪ s a j n a
dessa	d ɛ sː a
dessutom	d e s ʉː t ɔ m
det	d eː
det	d eː t
det	d ə
det	d ə t
det	d ɛː
det	r ɛ
det	ɛ t
detektiv	d ɛ t ɛ k t iː v
detta	d ɛ tː a
dig	d ɛ j
digitaliseringsminister	d ɪ ɡ ɪ t a l ɪ s eː r ɪ ŋ s m ɪ n ɪ s t ɛ r
dimmig	d ɪ m ɪ ɡ
ding	d ɪ ŋ
dirr	d ɪ r
diskrepans	d ɪ s k r ɛ p a n s
diskrepans	d ɪ s k r ɛ p a ŋ s
diskussion	d ɪ s k ɵ ɧ uː n
djungel	d j ʉ ŋ e l
djungel	j ɵ ŋ ɛ l
djup	j ʉː p
djuphav	j ʉː p h ɑː v
djupt	j ʉː p t
djur	j ʉː r
djärv	j ɛ r v
djävla	j ɛː v l a
dock	d ɔ kː
dog	d uː ɡ
dogg	d ɔ ɡ
doktor	d ɔ k t ɔ r
dom	d oː m
dom	d ʊ m
dopparedagen	² d ɔ p a r ɛ d ɑː n
dopparedagen	² d ɔ p a r ɛ d ɑː ɡ ɛ n
dopping	d ɔ p ɪ ŋ
dos	d uː s
dra	d r ɑː
dragen	² d r ɑː ɡ ɛ n
dragen	¹ d r ɑː ɡ ɛ n
dragon	d r a ɡ uː n
dragspel	d r ɑː ɡ s p eː l
drake	d r ɑː k ɛ
dras	d r a s
dras	d r ɑː s
dressing	d r e s i ŋ
dricka	d r ɪ kː a
dricker	d r ɪ kː e r
drillsnäppa	d r ɪ l s n ɛ p a
drog	d r oː ɡ
drog	d r uː ɡ
drogs	d r oː ɡ s
drogs	d r uː ɡ s
dromedar	d r ʊ m ɛ d ɑː r
droppen	d r ɔ pː ɛ n
dränera	d r ɛ ² n eː r a
dräng	d r ɛ ŋː
dröm	d r œ mː
du	d ʉː
dubbel	d ɵ b ɛ l
dubbelbeckasin	d ɵ b ɛ l b ɛ k a s iː n
dubbelgångare	d ɵ b ɛ l ɡ ɔ ŋ a r ɛ
duk	d ʉː k
dum	d ɵ mː
dumbom	d ɵ m b ʊ m
dumhuvud	d ɵ m h ɵ v ɵ d
dun	d ʉː n
dusch	d ɵ ɕ
dusch	d ɵ ɧ
duscha	² d ɵ ɕ a
duscha	² d ɵ ɧ a
dussin	² d ɵ s ɪ n
dvärg	d v ɛ r j
dvärgbeckasin	d v ɛ r j b ɛ k a s iː n
dvärgkanadagås	d v ɛ ɾ j k a n a d a ɡ oː s
dvärgmus	d v ɛ r j m ʉː s
dvärgmås	d v ɛ r j m oː s
dvärgskarv	d v ɛ r j s k a r v
dvärgspov	d v ɛ r j s p uː v
dvärgsumphöna	d v ɛ ɾ j s ɵ m p h øː n a
dvärgsångare	d v ɛ r j s ɔ ŋ a r ɛ
dygna	d ʏ ŋː n a
dyr	d yː r
dysfori	d y s f u r iː
dysterkvist	d ʏ s t ɛ r k v ɪ s t
däka	² d ɛː k a
där	d ɛː r
då	d oː
dålig	d oː l ɪ ɡ
död	d øː d
döda	² d øː d a
dölja	d œ l j a
dörr	d œ̞ rː
ed	eː d
edvin	eː d v ɪ n
efor	e f oː r
efter	ɛ f t ɛ r
egentlig	ɛ j ɛ n t l ɪ ɡ
egentlig	ɛ j ɛ ŋ k l ɪ ɡ
egentligen	ɛ j ɛ n t l ɪ ɡ ɛ n
egentligen	ɛ j ɛ ŋ k l ɪ ɡ ɛ n
egg	ɛ ɡː
egga	² ɛ ɡ a
egypten	ɛ ¹ j ʏ p t ɛ n
einsteinium	a j n s t a j n ɪ ɵ m
ek	eː k
ekmes	eː k m eː s
ekollon	² eː k ɔ l ɔ n
eksångare	eː k s ɔ ŋ a r ɛ
el	eː l
elak	eː l a k
elak	eː l ɑː k
elcykel	eː l s ʏ k ɛ l
eld	ɛ l d
eldar	ɛ l d a r
eldslandet	ɛ l d s l a n d ɛ t
elefanta	ɛ l ɛ f a n t a
elegant	ɛ l ɛ ɡ a n t
elektron	ɛ l ɛ k t r oː n
eleonorafalk	ɛ l ɛ ɔ n oː r a f a l k
elfte	ɛ l f t ɛ
eller	ɛ l ɛ r
elva	ɛ l v a
emigrant	ɛ m ɪ ɡ r a n t
emulera	ɛ m ɵ l eː r a
en	eː n
en	ɛ nː
en	ɛ ŋː
enastående	² eː n a s t oː ɛ n d ɛ
enda	ɛ n d a
energi	ɛ nː ə r ɧ iː
enfaldig	eː n f a l d ɪ ɡ
engagemang	a ŋ ɡ a ɧ ɛ m a ŋ
engagera	a ŋ ɡ a ɧ eː r a
engelska	e ŋ e l s k a
england	ɛ ŋ l a n d
england	ɛ ŋ l ɑ n
england	ɛ ŋ l ɑ n d
enhetlig	eː n h eː t l ɪ ɡ
enkel	ɛ ŋ k ɛ l
enkelbeckasin	ɛ n k ɛ l b ɛ k a s iː n
ensam	ɛ nː s a mː
ensamhet	eː n s a m h eː t
ensamhet	ɛ n s a m h eː t
entrecôte	a n t r ɛ k oː
entrecôte	a n t r ɛ k oː t
entrecôte	a ŋ t r ɛ k oː
entrecôte	a ŋ t r ɛ k oː t
entré	a n t r eː
entré	a ŋ t r eː
entusiasm	a n t ɵ s ɪ a s m
entusiasm	a ŋ t ɵ s ɪ a s m
entusiasm	ɛ n t ɵ s ɪ a s m
er	eː r
era	eː r a
erbium	ɛ r b ɪ ɵ m
erinra	eː r ɪ n r a
erkänna	eː r ɕ ɛ n a
erkänt	eː r ɕ ɛ n t
erkänt	ɛː r ɕ ɛ n t
errata	e r ɑː t a
errata	ɛ r ɑː t a
esperanto	ɛ s p ə r a n t ɔ
esperanto	ɛ s p ə r a n t ʊ
estniska	ɛ s t n ɪ s k a
ett	ɛ t
euro	¹ j uː r ʊ
euro	¹ ɛ v r ʊ
euro	¹ ɛ͡ɵ r ʊ
europa	ɛ r uː p a
europium	ɛ r uː p ɪ ɵ m
europé	ɛ r ʊ p eː
eva	² eː v a
evelina	ɛ v ɛ ² l iː n a
event	ɛ v ɛ n t
experiment	ɛ k s p ɛ r ɪ m ɛ n t
fabrik	f a b r iː k
fackverk	f a k v ɛ r k
fader	f ɑː d ɛ r
falang	f a l a ŋ
falla	f a lː a
fallskärm	f a l ɧ ɛ r m
fan	f aː aː n
fan	f aː n
fan	f ɛː n
far	f ɑː r
fars	f ɑː r s
fartkamera	f ɑː ʈ k ɑː m ɛ r a
farväl	f a r v ɛː l
farväl	f ɑː r v ɛː l
fatabur	² f ɑː t a b ʉː r
fattig	f a t ɪ ɡ
februari	f ɛ b r ɵ ɑː r ɪ
fejs	f ɛ j s
fem	f ɛ m
femtal	f ɛ m t ɑː l
femte	f ɛ m t ɛ
femtio	² f ɛ m t ɪ
femtio	² f ɛ m t ɪ ʊ
femtiöring	f ɛ m t ɪ œː r ɪ ŋ
femton	f ɛ m t ɔ n
fena	f eː n a
fest	f ɛ sː t
fet	f eː t
fett	f ɛ t
fia	² f iː a
ficka	f ɪ kː a
fiende	² f iː ɛ n d ɛ
fientlig	f ɪ ɛ n t l ɪ ɡ
figur	f ɪ ɡ ʉː r
fik	f iː k
fika	² f iː k a
fil	f iː l
filippa	f ɪ ² l ɪ p a
filippintörnskata	f ɪ l ɪ p iː n t øː r n s k ɑː t a
filmatisera	f ɪ l m a t ɪ s eː r a
filmjölk	f iː l m j œ l k
filosofie	f ɪ l ɔ s ɔ ² f iː ɛ
filosofie	f ɪ l ʊ s ʊ ² f iː ɛ
filosofisk	f ɪ l ʊ s oː f ɪ s k
fimpa	² f ɪ m p a
fin	f iː n
final	f ɪ n ɑː l
finger	f ɪ ŋ ɛ r
fingers	f ɪ ŋ ɛ r s
finland	f i n l ɑ n d
finland	f ɪ n l a n d
finna	f ɪ n a
finnjävel	f ɪ n j ɛː v ɛ l
finska	² f ɪ n s k a
firre	² f ɪ r ɛ
fisk	f ɪ s k
fiske	² f ɪ s k ɛ
fisken	f ɪ sː k ɛ n
fiskens	f ɪ sː k ɛ n s
fisktärna	f ɪ s k t ɜ r n a
fission	f ɪ ɧ uː n
fitta	f ɪ tː a
fittig	f ɪ tː ɪ ɡ
fjantig	² f j a n t ɪ ɡ
fjol	f j uː l
fjompig	f j ɔ mː p ɪ ɡ
fjor	f j uː r
fjord	f j oː r d
fjord	f j uː r d
fjortis	f j oː ʈ ɪ s
fjortis	f j uː ʈ ɪ s
fjorton	f j uː ʈ ɔ n
fjorton	f j ʊ ʈ ɔ n
fjällabb	f j ɛ l l a b
fjällgås	f j ɛ l ɡ oː s
fjällpipare	f j ɛ l p iː p a ɾ ɛ
fjällripa	f j ɛ l ɾ iː p a
fjälluggla	f j ɛ l ɵ ɡ l a
fjärd	f j æː ɖ
fjärde	f j ɛː r d ɛ
fjäril	f j ɛː r ɪ l
fjärt	f j æ ʈ
flarra	² f l a r a
flata	f l ɑː t a
flicka	f l ɪ kː a
flickan	f l ɪ kː a n
flickor	f l ɪ k ʊ r
flod	f l uː d
flodvåg	f l uː d v oː ɡ
flummig	f l ɵ m ɪ ɡ
fluor	f l oː r
flygskam	f l yː ɡ s k a m
flyktig	f l ʏ k t ɪ ɡ
flyta	² f l yː t a
flytta	f l ʏ tː a
fläckdrillsnäppa	f l ɛ k d r ɪ l s n ɛ p a
flå	f l oː
flöte	² f l øː t ɛ
focka	f ɔ k a
folkmusik	² f ɔ l k m ɵ s iː k
folköl	² f ɔ l k øː l
fonetik	f ɔ n e t iː k
formation	f ɔ r m a ɧ uː n
fors	f ɔ ʂː
forstmästare	f ɔ r s t m ɛ s t ɑ r e
forstmästare	² f ɔ r s t m ɛ s t a r ɛ
forstväsen	f ɔ r s t v eː s e n
forstväsen	² f ɔ r s t v ɛː s ɛ n
fort	f ɔ ʈ
fort	f ʊ ʈ
fosfor	f ɔ s f ɔ r
foster	f ʊ s t ɛ r
fosterland	f ʊ s t æ r l a n d
fot	f uː t
fotboll	² f uː t b ɔ l
fotnot	f uː t n uː t
foula	f a ʊ l a
foxtrot	f ɔ k s t r ɔ t
frakt	f r a k t
fram	f r a m
framför	² f r a m f œː r
fransk	f r a n s k
franska	² f r a n s k a
fred	f r eː d
fredag	f r eː d a
fredag	f r eː d ɑː ɡ
fredrika	f r eː d ² r iː k a
fredrika	f r ɛ d ² r iː k a
freestyle	f ɹ iː s t a j l
fri	f r iː
friggebod	² f r ɪ ɡ ɛ b uː d
frihet	f r iː h eː t
fritiof	¹ f r ɪ t ɕ ɔ f
fritis	¹ f r iː t ɪ s
fru	f r ʉː
frugge	² f r ɵ ɡ ɛ
frukt	f r ɵ k t
frunch	f r ɵ n ɧ
frys	f r yː s
främlingsfientlig	² f r ɛ m l ɪ ŋ s f ɪ ɛ n t l ɪ ɡ
främlingsfientlighet	² f r ɛ m l ɪ ŋ s f ɪ ɛ n t l ɪ ɡ h eː t
frände	f r ɛ n d ɛ
fråga	f r oː ɡ a
från	f r oː n
från	f r ɔ n
frånvaro	² f r oː n v ɑː r ʊ
frö	f r øː
fröjd	f r œ j d
fröken	f r øː k ɛ n
frös	f r øː s
fubbick	f ɵ b ɪ k
ful	f ʉː l
full	f ɵ l
fungera	f ɵ ŋ ɡ eː r a
funka	f ɵ ŋ k a
funktion	f ɵ ŋ k ɧ uː n
funktionell	f ɵ ŋ k ɧ ʊ n ɛ l
fur	f ʉː r
furnera	f ɵ r n eː r a
fusion	f ɵ ɧ uː n
fusk	f ɵ s k
futurum	f ɵ t ʉː r ɵ m
fy	f yː
fyr	f yː r
fyra	f yː r a
fyrmänning	² f yː r m ɛ n ɪ ŋ
fyrtal	f yː r t ɑː l
fyrtio	² f œ r t ɪ
fyrtio	² f œ r t ɪ ʊ
fä	f ɛː
fälad	² f ɛː l a d
fälad	² f ɛː l ɑː d
fältsångare	f ɛ l t s ɔ ŋ a r ɛ
fän	f ɛː n
fänkål	f ɛː n k oː l
fänrik	f ɛ n r ɪ k
färg	f ɛ r j
färsk	f ɛ r s k
färskvatten	f ɛ r s k v a t ɛ n
fäst	f ɛ s t
få	f oː
fågel	f oː ɡ ə l
fågel	f oː ɡ ɛ l
fårakläder	² f oː r a k l ɛː d ɛ r
fåtölj	f ɔ t œ l j
fåtölj	f ʊ t œ l j
föda	f øː d a
födelsedag	f øː d ɛ l s ɛ d ɑː ɡ
födelsedag	f øː l s ɛ d ɑː ɡ
fönster	f œ n s t ɛ r
fönstertittarsjuka	² f œ n s t ɛ r t ɪ t a r ɧ ʉ̟ː k a
för	f øː r
förbruka	f œ r b r ʉː k a
förbud	f œ r b ʉː d
förbundskapten	f œ r ² b ɵ n d s k a p t eː n
förbutik	f øː r b ʉː t iː k
fördriva	f œ r ɖ r iː v a
fördöma	f ɵ r d ɵ m a
före	² f øː r ɛ
förebrå	f øː r ɛ b r oː
föregångare	f øː r ɛ ɡ ɔ ŋ a r ɛ
förena	f œ r eː n a
förening	f œ r eː n ɪ ŋ
förete	f øː r ɛ t eː
förgänglig	f œ r j ɛ ŋ l ɪ ɡ
förgäves	f œ r j ɛː v ɛ s
förnuftig	f œ ɳ ɵ f t i ɡ
förr	f œ rː
förrän	f œ r ɛ n
försiktighet	f øː r s ɪ k t ɪ ɡ h eː t
förskolelärare	f øː r s k uː l ɛ l ɛː r a r ɛ
förskollärare	f øː r s k uː l ɛ l ɛː r a r ɛ
förskräcklig	f œ r s k r ɛ k l ɪ ɡ
först	f œ ʂ ʈ
första	f œ ʂ ʈ a
förstå	f œ r s t oː
förstås	f ɶ ʂ t oː s
förstås	f ɶ ʂ t ɔ s
förstöra	f œ ʂ ʈ œː r a
försvarare	f øː r s v ɑː r a r ɛ
försvarstal	f œ r ² s v ɑː r s t ɑː l
försöka	f œ r s øː k a
förträfflig	f œ r ʈ r ɛ f l ɪ ɡ
förut	f øː r ʉː t
förut	f œ r ʉː t
förvirring	f øː r v ɪ r ɪ ŋ
förvärra	f œ̞ r v æ r a
förvärras	f œ̞ r v æ r a s
förälder	f œ r ¹ ɛ l d æ r
förälskelse	f œ r ɛ l s k ɛ l s ɛ
g	j
g	ɡ
g	ɡ eː
g	ɧ
gabbe	² ɡ a b ɛ
gabriel	ɡ ɑː b r ɪ ɛ l
galax	ɡ a l a k s
galär	ɡ a l ɛ r
gamme	² ɡ a m ɛ
gammeldans	² ɡ a m ɛ l d a n s
gammelgädda	² ɡ a m ɛ l j ɛ d a
gammelmedia	² ɡ a m ɛ l m eː d ɪ a
garage	ɡ a r ɑː ɕ
garage	ɡ a r ɑː ɧ
garanti	ɡ a r a n t ɪ
gas	ɡ ɑː s
gata	ɡ ɑː t a
gav	ɡ ɑː v
ge	j eː
gelé	ɧ ɛ l eː
gem	j eː m
gem	ɡ eː m
gen	j eː n
general	j ɛ n ɛ r ɑː l
generös	ɧ ɛ n ɛ r øː s
genitiv	j eː n ɪ t iː v
genom	j eː n oː m
genom	j eː n ɔ m
genre	¹ ɧ a ŋ ɛ r
genren	ɧ a ŋ ɛ r n
genrer	ɧ a ŋ r a r
genrerna	ɧ a ŋ r a r n a
gentil	ɧ a ŋ t iː l
georg	j eː ɔ r j
ger	j eː r
germanium	j ɛ r m ɑː n ɪ ɵ m
gert	j æ ʈ
gert	ɡ æ ʈ
gest	ɧ ɛ s t
get	j eː t
geting	j eː t ɪ ŋ
getruta	j eː t r ʉː t a
gevär	j ɛ v ɛː r
gick	j ɪ k
gifter	² j ɪ f t ɛ r
gifter	¹ j ɪ f t ɛ r
giftig	j ɪ f t ɪ ɡː
gin	d ʒ ɪ n
gin	j ɪ n
gipsplatta	j ɪ p s p l a t a
gipsskiva	j ɪ p s ɧ iː v a
gir	j iː r
giraff	ɧ ɪ r a f
gita	² j iː t a
gitarr	j ɪ t a r
gitta	² j ɪ t a
gitta	² ɡ ɪ t a
gjord	j uː r d
gjord	j ʊ ɖː
gjorde	j ʊ ɖ ɛ
gjort	j ʊ ʈ
gjuta	² j ʉː t a
glad	ɡ l ɑː d
gladlynt	ɡ l ɑː d l yː n t
gladlynt	ɡ l ɑː d l ʏ n t
glas	ɡ l ɑː s
glashus	² ɡ l ɑː s h ʉː s
glasmästarsill	² ɡ l ɑː s m ɛ s t a r s ɪ l
glass	ɡ l a s
glassmaskin	ɡ l a s m a ɧ iː n
glatt	ɡ l a tː
gluttsnäppa	ɡ l ɵ t s n ɛ p a
glögg	ɡ l œ ɡ
gnag	ɡ n ɑː ɡ
god	ɡ uː
god	ɡ uː d
goddag	ɡ ʊ dː ɑː ɡ
golv	ɡ ɔ l v
gott	ɡ ɔ t
gradu	ɡ r ɑ d ʉ
gran	ɡ r ɑː n
gransångare	ɡ r ɑː n s ɔ ŋ a r ɛ
grattis	¹ ɡ r a t ɪ s
gratäng	ɡ r a t ɛ ŋ
gravand	ɡ ɾ ɑː v a n d
gravitation	ɡ r a v ɪ t a ɧ uː n
gravlax	ɡ r ɑː v l a k s
green	ɡ r iː n
grej	ɡ r ɛ j
grekland	ɡ r eː k l a n d
grep	ɡ r eː p
grina	ɡ r iː n a
grip	ɡ r iː p
groda	ɡ r uː d a
gross	ɡ r ɔ s
grov	ɡ r uː v
grund	ɡ r ɵ n d
grym	ɡ r ʏ m
grymta	ɡ r ʏ m t a
gryning	ɡ r yː n ɪ ŋ
gryta	ɡ r yː t a
gräddbulle	² ɡ r ɛ d b ɵ l ɛ
gräddfil	ɡ r ɛ dː f iː l
gräsand	ɡ ɾ ɛː s a n d a n d
grät	ɡ r ɛː t
gråben	² ɡ r oː b eː n
grågam	ɡ r oː ɡ ɑː m
grågås	ɡ ɾ oː ɡ oː s
gråhakedopping	ɡ ɾ oː h ɑː k ɛ d ɔ p ɪ ŋ
gråhäger	ɡ r oː h ɛ ɡ ɛ r
gråspett	ɡ r oː s p ɛ t
gråsäl	ɡ r oː s ɛː l
gråt	ɡ r oː t
gråtrut	ɡ r oː t r ʉː t
grön	ɡ r øː n
grönbena	ɡ r øː n b eː n a
grönkål	ɡ r øː n k oː l
grönsångare	ɡ r øː n s ɔ ŋ a r ɛ
gröt	ɡ r øː t
gubbe	ɡ ɵ b ɛ
gud	ɡ ʉː d
guding	ɡ ʉː d ɪ ŋ
guds	ɡ ɵ tː s
gul	ɡ ʉː l
gula	² ɡ ʉː l a
guld	ɡ ɵ l d
gullgosse	² ɡ ɵ l ɡ ɔ s ɛ
gullviva	ɡ ɵ l v iː v a
gump	ɡ ɵ m p
gungfly	² ɡ ɵ ŋ f l yː
gurra	² ɡ ɵ r a
guru	ɡ ʉ̟ː r ɵ
guss	ɡ ɵ s
guss	ɡ ɵ z
gym	j ʏ m
gymma	² j ʏ m a
gymnasium	d ʒ ʏ m n ɑː s ɪ ɵ m
gymnasium	j ʏ m n ɑː s ɪ ɛ
gyros	j yː r ʊ s
gyros	ɡ yː r ʊ s
gäri	ɡ ɛː r ɪ
gärna	j ɛː ɳ a
gäst	j ɛ s t
gästfrihet	j ɛ s t f r iː h eː t
gästgiveri	j æ s t j iː v ɛ r iː
gästgiveri	j æ s t j ɪ v ɛ r iː
gästgiveri	j æ ɧ ɪ v ɛ r iː
gävle	j ɛː v l ɛ
gå	ɡ oː
gång	ɡ ɔ ŋ
gången	ɡ ɔ ŋ e n
gångjärn	ɡ ɔ ŋ j ɛː r n
gård	ɡ oː r d
gås	ɡ oː s
gåskarl	ɡ oː s k ɑː r
gåstol	ɡ oː s t uː l
gått	ɡ ɔ t
gök	j øː k
göktyta	j øː k t yː t a
göl	j øː l
gör	ɡ øː r
göra	² j øː r a
göra	² ɡ œː r a
göran	j øː r a n
gördel	j œ r d ɛ l
göt	ɡ øː t
göteborg	j œ t ɛ b ɔ r j
göteborgska	j œ t e ² b ɔ r j s k a
gött	j œ t
gött	ɡ œ t
ha	h a
ha	h ɑː
ha	h ɑː v a
hade	² h a dː ɛ
haft	h a f t
hage	h ɑː ɡ ɛ
hagtorn	h a k t uː r n
hagtorn	² h ɑː ɡ t uː r n
haj	h a j
hall	h a l
hallon	h a l ɔ n
hallå	h a l oː
halmbock	² h a l m b ɔ k
halv	h a l v
halvlek	² h a l v l eː k
hambo	h a m b ʊ
han	h a nː
hand	h a n d
handikapp	h a n d ɪ k a p
handikapp	² h a n d i k a p
handskrift	h a n d s k r ɪ f t
handtryck	² h a n d t r ʏ k
hantverk	h a n t v ɛ r k
har	h ɑː r
hara	h ɑː r a
hat	h ɑː t
hatt	h a t
hav	h ɑː v
havre	² h ɑː v r ɛ
havssula	h a v s ʉː l a
havstrut	h a v s t r ʉː t
havsörn	h a v s øː r n
heat	h iː t
hej	h ɛ jː
hekto	h ɛ k t ʊ
hel	h eː l
helg	h ɛ l j
helga	h ɛ l ɡ a
helig	h eː l ɪ ɡ
helium	h eː l ɪ ɵ m
helsingborg	h ɛ l s ɪ ŋ b ɔ r j
helsingfors	h ɛ l s ɪ ŋ f ɔ r s
helsingfors	h ɛ l s ɪ ŋ f ɔ ʂː
helsingör	h ɛ l s ɪ ŋ øː r
helvete	h ɛ l v eː t ɛ
helvete	h ɛ l v ɛ t ɛ
hem	h ɛ m
hembränd	² h ɛ m b r ɛ n d
hembränt	² h ɛ m b r ɛ n t
hemester	h ɛ m ɛ s t ɛ r
hemläxa	² h ɛ m l ɛ k s a
hemmaplan	² h ɛ m a p l ɑː n
hemul	h e m ʉː l
hen	h eː n
hen	h ɛ n
henne	h ɛ nː ɛ
henom	h ɛ n ɔ m
hens	h ɛ n s
herbert	¹ h æ r b æ ʈ
herdestund	² h eː r d ɛ s t ɵ n d
herr	h ɛ r
herre	h ɛ̄ rː ɛ̂
hertz	h æ r t s
heta	h eː t a
hetvägg	h eː t v ɛ ɡ
hia	² h iː a
hialös	² h iː a l øː s
himalayagyllenmes	h i m ɑː l ɪ j a j ʏ l ɛ n m eː s
hinsidan	² h iː n s iː d a n
hinsidan	² h ɪ n s iː d a n
hispa	² h ɪ s p a
hispig	² h ɪ s p ɪ ɡ
hitta	h ɪ t a
hjord	j uː ɖ
hjort	j ʊ r t
hjorta	j ʊ r t a
hjortron	j ʊ ʈ r ɔ n
hjul	j ʉː l
hjälm	j ɛ l m
hjälp	j ɛ l p
hjälpa	j ɛ l pː a
hjälte	j ɛ l t ɛ
hjärna	j ɛː ɳ a
hjärta	j ɛ r t a
hjärtinfarkt	² j ɛ r t ɪ n f a r k t
hjärtlig	² j æ ʈ l ɪ ɡ
hockeyfrilla	h ɔ k ɪ f r ɪ l a
hockeyfrilla	h ɔ k ʏ f r ɪ l a
holm	h ɔ l m ɛ
homofili	h u m u f i l iː
homosex	h uː m ʊ s e k s
hon	h ʊ n
honom	h ɔ nː ɔ m
honung	h oː n ɵ ŋ
hoppa	h ɔ p a
hoppeligen	h ɔ pː e l iː ɡ e n
hoppeligen	² h ɔ p ɛ l iː ɡ ɛ n
hor	h uː r
hornuggla	h ʊ r n ɵ ɡ l a
horoskop	h ʊ r ʊ s k oː p
hos	h uː s
hot	h uː t
hotell	h ʊ t ɛ lː
hov	h oː v
hov	h uː v
hud	h ʉː d
hudsonspov	h ɑ d s ɔ n s p uː v
huggmejsel	h ʊ ɡ m ɛ j s ɛ l
humle	h ɵ m l ɛ
hund	h ɵ n d
hundra	h ɵ n d r a
hungrig	h ɵ ŋ r ɪ ɡ
hur	h ʉː r
hurring	² h ɵ r ɪ ŋ
hus	h ʉː s
husdjur	h ʉː s j ʉː r
husmanskost	² h ʉ̟ː s m a n s k ɔ s t
hussvala	h ʉː s s v ɑː l a
hustru	h ɵ̄ sː t r ʉ̂ː
huv	h ʉː v
huvud	h ʉː v ɵ d
hyf	h yː f
hygglig	h ʏ ɡ l ɪ ɡ
hylla	h ʏ lː a
hyperdrift	² h yː p ɛ r d r ɪ f t
hyrkanmes	h ʏ ɾ k a n m eː s
häftig	h ɛ f t ɪ ɡ
hägna	h ɛ ŋ n a
häl	h ɛː l
häll	h ɛ l
hällregn	h ɛ l r ɛ ŋ n
här	h æː r
häradshövding	h æː r a d s h œ v d ɪ ŋ
häradsrätt	h æː r a d s r ɛ t
härför	h æː r f øː r
härk	h ɛ r k
härlig	h æː ɭ ɪ ɡ
härmsångare	h ɛ r m s ɔ ŋ a r ɛ
härold	² h ɛː r ɔ l d
håg	h oː ɡ
håla	h oː l a
håna	h oː n a
hår	h oː r
hårdrockare	h oː r d r o k a r ɛ
hårt	h oː ʈ
håv	h oː v
höbal	h øː b ɑː l
hög	h øː ɡ
höga	h øː ɡ a
högkvarter	h øː ɡ k v a r t eː r
högljudd	² h øː ɡ j ɵ d
högljutt	² h øː ɡ j ɵ t
högsvenska	h øː ɡ s v e n s k ɑ
högsvenska	² h øː ɡ s v ɛ n s k a
högtid	h øː ɡ t iː d
högtid	h œ kː t iː d
hök	h øː k
hölja	h œ l j a
höna	² h øː n a
höst	h œ s t
höstas	² h œ s t a s
höstdagjämning	h œ s t d ɑː ɡ j ɛ m n ɪ ŋ
i	iː
i	ɪ
idissla	² iː d ɪ s l a
idrott	² iː d r ɔ t
igelkott	iː ɡ ɛ l k ɔ t
igenom	ɪ j eː n ɔ m
ignorera	ɪ ŋ n ʊ r eː r a
ihjäl	ɪ j ɛː l
ikea	ɪ k êː a
illamående	ɪ l a m oː ɛ n d ɛ
illusion	ɪ l ɵ ɧ uː n
imperfekt	ɪ m p ɛ r f ɛ k t
in	ɪ n
inandning	² ɪ n a n d n ɪ ŋ
inbjudan	² ɪ n b j ʉ̟ː d a n
indian	ɪ n d ɪ ɑː n
infinitiv	ɪ n f ɪ n ɪ t iː v
inga	² ɪ ŋ a
ingendera	² ɪ ŋ ɛ n d eː r a
ingenjör	ɪ n ɧ ɛ n j øː r
ingenting	ɪ ŋ ɛ n tʰ ɪ ŋ
inger	² ɪ n j eː r
inkapabel	ɪ n k a p ɑː b ɛ l
inn	ɪ n
innan	² ɪ n a n
innanför	² ɪ n a n f øː r
insexnyckel	ɪ n s ɛ k s n ʏ k ɛ l
insjukna	² ɪ n ɧ ʉː k n a
inspektion	ɪ n s p ɛ k ɧ uː n
instruktion	ɪ n s t r ɵ k ɧ uː n
inte	² ɪ n t ɛ
integral	ɪ n t ɛ ɡ r aː l
internationell	ɪ n t ɛ r n a t ɧ ʊ n ɛ l
internet	ɪ n t ɛ r n ɛ t
intervju	ɪ n t ɛ r v j ʉː
intryck	ɪ n t r ʏ kː
iriomotemes	ɪ ɾ ɪ j ɔ m ɔ t ɛ m eː s
irland	ɪ r l a n d
irra	ɪ r a
isabella	ɪ s a ² b ɛ l a
isabellatörnskata	ɪ s a b ɛ l a t øː r n s k ɑː t a
ismås	iː s m oː s
israel	ɪ s r a eː l
italien	ɪ t ɒː l ɪ ə n
ivar	iː v a r
j	j
j	j iː
j	ɧ
ja	j a
ja	j aː
ja	j ɑː
jacka	j a k a
jacke	² j a k ɛ
jag	j ɑː ɡ
jaga	j ɑː ɡ a
jak	j ɑː k
jaktfalk	j a k t f a l k
jalla	j a l l a
jalusi	ɧ a l ɵ s iː
januari	j a n ɵ ɑː r ɪ
japan	j a p ɑː n
japan	¹ j ɑː p a n
japanare	j a p ² ɑː n a r ɛ
japansk	j a p ɑː n s k
japanska	j a p ɑː n s k a
jargong	ɧ a r ɡ ɔ ŋ
jasmine	ɧ a s m iː n
jennie	¹ j ɛ n ɪ
jenny	¹ j ɛ n ʏ
jerusalem	j ɛ ² r ʉː s a l ɛ m
jesuit	j ɛ s ʉ iː t
jesus	j eː s ɵ s
jesus	² j eː s ɵ s
jiddra	² j ɪ d r a
jo	j uː
jocke	² j ʊ k ɛ
jod	j ɔ d
johan	j ʊ a n
johanna	j ʊ ² h a n a
joint	d ʒ ɔ ɪ n t
joint	j ɔ ɪ n t
jojk	j ɔ j k
jojka	² j ɔ j k a
jojo	j ʊ j ʊ
jokk	j ɔ k
jolle	j ɔ lː e
jonas	j uː n a s
jonsson	j ʊ n s ɔ n
jonte	² j ɔ n t ɛ
joppe	j ɔ pː e
jord	j uː ɖ
jorden	j uː r d ɛ n
jordgubbe	j uː ɖ ɡ ɵ b ɛ
jorduggla	j ʊ r d ɵ ɡ l a
jordvarg	j uː ɖ v a r j
jota	² j uː t a
journal	ɧ ʊ ɳ ɑː l
journalist	ɧ ʊ r n a l ɪ s t
jox	j ʊ k s
ju	j ɵ
ju	j ʉː
judetyska	² j ʉː d ɛ t ʏ s k a
juice	j uː s
jul	j ʉː l
julas	² j ʉ̟ː l a s
julgranskula	² j ʉ̟ː l ɡ r ɑː n s k ʉ̟ː l a
juli	j ʉː l ɪ
julmust	² j ʉ̟ː l m ɵ s t
jungfrukälla	j ʉ ŋ f r ʉː ɕ ɛ l a
jungfrutrana	j ɵ ŋ f ɾ ɵ t ɾ ɑː n a
juni	j ʉː n ɪ
jupiter	j ʉː p ɪ t ɛ r
jury	j ɵ r ʏ
juver	j ʉ v ɛ r
jägmästare	² j ɛː ɡ m ɛ s t a r ɛ
järn	j ɛː r n
järpe	j ɛ ɾ p ɛ
järv	j æ r v
jäst	j ɛ s t
jävel	j ɛː v ɛ l
jävig	j ɛː v ɪ ɡ
jönköping	j œ n ɕ øː p ɪ ŋ
k	k
k	k oː
k	ɕ
kadmium	k a d m ɪ ɵ m
kaffe	² kʰ a fː ɛ
kaffegök	kʰ a fː e j øː k
kaffepumla	² k a f ɛ p ɵ m l a
kafé	k a f eː
kajak	k a j ɑː k
kal	k ɑː l
kalabalik	k a l a b a l iː k
kalcium	k a l s ɪ ɵ m
kalifornien	k a l ɪ f uː r n ɪ ɛ n
kalium	k ɑː l ɪ ɵ m
kalk	k a l k
kalkon	k a l k uː n
kall	k a l
kalla	k a lː a
kalle	² k a l ɛ
kalmarit	k a l m a r iː t
kam	k a m
kamera	k ɑː m ɛ r a
kan	k a nː
kanadagås	k a n a d a ɡ oː s
kanadames	k a n a d a m eː s
kanadensisk	k a n a d ɛ n s ɪ s k
kanelbulle	k a n eː l b ɵ lː ɛ
kanelsnäcka	k a n eː l s n ɛ kː a
kanske	² k a n ɧ ɛ
kaos	k a ʊ s
kaos	k ɑː ʊ s
kapmes	k ɑː p m eː s
kappa	k a pː a
kar	k ɑː r
karbin	k a r b iː n
kardinal	k a ɖˑ ɪ n ɒː l
karina	k a ² r iː n a
karl	k ɑː r
karl	k ɑː r l
karolina	k a r ʊ ² l iː n a
karolinasumphöna	k a ɾ ʊ l iː n a s ɵ m p h øː n a
karolinatita	k a ɾ ʊ l iː n a t iː t a
karta	k ɑː r t a
kasse	² k a s ɛ
kasus	k ɑː s ɵ s
katarina	k a t a ² r iː n a
katod	k a t oː d
katod	k a t uː d
katrina	k a ² t r iː n a
katt	k a tː
kebabdjur	k ɛ b a b j ʉː r
kedja	² ɕ eː d j a
kedja	² ɕ ɛː d j a
keff	k ɛ f
kejsarörn	ɕ ɛ j s a r øː r n
kemi	ɕ ɛ m iː
keramik	ɕ ɛ r a m iː k
kerstin	² ɕ æ ʂ t ɪ n
ketchup	k ɛ tː ɕ ɵ p
kex	k ɛ k s
kex	ɕ ɛ k s
kidnappa	² k iː d n a p a
kika	ɕ iː k a
kil	ɕ iː l
kille	² k ɪ l ɛ
kille	² ɕ ɪ l ɛ
kilo	k iː l ʊ
kilo	ɕ iː l ʊ
kilometer	ɕ ɪ l ʊ m eː t ɛ r
kina	² ɕ iː n a
kind	ɕ ɪ n d
kinders	ɕ ɪ n d ɛ r s
kines	ɕ ɪ n eː s
kinesa	ɕ ɪ n eː s a
kinesisk	ɕ ɪ n eː s ɪ s k
kinesiska	ɕ ɪ n eː s ɪ s k a
kiosk	k j ɔ s k
kiosk	k ɪ ɔ s k
kiosk	ɕ ɔ s k
kioskmongo	ɕ ɔ sː k m ɔ ŋ ɡ ʊ
kioskvältare	ɕ o s k v ɛ l t a r ɛ
kirra	² k ɪ r a
kirurg	ɕ ɪ r ɵ r ɡ
kis	k i s
kis	ç i s
kisel	ɕ iː s ɛ l
kiss	k ɪ s
kissa	k ɪ s a
kista	ɕ ɪ s t a
kitsch	k ɪ t ɧ
kitschig	k ɪ t ɧ ɪ ɡ
kittel	ɕ ɪ t ɛ l
kjell	ɕ ɛ l
kjellberg	ɕ ɛ l b æ r j
kjol	ɕ uː l
kladdkaka	² k l a d k ɑː k a
klandra	k l a n d r a
klar	k l ɑː r
klinga	² k l ɪ ŋ a
klingonska	k l ɪ ŋ ɔ n s k a
klintbergare	k l iː n t b ɛː r j a r eː
klippduva	k l ɪ p d ʉː v a
klippkaja	k l ɪ p k a j a
klippsvala	k l ɪ p s v ɑː l a
klittra	k l ɪ t r a
klocka	k l ɔ kː a
klonken	k l ɔ ŋ k ɛ n
klor	k l oː r
klor	k l uː r
kläde	k l ɛː d ɛ
kläder	k l ɛː d ɛ r
klädhängare	k l ɛ d h ɛ ŋ a r ɛ
klå	k l oː
klår	k l oː r
klökas	² k l øː k a s
klövdjur	k l øː v j ʉː r
knapp	k n a p
knappologi	k n a p ʊ l ʊ ɡ iː
knark	k n a r k
knarka	k n a r k a
knoparmoj	² k n uː p a r m ɔ j
knubbsäl	k n ɵ b s ɛː l
knulla	k n ɵ lː a
knut	k n ʉː t
knuten	² k n ʉː t ɛ n
knuten	¹ k n ʉː t ɛ n
knåda	² k n oː d a
knô	k n œː
knö	k n œː
knöl	k n øː l
knölsvan	k n ø l s v ɑː n
knölsvärta	k n ø l s v ɛ ʈ a
ko	k uː
kobolt	k oː b ɔ l t
kobolt	k uː b ɔ l t
koboltmes	k uː b ɔ l t m eː s
kod	k uː d
kofta	k ɔ f t a
kol	k oː l
kolla	k ɔ l a
kolymasnäppa	k ɔ l yː m a s n ɛ p a
kom	k ɔ m
komma	² k ɔ m a
kommer	k ɔ m ɛ r
kompis	¹ k ɔ m p ɪ s
komplett	k ɔ m p l ɛ t
kon	k uː n
kondition	k ɔ n d ɪ ɧ uː n
konflikt	k ɔ n f l ɪ k t
konspiration	k ɔ n s p ɪ r a ɧ uː n
konspirationsteoretiker	k ɔ n s p ɪ r a ² ɧ uː n s t ɛ ʊ r eː t ɪ k ɛ r
konspirationsteori	k ɔ n s p ɪ r a ² ɧ uː n s t ɛ ʊ r iː
konst	k ɔ nː s t
konstbefrukta	² k ɔ n s t b ɛ f r ɵ k t a
konstbevattna	² k ɔ n s t b ɛ v a t n a
konstbevattning	² k ɔ n s t b ɛ v a t n ɪ ŋ
konstfiber	² k ɔ n s t f iː b ɛ r
konstgjord	² k ɔ n s t j uː r d
konstgjord	² k ɔ n s t j ʊ r d
konstläder	² k ɔ n s t l ɛː d ɛ r
konstruktion	k ɔ n s t r ɵ k ɧ uː n
konsumtion	k ɔ n s ɵ m ɧ uː n
kontra	k ɔ n t r a
kontrast	k ʊ n t r a s t
konung	k oː n ɵ ŋ
konungarike	k oː n ɵ ŋ a r iː k ɛ
kopia	k ʊ ² p iː a
koppar	k ɔ p a r
kopparand	k ɔ p a ɾ a n d
koppling	k ɔ p l ɪ ŋ
kopplingskåpa	² k ɔ p l ɪ ŋ s k oː p a
kor	k uː r
korea	k ʊ ² r eː a
korean	k ʊ r eː aː n
korg	k ɔ r j
kornknarr	k uː ɳ k n a ɾ
korp	k ɔ r p
korshänvisning	² k ɔ r s h ɛː n v iː s n ɪ ŋ
kort	k ɔ r t
kort	k ʊ r t
korttålärka	k ɔ r t oː l ɛ r k a
kost	k ɔ s t
kostpris	k ɔ s t p r iː s
koxik	k ʊ k s ɪ k
koyot	k ʊ j oː t
krabba	k r a bː a
krabbis	k r ɑ bː i s
kraftfull	k r a f t f ɵ l
kragtrapp	k ɾ ɑː ɡ t ɾ a p
kran	k r ɑː n
krans	k r a n s
krans	k r ɑː n s
krav	k ɾ ɑː v
kretensisk	k r ɛ t ɛ n s ɪ s k
kretsschema	k r ɛ t s ɧ eː m a
krig	k r iː ɡ
kristianstad	k r ɪ ɧ a n s t a
kristina	k r ɪ ² s t iː n a
krita	² k r iː t a
krog	k r uː ɡ
krokan	k r oː k ɑː n
krokan	k r ɔ k ɑː n
krokan	k r ʊ k ɑː n
krom	k r oː m
krona	k r uː n a
kronor	k r uː n ʊ r
kropp	k r ɔ pː
kruka	k r ʉː k a
krusbär	k r ʉ̟ː s b ɛː r
krusbär	² k r ʉ̟ː s b ɛː r
kröka	k r øː k a
kuba	k ʉː b a
kudde	k ɵ d d ɛ
kuf	k ʉː f
kuk	k ʉː k
kuksugare	² k ʉː k s ʉː ɡ a r ɛ
kul	k ʉː l
kuling	k ʉː l ɪ ŋ
kull	k ɵ l
kulör	k ɵ l øː r
kunde	k ɵ n d ə
kung	k ɵ ŋ
kungsfiskare	k ɵ ŋ s f ɪ s k a r ɛ
kungsfågel	k ɵ ŋ s f oː ɡ ɛ l
kungsfågelsångare	k ɵ ŋ s f oː ɡ ɛ l s ɔ ŋ a r ɛ
kunna	k ɵ nː a
kur	k ʉː r
kurr	k ɵ r
kurs	k ʉː r s
kuse	² k ʉː s ɛ
kusin	k ɵ s iː n
kustlabb	k ɵ s t l a b
kustpipare	k ɵ s t p iː p a ɾ ɛ
kustsnäppa	k ɵ s t s n ɛ p a
kuta	k ʉː t a
kuttrasju	k ɵ t r a ɧ ʉː
kuvert	k ɵ v ɛː r
kvalitet	k v a l ɪ t eː
kvar	k v ɑː r
kvarter	k v a r t eː r
kvasar	k v a s ɑː r
kvicksilver	k v ɪ k s ɪ l v ɛ r
kvinna	k v ɪ nː a
kvinnan	k v ɪ nː a n
kvinnor	k v ɪ nː ʊ r
kvist	k v ɪ s t
kvitta	k v ɪ tː a
kvälja	k v ɛ l j a
kväll	k v ɛ lː
kvänska	² k v ɛː n s k a
kväve	k v ɛː v ɛ
kyckling	ɕ ʏ k l ɪ ŋ
kyrka	² ɕ ø r k a
kyrka	² ɕ ʏ r k a
kysk	ɕ ʏ s k
kyskhet	ɕ ʏ s k h eː t
kyss	ɕ ʏ s
kyssa	ɕ ʏ s a
käck	ɕ ɛ kː
käftis	ɕ ɛ f t ɪ sː
käk	ɕ ɛː k
käka	ɕ ɛ k a
käke	² ɕ ɛː k ɛ
källa	ɕ ɛ l a
källare	ɕ ɛ l a r ɛ
källing	² ɕ ɛ l ɪ ŋ
känd	ɕ ɛ n d
känga	ɕ ɛ ŋ a
känna	ɕ ɛ n n a
kännspak	t ɕ ɛ n s p ɑː k
kännspak	² ɕ ɛ n s p ɑː k
känsla	ɕ ɛ n s l a
känt	ɕ ɛ n t
käpp	ɕ ɛ p
kär	ɕ ɛː r
kära	ɕ ɛː r a
kärl	ɕ ɛː r l
kärlek	ɕ ɛː r l eː k
kärrhök	ɕ ɛ r h øː k
kärrsnäppa	ɕ ɛ r s n ɛ p a
kärrsångare	ɕ ɛ r s ɔ ŋ a r ɛ
kärrtärna	ɕ ɛ r t ɜ r n a
kål	k oː l
kålrabbi	² k oː l r a b ɪ
kår	k oː r
kåt	k oː t
kö	k øː
köa	² k øː a
kök	ɕ øː k
kökkenmödding	² k œ k ɛ n m œ d ɪ ŋ
köl	ɕ øː l
kölna	² ɕ øː l n a
kön	k øː n
kön	ɕ øː n
köp	ɕ øː p
köpa	ɕ øː p a
köpenhamn	ɕ øː p ɛ n h a m n
kör	k œː r
kör	ɕ œː r
köra	k œ̞ː r a
köra	ɕ œ̞ː r a
körandas	² k øː r a n d a s
körandning	² k øː r a n d n ɪ ŋ
kött	ɕ œ tː
köttbulle	ɕ ø t b ɵ l ɛ
köttslig	ɕ œ t s l ɪ ɡː
la	l a
la	l ɑː
laboratorium	l a b ʊ r a t uː r ɪ ɵ m
lade	l ɑː d ɛ
ladugård	l a ɡ ɔ r d
ladugård	l ɑː ɡ ɔ r d
ladugård	² l ɑː d ɵ ɡ oː r d
lager	l ɑː ɡ ɛ r
lagom	l ɑː ɡ ɔ m
lagt	l a k t
lagts	l a k t s
lagård	¹ l a ɡ ɔ ɖ
lagård	¹ l ɑː ɡ ɔ ɖ
laja	² l a j a
lajbans	l a j b a n s
lakan	ˇl ɑː k a n
lakrits	¹ l a k r ɪ s
lakrits	¹ l ɑː k r ɪ s
lamm	l a mː
lammgam	l a m ɡ ɑː m
lammkött	l a mː ɕ œ tː
landkrabba	l a n d k r a bː a
landskapsdjur	² l a n d s k ɑː p s j ʉː r
landskronit	l a n d s k r ʊ n iː t
lantbrevbärare	² l a n t b r eː v b ɛː r a r ɛ
lanterna	l a n t æː ɳ a
lappmes	l a p m eː s
lappuggla	l a p ɵ ɡ l a
larv	l a r v
lasagne	l a s a n j
lastförskjutningsnät	² l a s t f øː r ɧ ʉ̟ː t n ɪ ŋ s n ɛː t
lattja	² l a t ɕ a
lattjo	l a t ɕ ʊ
lavoar	l a v w a ʁ
lavskrika	² l ɑː v s k r iː k a
layout	l ɛ j a ʊ t
le	l eː
leddjur	l eː d j ʉː r
ledig	l eː d ɪ ɡ
ledsen	l ɛ sː ə n
ledsna	² l ɛ s n a
leende	l eː ɛ n d ɛ
legend	l e ɡ e n d
legitim	l ɛ ɡ ɪ t iː m
lego	l eː ɡ u
leidenflaska	l ɛ j d ɛ n f l a s k a
leif	l ɛ j f
lemur	l ɛ m ʉː r
lesbisk	l ɛ s b ɪ s k
less	l ɛ sː
lettiska	l ɛ t ɪ s k a
lev	l eː v
leva	² l eː v a
leverpastej	l eː v ɛ r p a s t ɛ j
lian	l i aː n
lie	l iː ɛ
lik	l iː k
lillejulafton	l ɪ l ɛ j ʉ̟ː l a f t ɔ n
lin	l iː n
lina	² l iː n a
lindgren	l ɪ n d ɡ r eː n
lindgren	l ɪ ŋ ɡ r eː n
lingon	² l ɪ ŋ ɔ n
lingonsylt	² l ɪ ŋ ɔ n s ʏ l t
linnea	l ɪ ² n eː a
linnéa	l ɪ ² n eː a
lisa	² l iː s a
lisas	² l iː s a s
lita	l iː t a
litauiska	l ɪ t a͜ʊ ɪ s k a
liten	² l iː t ɛ n
litium	l iː t s ɪ ɵ m
liv	l iː v
livskvalitet	l iː v s k v a l i t eː t
ljud	j ʉː d
ljuga	² j ʉː ɡ a
ljungby	² j ɵ ŋ b ʏ
ljungpipare	j ɵ ŋ p iː p a ɾ ɛ
ljus	j ʉː s
ljushyllt	j ʉ sː h ʏ l t
lo	l uː
lob	e l uː b eː
lob	l uː b
lob	l ɔ b
loge	l oː ɧ
loge	² l uː ɡ ɛ
lom	l ʊ m
london	l ɔ n d ɔ n
lopp	l ɔ pː
lounge	² l uː ɵ ŋ ɛ
lounge	¹ l a ʊ n d ʂ
lounges	l uː ɵ ŋ ɛ s
lov	l oː v
lov	l uː v
lucia	l ɵ s iː a
luden	l ʉː d ɛ n
lugn	l ɵ ŋ n
lunch	l ɵ n ɧ
lunchdisco	² l ɵ ɧ d ɪ s k ʊ
lunchrast	² l ɵ n ɧ r a s t
lund	l ɵ n d
lundensisk	l ɵ n d ɛ n s ɪ s k
lundgren	² l ɵ n d ɡ r eː n
lundgren	¹ l ɵ n d ɡ r eː n
lundsångare	l ɵ n d s ɔ ŋ a r ɛ
lussekatt	l ɵ s ɛ k a t
lycka	l ʏ kː a
lycklig	l ʏ kː l ɪ ɡ
lydnad	l yː d n a d
lymfocyt	l ʏ m f ʊ s yː t
lyxhotell	l ʏ kː s h ʊ t ɛ lː
läcka	l ɛ k a
läder	l eː d ə r
läder	l ɛː d ɛ r
läger	l ɛː ɡ ɛ r
lägga	l ɛ ɡ a
län	l ɛː n
länge	l ɛ ŋ ɛ
längs	l ɛ ŋ s
lär	l ɛː r
lära	l æː r a
läs	l ɛː s
läsa	l ɛː s a
läser	l ɛ s ɛ r
läsesal	² l ɛː s ɛ s ɑː l
läsk	l ɛ s k
läska	l ɛ s k a
läsuttal	² l ɛː s ʉ t t ɑː l
lätt	l ɛ t
lätting	² l ɛ t ɪ ŋ
låg	l oː ɡ
långsam	² l ɔ ŋ s a m
långt	l ɔ ŋ t
långtåsnäppa	l ɔ ŋ t oː s n ɛ p a
långvarig	l ɔ ŋ v ɑː r ɪ ɡ
låt	l oː t
låta	l oː t a
lögn	l œ ŋ n
löneslav	l øː n ɛ s l ɑː v
lönndom	² l œ n d ʊ m
löpa	l øː p a
lördag	l øː r d ɑː ɡ
lösen	l øː s ɛ n
lövverk	l øː v v ɛ r k
mack	m a k
macka	² m a k a
mage	² m ɑː ɡ ɛ
magnesium	m a ŋ n eː s ɪ ɵ m
magnoliaskogssångare	m a ɡ n uː l ɪ j a s ɡ ʊ ɡ s ɔ ŋ a ɾ ɛ
magnus	¹ m a ŋ n ɵ s
maj	m a j
majoritet	m a j o r ɪ t eː t
maka	m ɑː k a
make	m ɑː k ɛ
mal	m ɑː l
mall	m a l
mallis	¹ m a l ɪ s
malmö	m a l m øː
malmöit	m a l m ø iː t
malte	² m a l t ɛ
malört	² m ɑː l œ r t
mambo	m a m b ʊ
mambo	² m a m b uː
mamsell	m a m z ɛ l
man	m ɑː n
manen	m ɑː n ə n
manet	m a n eː t
manga	m a ŋ ɡ a
mangan	m a ŋ ɡ ɑː n
mango	m a ŋ ɡ ʊ
manick	m a n ɪ k
mannen	m a nː ɛ n
manöver	m a n øː v ɛ r
margareta	m a r ɡ a ² r eː t a
margarin	m a r ɡ a r iː n
maria	m a ² r iː a
marika	m a ² r iː k a
mark	m a r k
mark	m a r k ɛ r
marknaden	m a rː k n a dː ɛ nː
marknaden	m a rː k n a nː
mars	m a r s
mars	m a ʂ
marsch	m a r ɧ
maskin	m a ɧ iː n
maskros	m a s k r uː s
masktörnskata	m a s k t øː r n s k ɑː t a
massa	m a sː a
massage	m a s ɑː ɧ
mat	m ɑː t
matcha	² m a t ɕ a
matematik	m a t ɛ m a t iː k
matsäck	² m a s ɛ k
matsäck	² m ɑː t s ɛ k
matt	m a t
mattant	² m ɑː t t a n t
mattias	m a t iː a s
meckig	m e kː ɪ ɡ
med	m eː d
med	m ɛː d
medarbetare	m eː d a r b eː t a r ɛ
meddela	m eː d d e l a
meddelande	m eː d e l a n d ə
medelhavstrut	m eː d ɛ l h a v s t r ʉː t
medhjälpare	m eː d j ɛ l p a r e
medicin	m ɛ d ɪ s iː n
megafon	m ɛ ɡ a f oː n
mejsel	m ɛ j s ɛ l
mem	m eː m
men	m eː n
men	m ɛ n
meningslös	m eː n ɪ ŋ s l øː s
meningslösa	m eː n ɪ ŋ s l øː s a
mens	m eː n s
mens	m ɛ nː s
mentalesiska	m ɛ n t a l eː s ɪ s k a
meny	m ɛ n yː
mer	m eː r
merkurius	m ɛ r k ʉː r ɪ ɵ s
messmör	² m eː s s m øː r
messmör	² m ɛ s s m øː r
meter	m eː t ɛ r
metonym	m ɛ t ɔ n yː m
metonym	m ɛ t ʊ n yː m
meänkieli	m eː ɛ n k ɪ ɛ l ɪ
middag	m ɪ d a
middag	m ɪ d ɑː ɡ
midsommar	² m iː d s ɔ m a r
midsommar	² m ɪ d s ɔ m a r
midsommar	² m ɪ s ɔ m a r
mig	m a j
mig	m ɛ j
mikael	m iː k aː e l
miklagård	m iː k l a ɡ oː r d
mil	m iː l
mildra	m ɪ l d r a
miljard	m ɪ l j ɑː ɖ
miljon	m ɪ l j uː n
miljö	m ɪ l j øː
millimeter	m ɪ l ɪ m eː t ɛ r
min	m iː n
mina	m iː n a
mineral	m i n ɛ r aː l
ministerstyre	m ɪ n ɪ s t ɛ r s t yː r ɛ
minnesgod	² m ɪ n ɛ s ɡ uː d
miombomes	m ɪ j ɔ m b ɔ m eː s
missbrukare	² m ɪ s b r ʉ̟ː k a r ɛ
mission	m ɪ ɧ uː n
mitt	m ɪ tː
mittemot	m ɪ tˑ e m uː t
mjölk	m j œ l k
mod	m uː d
modevisning	m uː d ɛ v iː s n ɪ ŋ
mojäng	m ʊ j ɛ ŋ
moll	m ɔ l
moln	m oː l n
moln	m ɔ l n
molybden	m ɔ l ʏ b d eː n
monaco	m ɔ n a k ʊ
mongo	m ɔ ŋ ɡ ʊ
mongolpipare	m ɔ ŋ ɡ ʊ l p iː p a ɾ ɛ
monoteist	m ɔ n ʊ t ɛ ɪ s t
monument	m oː n ɵ m ɛ n t
mor	m uː r
morbror	m ʊ r b r ʊ r
mord	m uː r d
mord	m uː ɖ
morgnar	² m oː r n a r
morgnarna	² m oː ɳ a ɳ a
morgon	² m ɔ r ɡ ɔ n
morkulla	m uː r k ɵ l a
mors	m ɔ r s
morsa	² m ɔ r s a
morsa	² m ʊ r s a
morse	² m ɔ r s e
morsning	m ɔ r s n ɪ ŋ
moscha	m ɔ ɕ a
moscha	m ɔ ɕː a
moskva	m ʊ s k v ɑː
mosnäppa	m uː s n ɛ p a
moster	m ʊ s t ɛ r
mot	m uː t
motgift	m uː t j i f t
motion	m ɔ t ɧ uː n
motion	m ʊ t ɧ uː n
motorcykelhjälm	m uː t ɔ r s ʏ k ɛ l j ɛ l m
motsade	² m uː t s ɑː d ɛ
muck	m ɵ k
mujka	m ʉ j k ɑ
mula	² m ʉː l a
mull	m ɵ l
mumie	m ʉː m ɪ ɛ
mumrik	m ɵ m r ɪ k
mun	m ɵ n
mundiarré	² m ɵ n d ɪ a r eː
mur	m ʉː r
murpelare	² m ʉ̟ː r p eː l a r e
mus	m ʉː s
museer	m ɵ s eː ɛ r
museum	m ɵ s eː ɵ m
musik	m ʉ s iː k
muskedunder	m ɵ s k ɛ d ɵ n d ɛ r
muslim	m ɵ s l iː m
musseron	m ɵ s ɛ r ɔ n
must	m ɵ s t
mycket	m ʏ k ɛ t
mygga	² m ʏ ɡ a
myla	² m yː l a
mynning	m ʏ nː ɪ ŋ
mynt	m ʏ n t
myrsnäppa	m y rː s n ɛ p a
myrspov	m yː r s p uː v
mysa	m yː s a
mysig	m yː s ɪ ɡ
mystisk	m ʏ s t ɪ s k
myt	m yː t
mäkla	² m ɛ kː l a
mäkla	² m ɛː k l a
mäktig	² m ɛ k t ɪ ɡ
män	m ɛ n
människa	m ɛ nː ɪ ɧ a
mänsklig	² m ɛ n s k l ɪ ɡ
märklig	² m æ r k l ɪ ɡ
mästare	m ɛ s t a r ɛ
mäster	m ɛ s t ɛ r
mästerskap	² m ɛ s t e r s k ɑː p
mäta	m ɛː t a
mål	m oː l
måla	m oː l a
månad	m oː n a d
måndag	m ɔ n d a
måndag	m ɔ n d ɑː ɡ
måne	m oː n ɛ
mångata	m oː ŋ ɡ ɑː t a
månsing	² m ɔ n s ɪ ŋ
mårka	² m ɔ r k a
mårtensgås	m ɔ r t ɛ n ɡ oː s
måttbestämd	² m ɔ t b ɛ s t ɛ m d
mög	m øː ɡ
mögel	m øː ɡ ɛ l
mögel	m œ ɡː ɛ l
möjlig	m ø j l i ɡ
mölla	² m œ l a
möp	m øː p
mörk	m øː r k
mötesplats	² m øː t ɛ s p l a t s
nacka	² n a k a
nackskinn	n a k ɧ ɪ n
nafs	n a f s
nagel	n ɑː ɡ ɛ l
namn	n a m n
nasa	² n ɑː s a
nasare	² n ɑː s a r ɛ
nation	n a t ɧ uː n
nationalist	n a t ɧ ʊ n a l ɪ s t
nationell	n a t ɧ ʊ n ɛ l
nato	n ɑː t ʊ
natrium	n ɑː t r ɪ ɵ m
natt	n a tː
natthäger	n a t h ɛ ɡ ɛ r
ned	n eː d
neder	n ɛ d ɛ r
nederländerna	² n e d ɛ r l ɛ n d ɛ ɲ a
nedladdning	² n eː d l a d n ɪ ŋ
nej	n ɛ j
nektarin	n ɛ k t a r iː n
nellie	¹ n ɛ l ɪ
nelly	¹ n ɛ l ʏ
neodym	n eː ʊ d yː m
neon	n ɛ oː n
nepalesisk	n ɛ p a l eː s ɪ s k
neptunium	n ɛ p t ʉː n ɪ ɵ m
neptunus	n ɛ p t ʉː n ɵ s
ner	n eː r
neutral	n eː ɵ t r ɑː l
neutron	n eː ɵ t r oː n
ni	n iː
nicke	² n ɪ k ɛ
niger	n iː ɡ ɛ r
nigeria	n ɪ ɡ eː r ɪ a
nigger	n ɪ ɡː e r
nilgås	n iː l ɡ oː s
nim	n ɪ m
nimma	² n ɪ m a
nio	n iː ɛ
nio	n iː ʊ
nionde	n iː ɔ n d ɛ
nittio	² n ɪ t ɪ
nittio	² n ɪ t ɪ ʊ
nitton	n ɪ t ɔ n
nja	n j a
nja	n j ɑː
njalla	n j a l a
njalla	² n j a l a
njure	² n j ʉː r ɛ
njuta	² n j ʉː t a
nobba	² n ɔ b a
nobben	n ɔ b ɛ n
nobel	n ʊ b ɛ l
noll	n ɔ l
nominativ	n ʊ m ɪ n a t iː v
nord	n uː ɖ
nordbo	² n uː r d b uː
nordkorea	² n uː ɖ k ʊ r eː a
nordsångare	n uː r d s ɔ ŋ a r ɛ
norge	n ɔ r j ɛ
norr	n ɔ rː
norrmalmstorgssyndrom	n ɔ r m a l m s ² t ɔ r j s s ʏ n d r oː m
norska	² n ɔ ʂ k a
not	n uː t
november	n ʊ v ɛ m b ɛ r
nu	n ʉː
nummer	¹ n ɵ m ɛ r
nunatak	n ʉ̟ː n a t a k
nusvenska	² n ʉ̟ː s v ɛ n s k a
ny	n yː
nyckel	n ʏ k ɛ l
nying	² n yː ɪ ŋ
nypon	n yː p ɔ n
nyps	n yː p s
nyps	n ʏ p s
nyss	n ʏ s
nyttig	² n ʏ t ɪ ɡ
nytänkande	² n yː t ɛ ŋ k a n d e
nä	n ɛː
näbbdjur	n ɛ b j ʉː r
nämen	n ɛ m ɛ n
nännas	² n ɛ n a s
näsa	n ɛː s a
nästkusin	n ɛ s t k ɵ s iː n
nästkusin	² n ɛ s t k ɵ s iː n
nätter	n ɛ tː ə r
någon	n oː ɡ ɔ n
någon	n ɔ n
något	n oː ɡ ɔ t
något	n ɔ t
några	n oː ɡ r a
nålginst	n oː l ɡ ɪ n s t
nåt	n oː t
nåt	n ɔ t
nått	n ɔ t
nödrim	n øː d r ɪ m
nödvändig	n øː d v ɛ n d ɪ ɡ
nödvändighet	n øː d v ɛ n d ɪ ɡ h eː t
nörd	n øː r d
nördig	n øː r d ɪ ɡ
nöt	n øː t
nötkråka	n øː t k r oː k a
nött	n œ t
o	oː
o	uː
o	ɔ
o	ʊ
obelisk	o b ɛ l ɪ s k
objekt	ɔ b j ɛ k t
objektiv	ɔ b j ɛ k t iː v
obskyr	ɔ b s k yː r
och	ɔ
och	ɔ kː
ock	ɔ k
offert	ɔ f æ ʈ
offert	ʊ f æ ʈ
officiell	ɔ f i s j ɛ lː
offside	ɔ f s a j d
ogge	² ɔ ɡ ɛ
ogilla	² uː j ɪ l a
ohemul	uː h e mː ʉ l
ohygglig	ʊ h ʏ ɡ l ɪ ɡ
okapabel	² uː k a p ɑː b ɛ l
okej	ɔ k ɛ j
okej	ʊ k ɛ j
oktober	ʊ k t uː b ɛ r
oktober	ʊ k t ʊ b ɛ r
okynnesäta	² uː ɕ ʏ n ɛ s ɛː t a
olaglig	uː l ɑː ɡ l ɪ ɡ
olle	² ʊ l ɛ
ollon	ɔ l ɔ n
olof	uː l ɔ f
olof	uː l ɔ v
olof	² uː l ɔ f
olof	² uː l ɔ v
olycka	uː l ʏ kː a
olycklig	² uː l ʏ k l ɪ ɡ
om	ɔ m
ombudsman	ɔ m b ʉː d s m a n
omfång	ɔ m f ɔ ŋ
omljud	² ɔ m j ʉ̟ː d
omständig	² ɔ m s t ɛ n d ɪ ɡ
omständlig	² ɔ m s t ɛ n d l ɪ ɡ
omöjlig	² uː m ø j l ɪ ɡ
onsdag	ʊ n s d a
onsdag	ʊ n s d ɑː ɡ
orange	ʊ r a n ɕ
orange	ʊ r a ŋ ɧ
ord	uː r d
ordbok	uː r d b uː k
orden	uː r d ɛ n
orden	ɔ r d ɛ n
ordentlig	ʊ ɖ ɛ n t l ɪ ɡ
ordentlig	ʊ ɖ ɛ ŋ k l ɪ ɡ
order	ɔ r d ɛ r
ordning	ɔ r d n ɪ ŋ
orientering	ɔ r j ɛ n ¹ t eː r ɪ ŋ
orientseglare	ɔ ɾ ɪ j ɛ n t s eː ɡ l a ɾ ɛ
orienttalgoxe	o r i j ɛ n t a l j o k s ɜ
orientvadarsvala	ɔ r j ɛ n t v ɑː d a r s v ɑː l a
orka	ɔ r k a
orkan	ʊ r k ɑː n
orm	ʊ r m
orma	ʊ r m a
ormörn	ʊ r m øː r n
ort	ʊ ʈː
osa	² uː s a
oscar	¹ ɔ s k a r
oskar	¹ ɔ s k a r
oslo	ʊ s l ʊ
oss	ɔ s
osäker	uː s ɛː k ɛ r
otagbar	² uː t ɑː ɡ b ɑː r
otålig	² uː t oː l ɪ ɡ
ovan	oː v a n
ovan	uː v ɑː n
ove	² uː v ɛ
overall	ɔ v ɛ r a l
overall	ɔ v ɛ r oː l
overall	ʊ v ɛ r a l
overall	ʊ v ɛ r oː l
oxid	ɔ k s iː d
oändlig	ʊ ɛ n d l ɪ ɡ
page	p ɑː ɧ
paj	p a j
paket	p a k eː t
palats	p a l a tː s
palladium	p a l ɑː d ɪ ɵ m
palmduva	p a l m d ʉː v a
paludarium	p ɑː l ɵ d ɑː r ɪ ɵ m
panda	p a n d a
panpsykism	² p a n p s yː k ɪ s m
panteon	p a n t e ʊ n
pantoffel	p a n t ɔ f ɛ l
papegojalka	p a p ɛ ɡ ɔ j a l k a
papper	² p a p ɛ r
paraply	p a r a p l yʷ
parentes	p a r a n t eː s
parentes	p a r a ŋ t eː s
parentes	p a r ɛ n t eː s
paris	p a r iː s
part	p ɑː ʈ
partiell	p a r ɕ ɛ l
passage	p a s ɑː ɧ
passage	p a s ɑː ʂ
passagerare	p a s a ² ɧ eː r a r ɛ
pastej	p a s t ɛ j
patent	p a t ɛ n t
paul	p oː l
paulina	p a͜ʊ ² l iː n a
paus	p a ʊ̯ s
pava	² p ɑː v a
pax	p a k s
ped	p eː d
peda	p eː d
pekoral	p e k ʊ r ɑː l
peng	p ɛ ŋ
pension	p a n ɧ uː n
penultima	p e n ɵ l t ɪ m a
pep	p eː p
peppar	p ɛ pː a r
period	p ɛ rː j uː d
persilja	p ɛ r s ɪ l j a
person	p ɛ ʂ uː n
personlig	p ɛ ʂ oː n l ɪ ɡ
personligen	p ɛ r s uː n l ɪ ɡ ɛ n
picka	² p ɪ k a
pigg	p i ɡː
pille	p ɪ l ɛ
pin	p iː n
pin	p ɪ n
pinje	p ɪ n j ɛ
pipare	p iː p a ɾ ɛ
piparsnäppa	p iː p a r s n ɛ p a
piper	p iː p ɛ r
pirog	p ɪ r oː ɡ
pizza	² p ɪ t s a
pjäs	p j ɛː s
pladdra	² p l a dː r a
planta	p l a n t a
platina	p l ɑː t ɪ n a
platt	p l a tː
plocka	² p l ɔ k a
plundring	p l ɵ n d r ɪ ŋ
pluskvamperfekt	p l ɵ s k v a m p ɛ r f ɛ k t
podd	p ɔ d
pojk	p ɔ j k
pojkar	p ɔ j k a r
pojke	² p ɔ j k ɛ
pokal	p ʊ k ɑː l
polarvarg	p ʊ ² l ɑː r v a r j
politik	p ʊ l ɪ t iː k
politiker	p ʊ l iː t ɪ k ɛ r
politiker	p ʊ l ɪ t iː k ɛ r
polska	² p oː l s k a
polska	² p ɔ l s k a
ponke	² p ɔ ŋ k ɛ
pool	p uː l
post	p ɔ s t
postavi	p ɔ s t ɑː v iː
potatiskorv	p ʊ ² t ɑː t ɪ s k ɔ r v
praktejder	p ɾ a k t ɛ j d ɛ ɾ
praktmes	p ɾ a k t m eː s
prat	p r ɑː t
prata	p r ɑː t a
precis	p r ɛ s iː s
precis	p r ɛ s ɪ s
presens	p r eː s ɛ n s
present	p r e s e n t
pressmeddelande	² p r ɛ s m eː d eː l a n d ɛ
pretentiös	p r ɛ t a n ɧ øː s
pretentiöst	p r ɛ t a n ɧ œː s t
prilla	p r ɪ lː a
princip	p r ɪ n s iː p
pris	p r iː s
privatjet	p r ɪ ² v ɑː t ‿ j ɛ t
problem	p r ʊ b l eː m
procent	p r ʊ s ɛ n t
process	p r ʊ s ɛ s
prognos	p r ɔ ɡ n oː s
prosa	p r uː s a
proton	p r ʊ t oː n
prutgås	p ɾ ʉː t ɡ oː s
prutt	p r ɵ tː
prutta	p r ɵ tː a
prärielöpare	p r ɛː r ɪ j ɛ l øː p a r e
prärietrana	p ɾ ɛː ɾ ɪ j ɛ t ɾ ɑː n a
prärievarg	² p r ɛː r ɪ ɛ v a r j
pröva	p r øː v a
prövning	² p r ø v n ɪ ŋ
puka	² p ʉ̟ː k a
pulka	p ɵ l k a
pumla	² p ɵ m l a
pungmes	p ɵ ŋ m eː s
punkt	p ɵ ŋ k t
punktlig	p ɵ ŋ k t l ɪ ɡ
punktlig	p ɵ ŋ t l ɪ ɡ
purpurhäger	p ɵ r p ɵ r h ɛ ɡ ɛ r
pusha	² p ɵ ɧ a
pusha	² p ʊ ɧ a
puss	p ɵ s
pussa	p ɵ s a
pys	p yː s
pyttipanna	p ʏ t ɪ ² p a n a
pära	² p æː r a
päron	p æː r ɔ n
på	p oː
påg	p oː ɡ
pålägg	² p oː l ɛ ɡ
påskas	² p ɔ s k a s
påskkärring	² p ɔ s k ɕ ɛ r ɪ ŋ
påskmust	² p ɔ s k m ɵ s t
påtår	p oː t oː r
pöl	p øː l
rabatt	r a b a t
rabba	² r a b a
rabbemos	² r a b ɛ m uː s
rabbis	r a b ɪ s
radon	r a d oː n
ragge	² r a ɡ ɛ
ragnarök	r a ŋ n a r øː k
rajd	r a j d
rallhäger	r a l h ɛ ɡ ɛ r
ram	r ɑː m
rand	r a n d
ras	r ɑː s
rationell	r a t ɧ ʊ n ɛ l
rauk	r a͜ʊ k
realisationsvinstbeskattning	r eː a l ɪ s a ² ɧ uː n s v ɪ n s t b ɛ s k a t n ɪ ŋ
recept	r ɛ s ɛ p t
red	r eː d
reform	r e f ɔ r m
regera	r ɛ j eː r a
regering	r ɛ j eː r ɪ ŋ
regi	r ɛ ɧ iː
regim	r ɛ ɧ iː m
regissör	r ɛ ɧ ɪ s øː r
register	r ɛ j ɪ s t ɛ r
registrera	r ɛ j ɪ s t r eː r a
registrera	r ɛ ɡ ɪ s t r eː r a
regn	r ɛ ŋ n
regna	r e ŋ n a
rejäl	r ɛ j ɛː l
reklam	r ɛ k l ɑː m
reklamera	r ɛ k l a m eː r a
rekommendera	r ɛ k ʊ m ɛ n d eː r a
relation	r ɛ l a ɧ uː n
relativitet	r ɛ l a t ɪ v ɪ t eː t
relativitetsteori	r ɛ l a t ɪ v ɪ ² t eː t s t ɛ ʊ r iː
religion	r ɛ l ɪ j uː n
religiös	r ɛ l ɪ ɧ øː s
renommé	r ɛ n ɔ m eː
renommésnyltning	r ɛ n ɔ m eː s n ʏ l t n ɪ ŋ
rent	r eː n t
rep	r eː p
replokal	² r eː p l ʊ k ɑː l
reson	r ɛ s uː n
restaurang	r ɛ s t a ʊ̯ r a ŋ
restaurang	r ɛ s t ɵ r a ŋ
resultat	r ɛ s ɵ l t ɑː t
rev	r eː v
revolution	r ɛ v ʊ l ɵ ɧ uː n
reykjavik	² r ɛ j k j a v iː k
ribbstol	² r ɪ b s t uː l
rik	r iː k
rike	r iː k ɛ
rikssvenska	² r ɪ k s s v ɛ n s k a
riktig	² r ɪ kː t ɪ ɡ
ringand	ɾ ɪ ŋ a n d
ringduva	ɾ ɪ ŋ d ʉː v a
ris	r iː s
robert	¹ r oː b æ ʈ
robert	¹ r oː b ɛ ʈ
rock	¹ r ɔ k
roffe	² r ɔ f ɛ
rom	r oː m
rom	r ɔ m
rom	r ʊ m
romare	² r ʊ m a r ɛ
ros	r uː s
rosa	r oː s a
rosa	r uː s a
rosenstare	r uː s ɛ n s t ɑː r ɛ
rosentärna	r uː s ɛ n t ɜ r n a
rosett	r ʊ s ɛ t
roskarl	r uː s k ɑː r l
rostand	ɾ ɔ s t a n d
rostgumpsvala	r ɔ s t ɡ ɵ m p s v ɑː l a
rostmes	r ɔ s t m eː s
rot	r uː t
rotmos	² r uː t m uː s
rotting	² r ɔ t ɪ ŋ
rov	r uː v
rova	² r uː v a
ruckel	r ɵ k ɛ l
rulle	r ɵ l ɛ
rum	ɹ u m
rumänska	r ɵ m ɛ n s k a
russin	² r ɵ s ɪ n
rwanda	² r v a n d a
ryska	² r ʏ s k a
ryttare	r ʏ t a r e
räd	r ɛː d
rälig	r ɛː l ɪ ɡ
ränna	r ɛ n a
räv	r ɛː v
rävunge	r ɛː v ɵ ŋ ɛ
rådjur	r oː j ʉː r
råtta	r ɔ t a
röd	r øː
röd	r øː d
rödbena	r øː d b eː n a
rödfalk	r øː d f a l k
rödlök	r øː d l øː k
rödspov	r øː d s p uː v
rödvarg	² r øː d v a r j
rök	r øː k
rökfritt	² r øː k f r ɪ t
rökning	² r øː k n ɪ ŋ
rölleka	r œ l ɛ k a
rörhöna	ɾ øː ɾ h øː n a
rörlig	² r œ ɭ ɪ ɡ
rörsångare	r øː r s ɔ ŋ a r ɛ
röst	r œ s t
rövslickare	² r øː v s l ɪ k a r ɛ
sa	s ɑː
sabla	s ɑː b l a
sabotage	s a b ʊ t ɑː ɧ
sade	s ɑː d ɛ
saft	s a f t
sagt	s a k t
sak	s ɑː k
sakna	s ɑː k n a
saldo	s a l d ʊ
salt	s a l t
sam	s a m
sambo	s a m b ʊ
sambo	² s a m b uː
samling	² s a m l ɪ ŋ
samt	s a m t
samtal	s a m t ɑː l
sandig	² s a n d ɪ ɡ
sandlöpare	s a n d l øː p a r e
sandsnäppa	s a n dː s n ɛ p a
sandtärna	s a n d t ɜ r n a
sandvita	s a n d v iː t a
sareptasenap	s a r ɛ p t a s eː n a p
satan	s ɑː t a n
saturnus	s a t ɵ r n ɵ s
schack	ɧ a k
schampo	ɧ a m p ʊ
schasa	² ɧ ɑː s a
schejk	ɧ ɛ j k
schema	ɧ eː m a
schlager	ɧ l ɑː ɡ e r
schweiz	ɕ v ɛ ɪ t s
se	s eː
sedan	s eː d a n
sedan	s ɛ n
sedel	s eː d ɛ l
seeda	s iː d a
seg	s eː ɡ
seger	s eː ɡ ɛ r
segling	² s eː ɡ l ɪ ŋ
sejour	s ɛ ɧ uː r
selen	s ɛ l eː n
semester	s ɛ m ɛ s t ɛ r
semestrar	s ɛ m ɛ s t r a r
semla	s e m l ɑ
semla	² s e m l a
semla	² s ɛ m l a
sen	s eː n
sen	s ɛ n
senapsgul	s eː n a p s ɡ ʉː l
senapssill	² s eː n a p s s ɪ l
sent	s eː n t
september	s ɛ p t ɛ m b ɛ r
serve	s ɵ r v
set	s ɛ tː
sett	s ɛ tː
sevilla	s ɛ v iː a
sevärd	ɑː v ɧ ʏ v ɛ r d
sex	s ɛ k s
sextio	² s ɛ k s t ɪ
sextio	² s ɛ k s t ɪ ʊ
sexton	s ɛ k s t ɔ n
sexualitet	s ɛ k s ɵ a l ɪ t eː t
sexualkunskap	s ɛ k s ɵ ɑː l k ɵ n s k ɑː p
shetlandsöarna	ɧ ɛ t l a n d s øː a ɳ a
shobresvenska	² ɕ uː b r ɛ s v ɛ n s k a
shopping	¹ ɧ ɔ p ɪ ŋ
shorts	ɧ oː ʈ s
shorts	ʃ oː ʈ s
sida	s iː d a
sig	s a j
sig	s ɛ j
silkeshäger	s ɪ l k ɛ s h ɛ ɡ ɛ r
sill	s ɪ l
sillgrissla	s ɪ l ɡ r ɪ s l a
silltrut	s ɪ l t r ʉː t
silver	s ɪ l v ɛ r
silvertärna	s ɪ l v ɛ r t ɜ r n a
simma	² s ɪ m a
sin	s iː n
sinfonietta	s ɪ n f ɔ n ɪ ² ɛ t a
sinnes	² s ɪ n ɛ s
sitar	s ɪ t ɑː r
sitt	s ɪ tː
sitta	² s ɪ t a
situation	s ɪ t v a ɧ uː n
situation	s ɪ t ɵ a ɧ uː n
sjal	ɧ ɑː l
sjok	ɧ uː k
sju	ɧ ʉː
sjucker	ɧ ɵ k ɛ r
sjuda	ɧ ʉː d a
sjuk	ɧ ʉː k
sjuka	² ɧ ʉː k a
sjukdom	² ɧ ʉː k d ʊ m
sjukhus	² ɧ ʉː k h ʉː s
sjukna	² ɧ ʉː k n a
sjuksköterska	² ɧ ʉː k ɧ øː t ɛ r s k a
sjunde	ɧ ɵ n d ɛ
sjunga	ɧ ɵ ŋː a
sjunka	ɧ ɵ ŋː k a
sjuttio	² ɧ ɵ t ɪ
sjuttio	² ɧ ɵ t ɪ ʊ
sjutton	ɧ ɵ t ɔ n
själ	ɧ ɛː l
själv	ɧ ɛ l v
självklar	² ɧ ɛ l v k l ɑː r
självklarhet	² ɧ ɛ l v k l ɑː r h eː t
sjätte	ɧ ɛ t ɛ
sjö	ɧ øː
sjö	ɧ œ n
sjökalv	² ɧ øː k a l v
sjökvist	² ɧ øː k v ɪ s t
sjöman	ɧ øː m a n
sjön	ɧ œ n
sjöorre	ɧ øː ɔ ɾ ɛ
sjöquist	² ɧ øː k v ɪ s t
sjöqvist	² ɧ øː k v ɪ s t
ska	s k aː
ska	s k ɑː
skabb	s k a b
skakis	¹ s k ɑː k ɪ s
skakning	s k ɑː k n ɪ ŋ
skall	s k a l
skam	s k a m
skandium	s k a n d ɪ ɵ m
skapa	s k ɑː p a
skapelse	s k ɑː p ɛ l s ɛ
skatgök	s k ɑː t j øː k
ske	ɧ eː
sked	ɧ eː d
skedand	ɧ eː d a n d
skedstork	ɧ eː d s t ɔ r k
sken	ɧ eː n
skepp	ɧ ɛ p
skepparkrans	ɧ ɛ pː a r k r a n s
sket	ɧ eː t
skev	ɧ eː v
skicka	ɧ ɪ k a
skiffer	ɧ ɪ f ɛ r
skiffermes	ɧ ɪ f ɛ ɾ m eː s
skiffertrut	ɧ ɪ f ɛ r t r ʉː t
skildring	² ɧ ɪ l d r ɪ ŋ
skilja	ɧ ɪ l j a
skilling	ɧ ɪ l ɪ ŋ
skillnad	ɧ ɪ l n a d
skina	ɧ iː n a
skinn	ɧ ɪ nː
skit	ɧ iː t
skjorta	ɧ ʊ r t a
skjul	ɧ ʉː l
skjuta	² ɧ ʉː t a
skjutglad	ɧ ʉ̟ː t ɡ l ɑː d
sko	s k uː
skock	s k ɔ k
skogsduva	s k ʊ ɡ͡s d ʉː v a
skogssnäppa	s k ʊ ɡ s s n ɛ p a
skogsstjärna	s k ʊ k s ɧ ɛː r n a
skola	s k uː l a
skolbespisning	² s k uː l b ɛ s p iː s n ɪ ŋ
skolka	s k ɔ l k a
skolmat	² s k uː l m ɑː t
skolmatsal	² s k uː l m ɑː t s ɑː l
skorsten	² s k ɔ ʂ t eː n
skorstensseglare	s k ɔ ʂ t eː n s eː ɡ l a ɾ ɛ
skotskt	s k ɔ t s k t
skottland	s k ɔ t l a n d
skraj	s k r a j
skribent	s k r ɪ b ɛ n t
skridsko	¹ s k r ɪ s k ʊ
skrik	s k r iː k
skrikstrandpipare	s k r iː k s t r a n d p iː p a r ɛ
skrikörn	s k r iː k øː r n
skriva	s k r iː v a
skrivmaskin	² s k r iː v m a ɧ iː n
skrivning	s k r iː v n ɪ ŋ
skrota	s k r oː t a
skruv	s k r ʉː v
skrämma	² s k r ɛ m a
skräntärna	s k r ɛ n t ɜ r n a
skula	² s k ʉː l a
skull	s k ɵ lː
skulle	s k ɵ lː ə
skumvin	s k ʉ m v iː n
sky	ɧ yː
skydd	ɧ ʏ d
skyddshjälm	ɧ ʏ d s j ɛ l m
skyddsväg	ɕ y d s v eː ɡ
skyfall	² ɧ ỳː f a l
skygg	ɧ ʏ ɡ
skyhög	ɧ ỳː h øː ɡ
skylt	ɧ ʏ l t
skymma	ɧ ʏ m a
skymning	ɧ ʏ m n ɪ ŋ
skytt	ɧ ʏ t
skytte	² ɧ ʏ t ɛ
skytten	² ɧ ʏ t ɛ n
skytten	¹ ɧ ʏ t ɛ n
skägg	ɧ ɛ ɡː
skäggdopping	ɧ ɛ ɡ d ɔ p ɪ ŋ
skäggmes	ɧ ɛ ɡ m eː s
skäggtärna	ɧ ɛ ɡ t ɜ r n a
skäl	ɧ ɛː l
skälig	² ɧ ɛː l ɪ ɡ
skämskudde	² ɧ ɛ m s k ɵ d ɛ
skämt	ɧ ɛ m t
skänka	² ɧ ɛ ŋ k a
skär	ɧ æː r
skära	ɧ æː r a
skärfläcka	ɧ ɛː ɾ f l ɛ k a
skärp	ɧ ɛ rː p
skärp	ʃ æ rː p
skärsnäppa	ɧ ɛː r s n ɛ p a
skåda	s k oː d a
sköld	ɧ œ l d
sköldpadda	ɧ œ l d p a d a
skölja	ɧ œ lː j a
skön	ɧ øː n
skönhetssalong	ɧ øː n h eː t s ‿ s a l ɔ ŋ
skörbjugg	² ɧ œː r b j ɵ ɡ
sköt	ɧ øː t
sköts	ɧ øː t s
slagsmål	s l a k s m oː l
slaguggla	s l ɑː ɡ ɵ ɡ l a
slangens	s l a ŋ e n s
sleva	² s l eː v a
slitvarg	² s l iː t v a r j
slog	s l uː ɡ
slogs	s l uː k s
slogs	s l uː ɡ s
slogs	s l ʊ k s
slussa	² s l ɵ s a
slut	s l ʉː t
sluten	² s l ʉː t ɛ n
sluten	¹ s l ʉː t ɛ n
slutrea	² s l ʉː t r eː a
slutspurt	s l ʉː t s p ɵ r t
släkt	s l ɛ k t
slät	s l ɛː t
slå	s l oː
slån	s l oː n
slö	s l øː
slöjd	s l œ j d
slösa	² s l øː s a
slöseri	s l øː s ɛ r iː
smarrig	² s m a r ɪ ɡ
smaska	² s m a s k a
smaskig	² s m a s k ɪ ɡ
smet	s m eː t
smittkurva	² s m ɪ t k ɵ r v a
smoking	s m oː k ɪ ŋ
smulgubbe	² s m ʉ̟ː l ɡ ɵ b ɛ
smultron	s m ɵ l t r ɔ n
smultronställe	² s m ɵ l t r ɔ n s t ɛ l ɛ
smurf	s m ɵ r f
smutsgam	s m ɵ t s ɡ ɑː m
smyg	s m yː ɡ
små	s m oː
småborgare	² s m oː b ɔ r j a r e
småborgerlig	² s m oː b ɔ r j ɛ r l ɪ ɡ
småborgerlighet	² s m oː b ɔ r j ɛ r l ɪ ɡ h eː t
smådopping	s m oː d ɔ p ɪ ŋ
småkusin	s m oː k ʉ s iː n
småkusin	² s m oː k ɵ s iː n
smålom	s m oː l ʊ m
småskrake	s m oː k ɾ ɑː k ɛ
småskuren	² s m oː s k ʉ̟ː r ɛ n
småsnäppa	s m oː s n ɛ p a
småtrapp	s m ɔ t ɾ a p
småtärna	s m oː t ɜ r n a
smör	s m øː r
smörgås	s m œ r ɡ oː s
smörgås	s m œ r ɡ ɔ s
smörgåsbord	s m œ r ɡ ɔ s b uː r d
smörgåstårta	² s m œ r ɡ ɔ s t oː r t a
snabb	s n a b
snabbt	s n a p t
snacka	s n a kː a
snapsvisa	² s n a p s v iː s a
snart	s n ɑː ʈ
snatterand	s n a t ɛ ɾ a n d
snickare	s n ɪ k a r ɛ
snickeri	s n ɪ k ɛ r iː
snickra	s n ɪ k r a
snida	s n iː d a
sno	s n uː
snowboots	s n o ʊ b uː t s
snowboots	s n oː b ɔ t s
snowboots	s n ɔ b ɔ t s
snowboots	s n ɔ uː b ɔ t s
snudd	s n ɵ d
snus	s n ʉ̟ː s
snusa	² s n ʉ̟ː s a
snusare	² s n ʉ̟ː s a r ɛ
snusig	² s n ʉ̟ː s ɪ ɡ
snuskhummer	² s n ɵ s k h ɵ m ɛ r
snusmumrik	² s n ʉ̟ː s m ɵ m r ɪ k
snutt	s n ɵ t
snygging	² s n ʏ ɡ ɪ ŋ
snylta	² s n ʏ l t a
snyltning	² s n ʏ l t n ɪ ŋ
snäll	s n ɛ lː
snälla	s n ɛ lː a
snäppa	s n ɛ p a
snål	s n oː l
snåljåp	² s n oː l j oː p
snålvarg	² s n oː l v a r j
snö	s n øː
snöga	² s n øː ɡ a
snön	s n œ nː
social	s o s i ɑː l
social	s o ɧ ɑː l
sockenmål	² s ɔ k ɛ n m oː l
sockenmål	² s ʊ k ɛ n m oː l
soda	² s uː d a
sofia	s ʊ ² f iː a
sol	s uː l
solk	s ɔ l k
solsken	² s uː l ɧ eː n
solvarg	² s uː l v a r j
som	s ɔ m
somaliames	s ɔ m ɑː l j a m eː s
sommar	s ɔ mː a r
sommartid	s ɔ m a r t iː d
somras	² s ɔ m r a s
son	s oː n
soppa	s ɔ p a
sorl	s oː r l
sortering	s ɔ r t eː r ɪ ŋ
sortering	s ʊ r t eː r ɪ ŋ
sosse	s ɔ s ɛ
sosse	s ʊ s ɛ
sossig	² s ɔ s ɪ ɡ
sossig	² s ʊ s ɪ ɡ
sot	s uː t
sothöna	s uː t h øː n a
sotis	¹ s uː t ɪ s
sottärna	s uː t t ɜ r n a
sov	s oː v
sova	s oː v a
sovel	s oː v ɛ l
sovjet	s ʊ v ¹ j eː t
sovjet	s ʊ v ¹ j ɛ t
sovstad	s oː v s t ɑː d
spanska	² s p a n s k a
spara	s p ɑː r a
sparvuggla	s p a r v ɵ ɡ l a
spasm	s p a s m
spegel	s p eː ɡ ɛ l
spel	s p eː l
spela	s p eː l a
spelar	s p eː l a r
spenat	s p ɛ n ɑː t
speta	² s p eː t a
spetsbergsgrissla	s p ɛ t s b ɛ r j s ɡ r ɪ s l a
spetsbergsgås	s p ɛ t s b ɛ ɾ j s ɡ oː s
spettekaka	² s p ɛ t ɛ k ɑː k a
spetälska	s p eː t æ l s k a
spik	s p iː k
spis	s p iː s
spisa	² s p iː s a
spjut	s p j ʉː t
sport	s p ɔ ʈ
sport	s p ʊ ʈ
spov	s p uː v
spovsnäppa	s p ʊː v s n ɛ p a
sprida	s p r iː d a
sprit	s p r iː t
spruta	² s p r ʉː t a
språk	s p r oː k
spurt	s p ɵ r t
spy	s p yː
spänna	s p ɛ nː a
spåga	² s p oː ɡ a
spö	s p øː
spöke	² s p øː k ɛ
spöregn	s p ø̀ː r ɛ ŋ n
stad	s t a t s
stad	s t ɑː d
stadig	s t ɑː d ɪ ɡ
stadsbo	² s t a t s b uː
stal	s t ɑː l
stamområde	² s t a m ɔ m r oː d ɛ
stat	s t ɑː t
station	s t a ɧ uː n
stationär	s t a t ɧ ʊ n æː r
statlig	s t ɑː t l ɪ ɡ
stav	s t ɑː v
stava	s t ɑː v a
stege	s t eː ɡ ɛ
stel	s t eː l
stenfalk	s t eː n f a l k
stensvala	s t eː n s v ɑː l a
stickelbär	² s t ɪ k ɛ l b ɛː r
stillhet	s t ɪ l h eː t
stjäl	ɧ ɛː l
stjäla	ɧ ɛː l a
stjälk	¹ ɧ ɛ l k
stjälpa	ɧ ɛ l p a
stjärt	ɧ ɛ r t
stjärtand	ɧ ɛ ʈ a n d
stockholm	² s t ɔ k h ɔ l m
stockholmssyndrom	² s t ɔ k h ɔ l m s s ʏ n d r oː m
stod	s t uː d
stod	s t uː ɡ
stoft	s t ɔ f t
stol	s t uː l
stomme	s t u m e
stor	s t uː r
storlabb	s t uː r l a b
storlom	s t uː r l ʊ m
storm	s t ɔ r m
stormaktstid	² s t uː r m a k t s t iː d
stormfågel	s t ɔ r m f oː ɡ ɛ l
storskrake	s t uː ɾ s k ɾ ɑː k ɛ
storspov	s t uː r s p uː v
stortrapp	s t uː ɾ t ɾ a p
stova	² s t oː v a
strandskata	s t ɾ a n d s k ɑː t a
strass	s t r a s
strontium	s t r ɔ n t s ɪ ɵ m
stryka	s t r yː k a
stråla	s t ɾ oː l a
stråle	s t r oː l ə
ström	s t r œ m
strömand	s t ɾ œ m a n d
strömming	s t r œ m ɪ ŋ
stubb	s t ɵ b
stubbstjärtseglare	s t ɵ b ɧ ɛ ʈ s eː ɡ l a ɾ ɛ
student	s t ɵ d ɛ n t
studio	s t ʉː d ɪ ʊ
studsa	s t ɵ t s a
stuga	² s t ʉ̟ː ɡ a
stulit	s t ʉː l ɪ t
stut	s t ʉː t
stuva	² s t ʉ̟ː v a
styltlöpare	s t ʏ l t l øː p a ɾ ɛ
styltsnäppa	s t ʏ l t s n ɛ p a
städerska	s t ɛː d ɛ ʂ k a
ställningstagande	² s t ɛ l n ɪ ŋ s t ɑː ɡ a n d ɛ
stämma	s t ɛ mː a
stäpp	s t ɛ p
stäppflyghöna	s t ɛ p f l yː ɡ h øː n a
stäpphök	s t ɛ p h øː k
stäppsångare	s t ɛ p s ɔ ŋ a r ɛ
stäppvarg	² s t ɛ p v a r j
stäppvipa	s t ɛ p v iː p a
stäppörn	s t ɛ p øː r n
stå	s t oː
stål	s t oː l
störa	s t œː r a
större	s t œ rː ə
störtregn	s t ɵ ʈ r ɛ ŋ n
störtregn	s t ɶ ʈ r ɛ ŋ n
störtskur	s t ɵ ʈ s k ʉː r
störtskur	s t ɶ ʈ s k ʉː r
subjekt	s ɵ b j ɛ k t
subjektiv	s ɵ b j ɛ k t iː v
substantiv	s ɵ b s t a n t iː v
succé	s ʉ k s eː
suck	s ɵ k
sumpvipa	s ɵ m p v iː p a
sund	s ɵ n d
supa	s ʉː p a
super	² s ʉː p ɛ r
supinum	s ɵ p iː n ɵ m
sur	s ʉː r
sura	s ʉː r a
surpuppa	² s ʉ̟ː r p ɵ p a
surströmming	s ʉː r s t r œ m ɪ ŋ
svan	s v ɑː n
svans	s v a n s
svans	s v ɑː n s
svansrem	s v a n s r ɛ m
svar	s v ɑː r
svara	s v ɑː r a
svart	¹ s v a r t
svartand	s v a ʈ a n d
svarthakedopping	s v a ʈ h ɑː k ɛ d ɔ p ɪ ŋ
svartis	² s v a r t iː s
svartis	¹ s v a r t ɪ s
svartkråka	s v a r t k r oː k a
svartpeppar	s v a ʈ p ɛ p a ɾ
svartsenap	s v a ʈ s eː n a p
svartsnäppa	s v a r t s n ɛ p a
svarttärna	s v a r t t ɜ r n a
svarv	s v a r v
svavel	s v ɑː v ɛ l
sveg	s v eː ɡ
sven	s v e n
sven	s v ɛ n
svensk	s v ɛ nː s k
svenska	² s v ɛ n s k a
svenskjävel	s v ɛ nː s k j ɛː v ɛ l
sverige	¹ s v æ r j ɛ
svika	s v iː k a
svit	s v iː t
svor	s v uː r
svärd	s v æː r d
svärta	s v ɛ ʈ a
svåger	s v oː ɡ ə r
svår	¹ s v oː r
svårt	s v oː ʈ
swisha	² s v ɪ ɕː a
swisha	² s w ɪ ɕː a
syd	s yː d
sydafrikansk	s ỵː d a f r i k aː n s k
sydkorea	² s yː d k ʊ r eː a
sydsamiska	s yː d s ɑː m ɪ s k a
syl	s yː l
syll	s ʏ l
sylt	s ʏ l t
sylta	s ʏ l t a
sylvass	s yː l v a s
symfoni	s ʏ m f ʊ n iː
symfoniorkester	s ʏ m f ʊ n iː ɔ r k ɛ s t ɛ r
syra	s yː r a
syrak	s yː r a k
syre	s yː r ɛ
syrra	² s ʏ r a
syssling	² s ʏ s l ɪ ŋ
syssna	² s ʏ s n a
systemet	s ʏ ² s t eː m ɛ t
syster	s ʏ sː t ɛ r
sädesfrö	² s ɛː d ɛ s f r øː
sädgås	s ɛː d ɡ oː s
säga	s ɛ jː a
sälg	s ɛ l j
sälja	s ɛː l j a
säljare	s ɛ l j a r e
säll	s ɛ l
säng	s ɛ ŋː
sängram	s ɛ ŋ r ɑː m
säpo	s ɛː p ʊ
särbo	s ɛː r b ʊ
särbo	² s ɛː r b uː
särskild	² s ɛː r ɧ ɪ l d
särskrivning	² s ɛː r s k r iː v n ɪ ŋ
sätt	s ɛ tː
sävsångare	s ɛː v s ɔ ŋ a r ɛ
så	s oː
såg	s oː ɡ
sågverk	s oː ɡ v ɛ r k
sån	s oː n
sån	s ɔ nː
sång	s ɔ ŋː
sångsvan	s ɔ ŋ s v ɑː n
sånär	s ɔ n ɛː r
sås	s oː s
söder	s øː d ə r
södermanland	s øː d ɛ r m a n l a n d
södermanland	s œ r m l a n d
sökbar	² s ø k b ɑː r
söm	s œ m
sömn	s œ m n
söndag	s œ n d a
söndag	s œ n d ɑː ɡ
söt	s øː t
sötebröd	² s øː t ɛ b r øː d
sötebrödsdagar	² s øː t ɛ b r øː d s d ɑː ɡ a r
sött	s œ t
söul	s øː ʉː l
t	t eː
ta	t ɑː
tabbe	t a b ɛ
tack	t a k
tag	t ɑː ɡ
taggstjärtseglare	t a ɡ ɧ ɛ ʈ s eː ɡ l a ɾ ɛ
taiwanmes	t a j w a n m eː s
tajgasädgås	t a j ɡ a ɡ oː s
tajgasångare	t a j ɡ a s ɔ ŋ a r ɛ
tak	t ɑː k
tala	t ɑː l a
talang	t a l a ŋ
talko	t a lː k ɔ
tall	t a l
tallbit	t a l b iː t
tallgråmes	t a l ɡ ɾ oː m eː s
talong	t a l ɔ ŋ
tambur	t a m b ʉː r
tand	t a n d
tango	t a ŋ ɡ ʊ
tankesmedja	² t a ŋ k ɛ s m eː d j a
tant	t a n t
tarzan	¹ t a ʂ a n
tasse	² t a s ɛ
tassemark	² t a s ɛ m a r k
tatarfalk	t a t ɑː r f a l k
tattare	t a tː a r e
te	t eː
telefon	t e l e f uː n
telefon	t ɛ l ɛ f oː n
telefon	t ɛ l ɛ f uː n
television	t ɛ l ɛ v ɪ ɧ uː n
teoretiker	t ɛ ʊ r eː t ɪ k ɛ r
teoretisk	t ɛ ʊ r eː t ɪ s k
teori	t ɛ ʊ r iː
tepumla	² t eː p ɵ m l a
terapeut	t æ r a p œ j t
terapeut	t æ r a p ɛː f t
terapeut	t æ r a p ɛː v t
terapeutisk	t e r a p e f t ɪ s k
terbium	t ɛ r b ɪ ɵ m
tereksnäppa	t ɛ r ɛ k s n ɛ p a
teve	t eː v eː
teve	t eː v ɛ
therese	t ɛ r eː s
tid	t iː d
tiden	t iː d ɛ n
tiden	t iː n
tidning	t iː n ɪ ŋ
tiger	¹ t iː ɡ ɛ r
till	t ɪ l
tillbaka	t ɪ l b ɑː k a
tillförordnad	² t ɪ l f œː r oː r d n a d
tillhandahålla	t ɪ l ² h a n d a h ɔ l a
tills	t ɪ l s
tills	t ɪ s
tillsammans	t ɪ l ¹ s a m a n s
tillverkare	² t ɪ l v ɛ r k a r ɛ
timmar	t ɪ mː a r
tina	² t iː n a
tio	t iː ɛ
tio	t iː ʊ
tionde	t iː ɔ n d ɛ
tisdag	t iː s d a
tisdag	t iː s d ɑː ɡ
titan	t ɪ t ɑː n
titel	t iː t ɛ l
titel	t ɪ t ɛ l
tivoli	t iː v ɔ l iː
tivoli	t iː v ʊ l iː
tivoli	t ɪ v ɔ l iː
tivoli	t ɪ v ʊ l iː
tja	t ɕ ɑː
tja	t͡ɕ ɑ
tja	ɕ a
tjabba	ɕ a b a
tjalla	² ɕ a l a
tjeck	ɕ ɛ kː
tjej	ɕ ɛ j
tjena	t͡ɕ eː n ɑ
tjena	ɕ eː n a
tjenare	t͡ɕ eː n ɑ r e
tjenare	² ɕ eː n a r ɛ
tjenixen	ɕ e n ɪ k s ɛ n
tji	ɕ iː
tjock	ɕ ɔ k
tjockfot	ɧ ɔ k f uː t
tjog	ɕ oː ɡ
tjorre	² ɕ ɔ r ɛ
tjuga	ɕ ʉː ɡ a
tjugo	t ɕ ʉː ɡ ʉ
tjugo	t ɕ ʉː ɡ ʊ
tjugo	² ɕ ʉː ɡ ɛ
tjugo	² ɕ ʉː ɡ ɪ
tjugo	² ɕ ʉː ɡ ʊ
tjugo	ɕ ɵ
tjugonde	ɕ ʉː ɡ ɔ n d ɛ
tjugotredje	ɕ ʉː ɡ ʊ t r eː d j e
tjur	ɕ ʉː r
tjuring	² ɕ ʉ̟ː r ɪ ŋ
tjusa	² ɕ ʉː s a
tjuta	² ɕ ʉː t a
tjuv	ɕ ʉː v
tjuvsena	ɕ ʉ v s eː n a
tjänare	t͡ɕ eː n ɑ r e
tjänare	² ɕ ɛː n a r ɛ
tjänare	ɛ n ² ɕ eː n a r ɛ
tjänixen	ɕ ɛ n ɪ k s ɛ n
tjära	ɕ ɛː r a
tjärn	ɕ ɛː r n
tjôta	² ɕ œː t a
tjöta	² ɕ œː t a
toalett	t uː a l ɛ t
tobisgrissla	t uː b ɪ s ɡ r ɪ s l a
toffelhjälte	² t ɔ f ɛ l j ɛ l t ɛ
tofflor	t ɔ f l ʊ ɹ
tofslunne	t ɔ f s l ɵ n ɛ
tofsvipa	t ɔ f s v iː p a
tog	t uː ɡ
tok	t uː k
tolfte	t ɔ l f t ɛ
tolv	t ɔ l v
tom	t oː m
tom	t u m
tomte	t ɔ m t e
tomten	² t ɔ m t ɛ n
tomten	¹ t ɔ m t ɛ n
ton	t uː n
ton	t ɔ n
tonartshöjning	² t uː n a r t s h œ j n ɪ ŋ
toppskarv	t ɔ p s k a r v
torg	t ɔ r j
torium	t uː r ɪ ɵ m
tornedalen	t oː r n ɛ d ɑː l ɛ n
tornedalsfinska	t oː r n ɛ d ɑː l s f ɪ n s k a
tornseglare	t uː ŋ s eː ɡ l a ɾ ɛ
torsdag	t uː r s d a
torsdag	t uː r s d ɑː ɡ
toscakaka	t ɔ s k a k ɑː k a
total	t ʊ t ɑː l
tragedi	t r a ɧ ɛ d iː
trapp	t ɾ a p
trast	¹ t r a s t
trastsångare	t r a s t s ɔ ŋ a r ɛ
tre	t r eː
tredje	t r eː d j ɛ
tremänning	² t r eː m ɛ n ɪ ŋ
tretal	t r eː t ɑː l
trettio	² t r ɛ t ɪ
trettio	² t r ɛ t ɪ ʊ
tretton	t r ɛ tː ɔ n
triljard	t r ɪ l j ɑː r d
triljon	t r ɪ l j uː n
trivas	t r iː v a s
trivsel	t r ɪ f s e lː
trivsel	t r ɪ v s e lː
tro	t r uː
troca	² t r ɔ k a
troll	t r ɔ lː
trolla	t r ɔ lː a
tromsø	t r ʊ m s œ
tron	t r uː n
tror	t r uː r
trosa	t r uː s a
truga	t r ʉː ɡ a
trumpet	t r ɵ m p eː t
träd	t r ɛː d
trädgård	t r ɛː ɡ oː r d
trädgård	t r ɛː ɡ ɔ r d
trädmås	t r ɛ d m oː s
trädpiplärka	t r ɛ d p iː p l ɛ r k a
träldom	t r ɛː l d ʊ m
träna	t r ɛː n a
träna	² t r ɛː n a
tränga	t r ɛ ŋː a
tråd	t r oː d
tråg	t r oː ɡ
tröska	ɕ ɛ r t ɜ r n a
tsunami	t s ɵ n ɑː m ɪ
tsunami	t s ʉː n ɑː m ɪ
tuff	t ɵ f
tukan	t ɵ k ɑː n
tundrasnäppa	t ɵ n d r aː s n ɛ p a
tundravarg	² t ɵ n d r a v a r j
tung	t ɵ ŋ
tunga	t ɵ ŋ a
tungel	t ɵ ŋ ɛ l
turban	t ɵ r b ɑː n
turkestantörnskata	t ɵ r k ɛ s t ɑː n t øː r n s k ɑː t a
tusen	t ʉː s ɛ n
tuvsnäppa	t ʉː v s n ɛ p a
tv	t eː v eː
tv	t eː v ɛ
tvedräkt	² t v eː d r ɛ k t
tveeggad	² t v eː ɛ ɡ a d
tvegifte	² t v eː j ɪ f t ɛ
tvehågsen	² t v eː h oː ɡ s ɛ n
tvehövdad	² t v eː h œ v d a d
tvesovla	² t v eː s oː v l a
tvestjärt	² t v eː ɧ ɛ r t
tvivla	t v iː v l a
tvärtom	t v ɛː ʈ ɔ m
tvättbjörn	t v ɛ t b j øː ɳ
tvätterska	t v ɛ t ɛ ʂ k a
tvättmedel	t v ɛ t m eː d ɛ l
två	t v oː
tvång	t v ɔ ŋ
tvångssvenska	t v ɔ ŋ s s v e n s k ɑ
tvångssvenska	² t v ɔ ŋ s s v ɛ n s k a
ty	t yː
tyg	t yː ɡ
tygelmes	t yː ɡ ɛ l m eː s
tygeltärna	t yː ɡ ɛ l t ɜ r n a
tykobrahedag	t ʏ k ʊ b r ɑː ɛ d ɑː ɡ
tyngst	t ʏ ŋ s t
tyska	² t ʏ s k a
tyskland	t ʏ s k l a n d
tyst	t ʏ sː t
tzatziki	t s a t s iː k ɪ
täcke	² t ɛ kː ɛ
täckt	t ɛ k t
täkt	t ɛ k t
tända	² t ɛ n d a
tänkte	t ɛ ŋ k t ɛ
tärnmås	t ɛː r n m oː s
tåg	t oː ɡ
töras	t øː r a s
törnskata	t øː r n s k ɑː t a
u	ɵ
u	ʉː
uefa	ɵ ² eː f a
uer	ʉː ɛ r
ugn	ɵ ŋ n
ukulele	ɵ k ɵ l eː l ɛ
ull	ɵ lː
ulla	² ɵ l a
ulrika	ɵ l ² r iː k a
ulv	ɵ l v
ung	ɵ ŋ
ungefär	ɵ n j e f æː r
ungefär	ɵ n j e f ɛː r
ungefär	ɵ ŋ e f ɛː r
ungefär	ɵ ŋ j ɛ f æː r
ungefär	ɵ ŋ ɛ f æː r
universitet	ɵ n ɪ v ɛ ʂ ɪ t eː t
upp	ɵ p
upprätt	² ɵ p r ɛ t
upprätthålla	² ɵ p r ɛ t h ɔ l a
uppsala	ɵ p s ɑː l a
uppsaliensisk	ɵ p s a l ɪ ɛ n s ɪ s k
uppstyrdhet	² ɵ p s t yː r d h eː t
uppträda	ɵ pː t r ɛː d a
uppträdande	ɵ p t r ɛː d a n d e
uppvisning	² ɵ p v iː s n ɪ ŋ
uppå	² ɵ p oː
uppå	¹ ɵ p oː
ur	ʉː r
uran	ɵ r ɑː n
uranus	ɵ r ɑː n ɵ s
urgammal	ɵ rː ɡ a mː a l
ursäkta	ʉː r s ɛ k t a
ursäkta	ʉ̟ː ʂ ɛ k t a
usa	ʉː ɛ s ɑː
usch	ɵ ɧ
usel	ʉː s ɛ l
ut	ʉː t
utan	ʉː t a n
utanför	² ʉː t a n f œː r
utbrott	ʉː t b r ɔ t
utgång	ʉː t ɡ ɔ ŋ
utom	² ʉ̟ː t ɔ m
utslag	ʉː t s l ɑː ɡ
uttryck	ʉː t t r ʏ kː
uv	ʉː v
uzbek	ɵ s b eː k
va	v a
va	v ɑː
vabba	² v a b a
vaccin	v a k s iː n
vacker	v a k ɛ r
vad	v ɑː d
vadstena	v a sː t eː n a
vagnmakare	v a ŋ n m ɑː k a r ɛ
vaj	v a j
vaja	² v a j a
vajsing	² v a j s ɪ ŋ
vakna	v ɑː k n a
vakta	² v a k t a
val	v ɑː l
valack	v a l a k
valacka	v a l a k a
valfläsk	v ɑː l f l ɛ s k
valk	v a l k
valka	² v a l k a
valkning	² v a l k n ɪ ŋ
valsverk	v a l s v ɛ r k
vampyr	v a m p yː r
vandrare	v a n d r a r ɛ
vandringsord	v a n d r ɪ ŋ s uː r d
vann	v a n
vapen	¹ v ɑː p ɛ n
var	v ɑː ɾ
vara	v ɑː
vara	v ɑː r a
vara	ʋ ɑː r a
varandra	v a r a n d r a
varann	v a r a n
varest	v ɑː r ɛ s t
varfågel	v ɑː r f oː ɡ ɛ l
varför	¹ v a r f œ r
varför	¹ v ɑː r f œ r
varg	v a r j
vargatid	² v a r j a t iː d
vargavinter	² v a r j a v ɪ n t ɛ r
vargaväder	² v a r j a v ɛː d ɛ r
vargbiten	² v a r j b iː t ɛ n
vargflock	² v a r j f l ɔ k
varggrin	² v a r j ɡ r iː n
varggrop	² v a r j ɡ r uː p
varghagel	² v a r j h ɑː ɡ ɛ l
varghund	² v a r j h ɵ n d
varginna	² v a r j ɪ n a
vargjakt	² v a r j j a k t
vargpar	² v a r j p ɑː r
vargpäls	² v a r j p ɛ l s
vargrevir	² v a r j r ɛ v iː r
vargskinn	² v a r j ɧ ɪ n
vargspår	² v a r j s p oː r
vargstam	² v a r j s t a m
vargtimma	² v a r j t ɪ m a
vargtimme	² v a r j t ɪ m e
vargtjut	² v a r j ɕ ʉː t
vargton	² v a r j t uː n
vargunge	² v a r j ɵ ŋ ɛ
vargvalp	² v a r j v a l p
varit	v a ʈ
varit	v ɑː r ɪ t
varit	v ɑː ʈ
varken	v a r k ɛ n
varm	v a r m
varmt	v a r m t
vars	v a r s
vars	v ɑː r s
varsågod	v ɑː r s ɔ ɡ uː d
vart	v a r t
vart	v ɑː r t
varv	v a r v
vas	v ɑː s
vasa	v a s ɑː
vass	v a s
vatten	v a tː ɛ n
vattenrall	v a t ɛ n ɾ a l
vattensångare	v a t ɛ n s ɔ ŋ a r ɛ
vattentorn	v a t ɛ n t ɵː ɳ
vattnen	v a tː n ɛ n
vattnet	v a tː n ɛ t
ve	v eː
vecka	² v ɛ k a
vek	v eː k
velociped	v ɛ l ɔ s ɪ p eː d
velociped	v ɛ l ʊ s ɪ p eː d
venus	v eː n ɵ s
verk	v æ r k
verka	v ɛ r k a
verklighetsflykt	² v ɛ r k l ɪ ɡ h eː t s f l ʏ k t
verkstad	v e r k s t a
vessla	v ɛ s l a
veta	v eː t a
vete	v ɛ t ɛ
vete	² v eː t ɛ
veteran	v ɛ t ɛ r ɑː n
vetja	v ɛ t j a
vi	v iː
vid	v iː d
vidareutbilda	v iː d a r ɛ ʉː t b ɪ l d a
vidareutbildning	v iː d a r ɛ ʉː t b ɪ l d n ɪ ŋ
videsångare	v iː d ɛ s ɔ ŋ a r ɛ
vidskepelse	v iː d ɧ eː p ɛ l s ɛ
vidskeplig	v iː d ɧ eː p l ɪ ɡ
vigsel	¹ v ɪ k s e l
vilja	² v ɪ lː j a
vill	v ɪ l
ville	v ɪ lː ɛ
vin	v iː n
vind	v ɪ n d
viner	² v iː n ɛ r
viner	¹ v iː n ɛ r
vinge	v ɪ ŋ ɛ
vinter	v ɪ n t ɛ r
vintertid	v ɪ n t ɛ r t iː d
vintras	² v ɪ n t r a s
viol	v ɪ uː l
viola	v ɪ ² uː l a
violinist	v ɪ ʊ l ɪ n ɪ s t
vipa	v iː p a
virre	² v ɪ r ɛ
vischan	² v ɪ ɧ a n
vision	v ɪ ɧ uː n
vismut	v ɪ s m ɵ t
vit	v iː t
vitgumpseglare	v iː t ɡ ɵ m p s eː ɡ l a ɾ ɛ
vitgumpsnäppa	v iː t ɡ ɵ m p s n ɛ p a
vitrysk	² v iː t r ʏ s k
vitryska	² v iː t r ʏ s k a
vitsenap	v iː t s eː n a p
vittrut	v iː t t r ʉː t
volfram	v ɔ l f r a m
volvo	v ɔ l v ʊ
vore	v uː r ɛ
voss	v ɔ s
vredesdom	² v r eː d ɛ s d ʊ m
vresig	v r eː s ɪ ɡ
vuxen	v ɵ k s ɛ n
vy	v yː
väcka	² v ɛ k a
väderprognos	v ɛː d ɛ r p r ɔ ɡ n oː s
väg	v ɛː ɡ
vägg	v ɛ ɡ
vägra	² v ɛː ɡ r a
väl	v ɛ lː
väl	v ɛː l
välbehag	² v ɛː l b ɛ h ɑː ɡ
välja	v ɛ lː j a
välkommen	v e l k ɔ mː ɛ n
vän	v ɛ n
vän	v ɛː n
vänlig	² v ɛ n l ɪ ɡ
vänlig	² v ɛː n l ɪ ɡ
vänta	v ɛ nː t a
väntan	² v ɛ n t a n
värd	v ɛː ɖ
värde	² v ɛ r d ɛ
värdeavi	v ɛ r d ɛ a v iː
värden	v æː ɖ ɛ n
värdighet	v ɛː r d ɪ ɡ h eː t
värld	v ɛː r d
världen	v æː ɖ ɛ n
världens	v æː ɖ ɛ n s
värmlandskorv	² v ɛ r m l a n d s k ɔ r v
väster	v ɛ sː t ə r
västgöte	v ɛ s t j øː t ɛ
västgöte	v ɛ ɧ œ t ɛ
västgötska	v ɛ s t j øː t s k a
västgötska	v ɛ ɧ œ t s k a
väte	v ɛː t ɛ
väteperoxid	v ɛː t ɛ p ɛ r ɔ k s iː d
växellåda	v ɛ k s ɛ l l oː d a
växjö	v ɛ kː ɧ øː
växthus	v ɛ k s t h ʉː s
våg	v oː ɡ
vågform	v oː ɡ f ɔ ɾ m
vålnad	v oː l n a d
vång	v ɔ ŋ
vår	v oː r
våradonis	v oː r a d uː n ɪ s
våras	² v oː r a s
vård	v oː ɖ
vårdslös	² v oː r d s l øː s
vårting	² v oː r t ɪ ŋ
vårting	² v oː r ʈ ɪ ŋ
vårtsvin	v oː ʈ s v iː n
våt	v oː t
w	d ɵ b ɛ l v eː
w	v
w	w
weekend	v iː k ɛ n d
weekend	w iː k ɛ n d
wiccan	v ɪ kː a n
wiccan	w ɪ kː a n
wien	v iː n
wiki	v iː k ɪ
wiki	v ɪ k ɪ
wiki	w iː k ɪ
wiki	w ɪ k ɪ
wilsonsimsnäppa	w ɪ l s ɔ n s ɪ m s n ɛ p a
xantippa	k s a n ² t ɪ p a
yngla	² ʏ ŋ l a
yr	yː r
ystad	yː s t a
ystad	ʏ s t a d
yttrium	ʏ t r ɪ ɵ m
yvas	² yː v a s
z	s
z	s ɛː t a
ziggis	s ɪ ɡ ɪ s
zink	s ɪ n k
zombie	s ɔ m b ɪ
zon	s uː n
à	aː
ä	ɛ
ä	ɛː
äckelgubbe	ɛ k ɛ l ɡ ɵ b ɛ
äcklig	² ɛ k l ɪ ɡ
äga	² ɛː ɡ a
ägg	ɛ ɡː
äggakaka	² ɛ ɡ a k ɑː k a
äggtoddy	ɛ ɡ t ɔ d ʏ
äggula	ɛ ɡ ʉː l a
ägretthäger	ɛ ɡ r ɛ t h ɛ ɡ ɛ r
äldre	ɛ l d r ɛ
äldst	ɛ l s t
älg	ɛ l j
älgar	ɛ l jː a r
älling	² ɛ l ɪ ŋ
älska	ɛ l s k a
älta	ɛ l t a
älv	ɛ l v
älva	ɛ l v a
än	ɛ nː
ända	ɛ n d a
ändelse	ɛ n d ɛ l s ɛ
ändå	² ɛ n d oː
ändå	² ɛ n d ɔ
ändå	ɛ n d oː
äng	ɛ ŋː
ängshök	ɛ ŋ s h øː k
ängspiplärka	ɛ ŋ s p iː p l ɛ r k a
änkestöt	ɛ ŋ k e s t øː t
ännu	² ɛ n ɵ
ännu	ɛ n ʉː
äntligen	ɛ n t l ɪ ɡ ɛ n
äntligen	ɛ ŋ k l ɪ ɡ ɛ n
äppeljuice	æ p ɛ l j uː s
äpple	ɛ p l ɛ
äpplen	ɛ p l ɛ n
är	eː r
är	æː r
är	ɛː r
ära	² æː r a
ärla	ɜ r l a
ärlig	æː ɭ ɪ ɡ
ärt	æ ʈ
ät	ɛː t
äta	ɛː t a
äter	eː t ɛ rː
å	oː
å	ɔ
åboensisk	oː b ʊ ɛ n s ɪ s k
åda	² oː d a
åke	oː k ɛ
ål	oː l
åland	oː l a n d
åland	oː l ɑ n d
ångmaskin	ɔ ŋː m a ɧ iː n
ångström	² ɔ ŋ s t r ø m
ångström	² ɔ ŋ s t r œ m
ånyo	ɔ ² n yː ʊ
år	oː r
åren	oː r ɛ n
årlig	² oː ɭ ɪ ɡ
årta	oː ɾ t a
åsikt	oː s ɪ k t
åskblå	² ɔ s k b l oː
åstadkomma	² oː s t a k ɔ m a
åt	oː t
åtta	ɔ tː a
åttio	² ɔ t ɪ
åttio	² ɔ t ɪ ʊ
åttonde	ɔ t ɔ n d ɛ
é	eː
ö	øː
ö	œ
ödmjukhet	øː d m j ʉ̟ː k h eː t
öga	øː ɡ a
ökenlöpare	œ k ɛ n l øː p a r ɛ
ökenpipare	øː k ɛ n p iː p a ɾ ɛ
öknamn	œ kː n a m n
öl	øː l
öm	œ m
öppen	² œ p ɛ n
öppenhjärtig	² œ p ɛ n j ɛ r t ɪ ɡ
öppenhjärtlig	² œ p ɛ n j ɛ r t l ɪ ɡ
öra	øː r a
örhänge	øː r h ɛ ŋ ɛ
örn	œ r n
örnvråk	øː r n v r oː k
öronsäl	øː r ɔ n s ɛː l
ös	øː s
ösregn	ø̀ː s r ɛ ŋ n
öster	œ sː t ə r
östersjön	² ø sː t ɛ r ɧ ø n
östersund	œ s t ɛ r s ɵ n d
östgöte	œ s t j øː t ɛ
östgöte	œ ɧ œ t ɛ
östgötska	œ s t j øː t s k a
östgötska	œ ɧ œ t s k a
över	øː v æ r
överflöd	øː v ɛ r f l øː d
ā	ɛ
ā	ɛː
ō	øː
ō	œ
